,id,stateId,countyId,cityId,country,datePostedString,is_bankOwned,is_forAuction,event,time,price,pricePerSquareFoot,city,state,yearBuilt,streetAddress,zipcode,longitude,latitude,hasBadGeocode,description,currency,livingArea,livingAreaValue,lotAreaUnits,bathrooms,bedrooms,buildingArea,parking,garageSpaces,hasGarage,levels,pool,spa,isNewConstruction,hasPetsAllowed,homeType,county
0,95717-2087851113,9,77,24895,USA,2021-01-13,0,0,Listed for sale,1610496000000.0,145000.0,0.0,Gold Run,CA,0,0 Moody Ridge Rd,95717.0,-120.83447265625,39.16786575317383,0,Amazing opportunity to build your dream home On almost 10 acres. Grading has been completed for your buildWell is in place private drivewayEasy access to I-80 Enjoy the views.,USD,0.0,0.0,Acres,0.0,0.0,0.0,0,0.0,0,0,0,0,0,0,LOT,Placer County
1,94564-18496265,9,189,36958,USA,2021-07-12,0,0,Listed for sale,1626048000000.0,675000.0,404.0,Pinole,CA,1958,1476 Belden Ct,94564.0,-122.30061340332031,38.00121307373047,0,"""Great house in a wonderful neighborhood! Walking into this house you will feel the comfort and open concept that makes it both a great home to entertain in as well as relax and enjoy family. The home is clean and ready for your creative choices to make it your own. With an enclosed patio which serves as a beautiful rumpus/entertainment room you can play or enjoy your favorite hobbies. 3 nice size bedrooms and 2 baths located at the back of the house give you good separation. The backyard is just the right size to have fun entertain or just sit and enjoy a beautiful day in Pinole. You certainly wont get tired of the fantastic view of San Pablo Bay from the privacy of your backyard. All of this is just minutes from the freeway and shopping. It is a fantastic spot to call home!""",USD,1671.0,1671.0,sqft,2.0,3.0,1671.0,1,2.0,1,One Story,0,0,0,0,SINGLE_FAMILY,Contra Costa County
2,94564-18484475,9,190,36958,USA,2021-07-08,0,0,Listed for sale,1625702400000.0,649000.0,459.0,Pinole,CA,1959,3540 Savage Ave,94564.0,-122.2713623046875,37.98204040527344,0,"""Light-filled mid-century 3 BR 2 BA home in the heart of Pinole Valley. Beautiful refinished hardwood floors thruout (except kitchen & family rm). Popcorn ceiling removed new interior paint thruout. Cedar floors in all closets. Eat-in kitchen. Family has owned since 1963. Family rm added around mid-1960s features a wall of hand-hewn paving stones from the streets of SF dating back to 1800’s. Each stone lovingly hand selected by owner was installed by a master stone mason. Wood-burning fireplace in living rm. & wood-burning stove in family rm. Situated on over 1/4 acre of land the back yard is serene w/mature trees & a large section of land in the back for garden or build a studio. Plenty of room for play entertaining & garden oasis. A sense of wooded privacy in the midst of the city. Generous size 2-car garage w/built-in shelves & new overhead door. New water heater. Convenient location close to parks schools Trader Joe’s Sprouts dining Kaiser Med Ctr & EZ fwy access.""",USD,1414.0,1414.0,Acres,2.0,3.0,1414.0,1,2.0,1,One Story,0,0,0,0,SINGLE_FAMILY,Contra Costa County
3,94564-18494835,9,191,36958,USA,2021-07-07,0,0,Listed for sale,1625616000000.0,599000.0,448.0,Pinole,CA,1908,2391 Plum St,94564.0,-122.28923034667969,38.00439453125,0,The cutest house in the historic district of Pinole is finally for sale! This exquisite gem from 1908 has been lovingly cared for and awaits its new owner(s). Gleaming hardwood floors high ceilings an abundance of natural light crown molding and beautiful chandeliers accent a spacious formal living room dining room and two bedrooms upstairs. The lower level with its separate entrance and kitchen can be used as an in-law unit rental or bonus/flex space (home office gym arts and crafts etc ...). The backyard is an oasis of peace and tranquility perfect for entertaining gardening or relaxing in the newly created sitting area or enclosed hot tub. Ideally located just two minutes to the freeway for an easy commute the San Francisco Bay Trail for hiking and biking and one block to locally owned coffee shops and restaurants. This is truly a must see!!,USD,1336.0,1336.0,sqft,2.0,3.0,1336.0,1,1.0,1,Two Story,0,1,0,0,SINGLE_FAMILY,Contra Costa County
4,94564-2069722747,9,192,36958,USA,2021-07-07,0,0,Listed for sale,1625616000000.0,299000.0,0.0,Pinole,CA,0,2693 Appian Way,94564.0,-122.2984390258789,37.98630905151367,0,MIXED USE ZOING BUYER TO VERIFY WITH CITY OF PINOLE. GREAT LOCATION TO BUILD A COMMERCIAL IN THE FRONT AND RESIDENTIAL IN THE BACK. EASY FREEWAY ACCESS.,USD,0.0,0.0,Acres,0.0,0.0,0.0,0,0.0,0,0,0,0,0,0,LOT,Contra Costa County
5,94564-18484390,9,193,36958,USA,2021-07-06,0,0,Listed for sale,1625529600000.0,575000.0,407.0,Pinole,CA,1958,2611 Doidge Ave,94564.0,-122.25725555419922,37.98237609863281,0,Great opportunity! All original single story home built in 1958. This home has three bedrooms one and half bathrooms galley style kitchen dining area a cozy family room and a large additional family/bonus room for extra space! It is situated on a nice sized lot with an attached two car garage back patio and large flat backyard. This is a must see with an ideal layout and endless updating potential.,USD,1413.0,1413.0,sqft,2.0,3.0,1413.0,1,2.0,1,One Story,0,0,0,0,SINGLE_FAMILY,Contra Costa County
6,94564-50919342,9,194,36958,USA,2021-07-05,0,0,Listed for sale,1625443200000.0,888000.0,390.0,Pinole,CA,2000,645 Carlotta Cir,94564.0,-122.3093032836914,38.00816345214844,0,Beautiful spacious move-in ready 5 bedroom 2.5 bath home near the Pinole shoreline. Entertain your guests in the open-kitchen living area with large island. Enjoy evenings outside in well-kept backyard. Over 2200 square feet enough for large families with convenient upstairs laundry. Exquisite hardwood floors and plush carpeting featured throughout this gem. Reap the benefit of a private gate to the magnificent walking trail along the San Pablo Bay Trail.,USD,2278.0,2278.0,sqft,3.0,5.0,2278.0,1,2.0,1,Two Story,0,0,0,0,SINGLE_FAMILY,Contra Costa County
7,94564-18496644,9,195,36958,USA,2021-07-05,0,0,Listed for sale,1625443200000.0,315000.0,381.0,Pinole,CA,1988,418 Blackberry Ln,94564.0,-122.31275939941406,38.00745010375977,0,Fantastic Pinole Shores 1 bedroom 1 bathroom end unit. This desirable condo has soaring vaulted ceilings and features in unit laundry a wood burning fireplace and beautiful laminate flooring throughout the living/dining and bedroom. Open both sliding glass doors and enjoy that incredible bay breeze. Large rear patio overlooks the community tennis court clubhouse beautiful landscape and trees. Attached 1 car garage with driveway parking plus 1 additional reserved parking space.  Excellent location! Short walk to the San Francisco Bay trail and minutes from historic downtown Pinole shopping restaurants commute access and more. Perfect starter home or investment property with low HOA fee.,USD,826.0,826.0,sqft,1.0,1.0,826.0,1,1.0,1,One Story,0,0,0,0,CONDO,Contra Costa County
8,94564-18498960,9,196,36958,USA,2021-06-08,0,0,Listed for sale,1623110400000.0,399000.0,401.0,Pinole,CA,1991,304 Dursey Dr,94564.0,-122.3160171508789,38.000709533691406,0,Welcome home to a truly beautiful and tranquil setting. Willowbrook Community offers you the feeling of serene county living yet so close to everything. A commuters dream. This Bright and Sunny 2 Bedroom 2 Bath condo shows like a model home. Upgrades include Nest thermostat New quartz countertops Bosch 800 series dishwasher Kitchen Aid french door counter depth refrigerator large capacity washer/dryer Benjamin Moore paint vaulted ceilings laminate floors and a wood burning fireplace. Primary bedroom suite ~ with large bay windows overlook lush trees. Glass door from primary bedroom leads to private balcony for sipping morning coffee. Great lay out with the guest bedroom and bath away from master Suite. Detached 1 Car garage with automatic door opener plus permit parking. Willowbrook Community boasts a large pool spa clubhouse fitness community room with kitchen and fireplace. Close to highways shopping centers bart and restaurants. Dont miss out. This could be yours.,USD,996.0,996.0,sqft,2.0,2.0,996.0,1,1.0,1,One Story,0,1,0,0,CONDO,Contra Costa County
9,94564-18485494,9,197,36958,USA,2021-06-02,0,0,Listed for sale,1622592000000.0,998000.0,394.0,Pinole,CA,1972,3258 Colusa St,94564.0,-122.27799987792969,37.9872932434082,0,Views and a serene setting. Tastefully remodeled 5 bedrooms plus a bonus room on a beautiful street in the Pinole Hills. Best floor plan with a large great room and vaulted ceiling. Remodeled kitchen with granite counters and stainless appliances plus a dining room looking out over the manicured fenced yard. 2 master suites! One on the first floor with a slider to the rear yard as well as one upstairs with a walk in closet fireplace and fantastic large bathroom. Panoramic views from the yard and upstairs balcony. So many upgrades including fresh exterior paint dual windows recessed lighting multiple skylights mirrored closet doors wood and luxury vinyl floors. Nice sized view lot for family gatherings and entertaining. Such a rare and wonderful opportunity!,USD,2535.0,2535.0,sqft,3.0,5.0,2535.0,1,2.0,1,Two Story,0,0,0,1,SINGLE_FAMILY,Contra Costa County
10,94564-18484705,9,198,36958,USA,2021-06-01,0,0,Price change,1625443200000.0,880000.0,633.0,Pinole,CA,1966,2820 Doidge Ave,94564.0,-122.25067901611328,37.98483657836914,0,Welcoming bright spacious living house smart floor plan large serene manicured yard extra flexible space and updated throughout. Remodeled 3 Bed 2 bath single story home. Upgrades include New Kitchen counter tops w/quartz countertops and glass tile backsplash stove with breakfast bar new home lighting w/control system Remodeled two bathrooms all new doors nest thermostat roof only two years old new front and back yard remodel with nice lighting. This astrictive ranch style sits in a 16K+sqft Lot . with outdoor amenities enclose patio and possible RV space. enjoy the nature with the hillside view larch backyard and desirable neighborhood with the scenic parks and playgrounds including in Pinole Valley. Located just minutes from grocery shopping and restaurants with easy access to the freeway. Public transportation and more. Sellers will keep refrigerator in kitchen area.,USD,1390.0,1390.0,Acres,2.0,3.0,1390.0,1,2.0,1,One Story,0,0,0,0,SINGLE_FAMILY,Contra Costa County
11,94564-95438409,9,199,36958,USA,2021-05-31,0,0,Price change,1624579200000.0,895000.0,477.0,Pinole,CA,2021,1431 Nob Hill Ave,94564.0,-122.3011245727539,38.00226974487305,0,Price reduced for Quick Sale. Custom home 4 bed 3 bath just completed construction in 2021 with new standards and owners choice and taste. Come see yourself and appreciate You will fall in love with this house front has a small veranda and rear has a good size covered Patio behind the Family room.,USD,1875.0,1875.0,sqft,3.0,4.0,1875.0,1,2.0,1,One,0,0,0,0,SINGLE_FAMILY,Contra Costa County
12,94564-18494516,9,200,36958,USA,2021-05-25,0,0,Listed for sale,1624665600000.0,679950.0,651.0,Pinole,CA,1954,291 Calais Dr,94564.0,-122.29208374023438,38.01000595092773,0,"""Gorgeous Ranchette in Old Town Pinole. Cute as heck! Excellent Old Town location walk to Bay Old Town for restaurants and shopping Fernandez Park backs to San Pablo Bay Trail jump on your bike from your backyard and ride the trail past Pinole Creek to Bay and downtown Hercules. The home is super sharp neutral decor throughout features wood laminate floors throughout. Updated kitchen with granite counters and stainless appliances and fixtures. This home has a beautiful fireplace with newly installed slate rock facing a master bedroom suite garage with extra storage covered patio ideal for outdoor gatherings or summer evening dinners. There are dual pane windows and plantation shutters. The large lot affords off street parking the beautiful yards are meticulously maintained its like a nice park in the backyard. The hot tub and storage units are an added bonus New Roof installed 2 years ago. This is truly a very special home.""",USD,1045.0,1045.0,sqft,2.0,3.0,1045.0,1,1.0,1,One Story,0,0,0,0,SINGLE_FAMILY,Contra Costa County
13,94564-82799933,9,201,36958,USA,2021-05-13,0,0,Listed for sale,1620864000000.0,695000.0,0.0,Pinole,CA,0,2500 Galbreth Rd,94564.0,-122.2800064086914,37.98326873779297,0,"""Build your dream house or two dream houses. Great lot at an affordable price. This spacious lot affords all the beauty that first attracted you to the Bay Area. Take a look at our quality drawings. Here it is...just what youve been looking for.""",USD,0.0,0.0,Acres,0.0,0.0,0.0,0,0.0,0,0,0,0,0,0,LOT,Contra Costa County
14,94564-2082711365,9,202,36958,USA,2021-04-21,0,0,Listed for sale,1618963200000.0,2260000.0,0.0,Pinole,CA,0,0 Pinon Ave,94564.0,-122.2990493774414,38.00480270385742,0,Rare and wonderful opportunity for a creative developer/builder to leverage the lot and turn into a luxury new home community. Your imagination is the only limit. Located in Pinole residential neighborhood a stone throw away from the San Pablo Bay. The 5.85 acre lot has great potential for subdivision into multiple lots. Up slope with leveled top may catch great view of the San Francisco Bay.  Near Pinole Point and San Francisco Bay Trail a walking and cycling path. Utilities near by. Buyer to verify the lot size check with City of Pinole on subdivision and investigate utilities.,USD,0.0,0.0,Acres,0.0,0.0,0.0,0,0.0,0,0,0,0,0,0,LOT,Contra Costa County
15,94564-2071919419,9,203,36958,USA,2021-04-09,0,0,Listed for sale,1617926400000.0,740000.0,0.0,Pinole,CA,0,0 Hazel St,94564.0,-122.30140686035156,38.00929260253906,0,Seller willing to carry portion of price for buyer up to 2 years. This is 4 lots with approx 6000sq ft each lot buyer to confirm sq ft. Has to be purchased with all 4 lots no sub-dividing. Owner has worked with city of Pinole and has Plan Development architectural and engineer drawings. Go directly to see property. I have Building and Engineer Plans drawing of 4 individual houses to be developed on property. 415-430-7835 BrockFordRealtor@Gmail.com,USD,0.0,0.0,Acres,0.0,0.0,0.0,0,0.0,0,0,0,0,0,0,LOT,Contra Costa County
16,94564-2076565393,9,204,36958,USA,2020-12-05,0,0,Listed for sale,1610496000000.0,1200000.0,0.0,Pinole,CA,0,2995 Pinole Valley Rd,94564.0,-122.28488159179688,37.99112319946289,0,Zoned commercial mixed use. City planning department has stated that they will allow a structure possibly up to three or four floors with retail on the bottom and office/apartments on the top levels. This is the only undeveloped parcel in this area of Pinole Valley Blvd. There is a newly remodeled high school across the street. Buyer should contact the city planning department to verify use height and set back allowances.,USD,0.0,0.0,Acres,0.0,0.0,0.0,0,0.0,0,0,0,0,0,0,LOT,Contra Costa County
17,91605-2069586184,9,555,12447,USA,2021-07-13,0,0,Listed for sale,1626134400000.0,274950.0,367.0,North Hollywood,CA,1962,7137 Coldwater Canyon Ave #6,91605.0,-118.4139633178711,34.20028686523437,0,Updated 2Bd+1Ba unit located on a Lower Level in a quiet gated co-op community in North Hollywood. Centrally located within a walking distance to shopping transportation and schools. Very low HOA which includes property tax hot/cold water gardening plus some basic maintenance. Community includes a pool gym laundry area recreation/party room assigned parking and gated access. Must be owner occupied. Buyer to submit background and credit check to the office for the Board review and approval.,USD,750.0,750.0,sqft,1.0,2.0,0.0,1,1.0,1,One,0,0,0,0,CONDO,Los Angeles County
18,91605-20000583,9,556,12447,USA,2021-07-13,0,0,Listed for sale,1626134400000.0,645000.0,548.0,North Hollywood,CA,1976,7823 Lemp Ave,91605.0,-118.38482666015624,34.21280288696289,0,Updated kitchen with self closing cabinets and doors quartz countertops built in microwave. Direct access from garage. Garage has laundry area updated door and auto opener. Remodeled bath. All three bedrooms have ceiling fans as well as living room which also has recessed lighting.  A/C installed and kitchen replaced in 2015 laminate flooring updated vinyl windows . Fenced grassy back yard with auto sprinkler system. newer water heater. SunSetter awning on back patio. Master bedroom has two closets one is walk in. Tile entry. Storage closets in hallway.  No termite no repairs as is sale.,USD,1177.0,1177.0,sqft,1.0,3.0,0.0,1,2.0,1,One,0,0,0,0,SINGLE_FAMILY,Los Angeles County
19,91605-19998959,9,557,12447,USA,2021-07-13,0,0,Listed for sale,1626048000000.0,1200000.0,516.0,North Hollywood,CA,1952,12421 Stagg St,91605.0,-118.40371704101562,34.212371826171875,0,"""Amazing location curb appeal and so much character! This is a North Hollywood property that has a front home with 3 bedrooms and 1 bathroom plus a newly constructed back ADU with 2 bedrooms and 2 bathrooms. Both features laminate flooring baseboard moldings recessed lighting central AC plenty of storage space and more. Both kitchens are equipped with sleek quartz countertops a decorative tiled backsplash and self-shutting cabinets. Bedrooms are all bright and spacious offering ample closet space. The backyard of the home is private and spacious. The yard features a lush green lawn and a open patio space where you can add outdoor seating. The detached 2-car garage has easy access to the ADU unit. Located near the 170-Freeways Strathern Park Salsa & Beer Ralphs popular dining options and more. The property is also less than 5 miles from the NoHo Arts District where you have access to nightlife restaurants and shopping.""",USD,2325.0,2325.0,sqft,4.0,5.0,0.0,1,2.0,1,One,0,0,0,0,SINGLE_FAMILY,Los Angeles County
20,91605-20000255,9,558,12447,USA,2021-07-12,0,0,None,,0.0,0.0,North Hollywood,CA,1949,7815 Simpson Ave,91605.0,-118.38919067382812,34.212512969970696,0,"""First time on the market for sale in over 40 years. Single-story home located behind gate. Long driveway for multiple car parking & possible RV access. 2-car garage could be potential\xa0for ADU or guest unit. Formal living room dining separate spacious family room kitchen w/ pantry closet stackable laundry full bath w/ shower inside tub in the hall 2 bedrooms & larger main 3rd bedroom suite w/ walk-in closet & en suite bath w/ shower. Copper plumbing smooth ceilings crown molding & upgraded flooring. Wall a/c units & heaters.\xa0Manicured gardens in generous front & back areas. Backyard covered patio convenient 1/4 bath 2 storage sheds & lemon tree. Close proximity to freeways and a short drive to Burbank Studios. Dont miss out on the opportunity of this charming\xa0home! Buyer to do their own due diligence regarding square footage & permits.""",USD,1520.0,1520.0,sqft,3.0,3.0,0.0,1,2.0,1,One,0,0,0,0,SINGLE_FAMILY,Los Angeles County
21,91605-19997810,9,559,12447,USA,2021-07-09,0,0,Listed for sale,1625788800000.0,650000.0,453.0,North Hollywood,CA,1951,7706 Wilkinson Ave,91605.0,-118.40397644042969,34.21053695678711,0,The house is larger than the picture depicts. Well-maintained home looking for the inspiration of new owners. Long-term tenants will relocate amicably before closing. The home does need a makeover and the seller is looking for the smoothest possible transaction and will not be doing any repairs or updates. Only the strongest and cleanest offers will be of interest to the seller. All offers are drive by first and showings are available with accepted offer.,USD,1435.0,1435.0,sqft,2.0,3.0,0.0,1,1.0,1,0,0,0,0,0,SINGLE_FAMILY,Los Angeles County
22,91605-19996997,9,560,12447,USA,2021-07-09,0,0,Listed for sale,1625788800000.0,749000.0,643.0,North Hollywood,CA,1953,12839 League St,91605.0,-118.41323852539062,34.217056274414055,0,This well manicured front lawn Welcomes you to this charming 3 bedroom 2 bath POOL home located North Hollywood.  This well kept home has newer Central heating and air copper plumbing original hardwood floors (under carpet) wood burning fireplace newer electrical panel and long driveway leading into a two car detached garage with room for expansion .The property is Centrally located to all major highways shopping centers and retail stores. Bring your ideas and creativity and make this home your own while you enjoy a summer day by the pool.,USD,1164.0,1164.0,sqft,2.0,3.0,0.0,1,2.0,1,One,1,0,0,0,SINGLE_FAMILY,Los Angeles County
23,91605-20002196,9,561,12447,USA,2021-07-08,0,0,Listed for sale,1625702400000.0,749000.0,567.0,North Hollywood,CA,1942,7534 Beck Ave,91605.0,-118.38309478759766,34.20761489868164,0,"""Stunning Private North Hollywood turn-key home with plenty of room for expansion. Sellers pride of ownership and it shows. Spacious lot with front and backyard offers plenty of room for additions/expansions. Sliding front gate and hedges creates maximum privacy fitting for Hollywood. Functional floor plan with 3 Bed /1 bath open living room space including recently built guest house 1 Bed / 1 Bath / Kitchen in rear which offers rentable space/opportunities. A little TLC and love for either investors or prospective homeowners to take this home for more added value! Owner has laid out the foundation for a backyard oasis for future amenities/structures for gazebo with utilities routed for future and much more! Come see for yourself. This undiscovered gem wont last long!""",USD,1322.0,1322.0,sqft,2.0,4.0,0.0,1,0.0,0,One,0,0,0,0,SINGLE_FAMILY,Los Angeles County
24,91605-20000621,9,562,12447,USA,2021-07-07,0,0,Listed for sale,1625616000000.0,1050000.0,729.0,North Hollywood,CA,1936,7831 Troost Ave,91605.0,-118.38700103759766,34.21303558349609,0,"""DUPLEX ~ Two Houses on One Lot!! Incredible opportunity for Owner - User or Investor! This Duplex has two remodeled homes. The front house is a 3 bedroom 1 bathroom detached house with a private driveway. The rear house has its own private gated driveway accessed from the alley. The rear house is a 2 bedroom 1 bathroom remodeled home with covered carport parking.  An incredible opportunity for someone who is looking to live in one unit & rent the other! The front house has been remodeled throughout with Shaker Cabinets & Quartz Counter Tops in the kitchen new floors a new Central AC / Heating system and is gated at the street for additional privacy and security. The Rear House has separate alley access & a fence separating the two houses. Remodeled throughout with new floors shaker cabinets quartz counters recessed lighting in-unit laundry hook ups & an additional detached shed for storage. The renderings seen in some of the photos are what make this property investor friendly! There is potential to build an additional TWO units with the Citys ADU ordinance! Located less than 2.5 miles from the NoHo West Development. This property provides short term and long term opportunity! Call today with Questions!""",USD,1440.0,1440.0,sqft,2.0,5.0,0.0,0,0.0,0,One,0,0,0,0,SINGLE_FAMILY,Los Angeles County
25,91605-20004289,9,563,12447,USA,2021-07-05,0,0,Price change,1625616000000.0,4600000.0,415.0,North Hollywood,CA,2018,11740 Vanowen St,91605.0,-118.38932800292969,34.19363021850586,0,We are proud to present (Year Built 2019) contemporary construction 11-units luxurious to you in the heart of North Hollywood. Its unit mix consists of (2 Units) 3Br/2Ba (5 Units) 2Br/2Ba and (3 Units) 1Br/1Ba. All units have open floor plans master bedrooms walk-in closets and HVAC system. Each has a very unique floor plan layout. Quartz kitchen counter tops with laminated wood floor throughout. Some units has balconies. Minutes away from NoHo Red/Orange Line station Burbank Shopping and soon to be completed NoHo Entertainment complex blocks away! Too many amenities to mention must see. Rooftop can be designed and used as common area.,USD,11073.0,11073.0,sqft,0.0,0.0,11073.0,1,1.0,1,Three Or More,0,0,0,0,MULTI_FAMILY,Los Angeles County
26,91605-20006480,9,564,12447,USA,2021-07-01,0,0,Listed for sale,1625184000000.0,869999.0,459.0,North Hollywood,CA,1962,7002 Van Noord Ave,91605.0,-118.41464233398438,34.197738647460945,0,Welcome to your next home in beautiful North Hollywood. As you pass the gated entry you will be greeted with a multi-car driveway and a two-car garage. The front yard also features an assuming garden with side gates flanking the home for entry into the backyard. When you enter the front door you will be welcomed by a dual sided fireplace and sunken family room great for entertaining. You then would reach a traditional living room great to watch television which opens up to the dining room. The kitchen window has a great view of the front yard above the sink flanked by the stove microwave dishwasher and refrigerator. We then enter the laundry room which has entry to the side of the home 3/4 bathroom and the garage. We then make our way down the hallway with a private door separating the bedrooms. We have two adequately sized rooms to your left facing the front of the home a full bathroom with access to the side of the home straight ahead and hallway closet/storage plus the main bedroom to your right. The main bedroom is spacious with a generous closet and a private full bathroom. The backyard has an amazing pool perfect for entertaining and cooling off and features a convenient awning. Please take advantage of this fantastic opportunity!,USD,1896.0,1896.0,sqft,3.0,3.0,0.0,1,2.0,1,One,1,0,0,0,SINGLE_FAMILY,Los Angeles County
27,91605-20003751,9,565,12447,USA,2021-07-01,0,0,Listed for sale,1625097600000.0,315000.0,474.0,North Hollywood,CA,1967,6902 Hinds Ave APT 7,91605.0,-118.3907699584961,34.19600296020508,0,Nice North Hollywood upstairs condo in secure building. Brand new laminate wood flooring and just freshly painted! Great floorplan making good use of every square foot! Lots of closet space including small closet with a built in desk perfect for doing miscellaneous paperwork. Large balcony with lovely tile flooring. Why pay rent!,USD,665.0,665.0,sqft,1.0,1.0,0.0,1,0.0,0,One,0,0,0,0,CONDO,Los Angeles County
28,91605-20002976,9,566,12447,USA,2021-06-30,0,0,Listed for sale,1625011200000.0,879999.0,427.0,North Hollywood,CA,1959,11924 Saticoy St,91605.0,-118.39312744140624,34.20818328857422,0,"Stunning 2060 Sq. Ft. Home North Hollywood on Large Lot! This large home has 4 bedrooms and 2 bathrooms. The 4th Bedroom is currently staged as a Family Room in the photos although with an installation door it can be converted back to a bedroom. The huge Living Room has a nice accent fireplace and a sliding door that opens to a expansive covered patio with a\xa0backyard perfect for entertaining.\xa0 There have been so many upgrades which include an oversized dining room new hardwood floors throughout remodeled kitchen and bathrooms new windows new LED recessed lighting throughout the house.\xa0 Fresh paint inside and out.\xa0 The exterior has ""cool tech"" wall coating. All bedrooms are larger than average especially the Master bedroom!! There is a 2 car attached garage a huge driveway that can easily fit about 6 cars and it’s gated. This is a Must-See Home!",USD,2060.0,2060.0,sqft,2.0,4.0,0.0,1,2.0,1,One,0,0,0,0,SINGLE_FAMILY,Los Angeles County
29,91605-19998581,9,567,12447,USA,2021-06-27,0,0,Listed for sale,1625011200000.0,720000.0,662.0,North Hollywood,CA,1958,12629 Cantara St,91605.0,-118.40836334228516,34.22007369995117,0,"""When opportunity knocks youve got to answer! This quaint home sits on an over 8k sq. ft. lot w/ the adj. portion vacant and ready for you to build! The side with the homesite has 2 bdrms and 1 bath AND a den/family room/office space just off the kitchen which has a separate entry and would be great for in law qrtrs or such. There is also a spacious formal dining adj. the kitchen and off the family room. This home does need some TLC but the options and opportunities are endless with the space and bones to start with. Thanks for showing!""",USD,1088.0,1088.0,sqft,1.0,2.0,0.0,1,2.0,1,One,0,0,0,0,SINGLE_FAMILY,Los Angeles County
30,91605-19997677,9,568,12447,USA,2021-06-27,0,0,Listed for sale,1624752000000.0,985000.0,532.0,North Hollywood,CA,1962,12761 Elkwood St,91605.0,-118.41178131103516,34.212413787841804,0,Wonderful North Hollywood Single Story Pool Home located at the end of a cul-de-sac street. The current owners have converted the garage to a (permitted with separate address) ADU that you have to see to believe! It has a separate entrance and features a living/sleeping area kitchenette and bathroom all recently remodeled. Main house features 3 bedrooms and 2 bathrooms formal living room with hardwood floors and decorative fireplace kitchen with stainless steel appliances. The backyard consists of a stunning pool outdoor kitchen and lots of space to have fun and relax with your friends and family. Don’t miss this fabulous opportunity.,USD,1852.0,1852.0,sqft,3.0,4.0,0.0,0,0.0,0,One,1,0,0,0,SINGLE_FAMILY,Los Angeles County
31,91605-2134340157,9,569,12447,USA,2021-06-27,0,0,Price change,1621382400000.0,319000.0,387.0,North Hollywood,CA,1965,7826 Laurel Canyon Blvd UNIT 11,91605.0,-118.39590454101562,34.212902069091804,0,Welcome to 7826 Laurel Canyon Blvd Unit 11 North Hollywood CA 91605. This Great condo centrally located in North Hollywood CA. It is in well maintain complex. Offers two bedrooms with two bathroom with nice size balcony. Newer Kitchen with newer cabinets and counter tops. Newer floors with tiles and laminates. Master bedroom with attached full bath and large closet. Long term tenant occupied current rent $1750/month month to month. Similar units renting in the area for $2200.,USD,824.0,824.0,Acres,2.0,2.0,0.0,1,1.0,1,Two,0,0,0,0,CONDO,Los Angeles County
32,91605-2119556230,9,570,12447,USA,2021-06-25,0,0,Listed for sale,1624579200000.0,280000.0,373.0,North Hollywood,CA,1970,11813 Runnymede St APT 47,91605.0,-118.39099884033205,34.20623016357422,0,A beautifully remodeled 1 BR 1 BA with a baker’s kitchen with a view of the sparking pool. Fabulous manicured grounds with a resort like feel and private walkways greet you in your new home. This is a senior complex (55 years and older) no investors or renters all cash required. $400 HOA dues covers hot and cold water hot and cold central air gas trash property tax maintenance gardener termite repair pool and building insurance. This is a co-op and the buyer needs to have an interview with the Board of directors.,USD,750.0,750.0,sqft,1.0,1.0,0.0,1,1.0,1,One,0,0,0,0,CONDO,Los Angeles County
33,91605-20003357,9,571,12447,USA,2021-06-19,0,0,Listing removed,1624320000000.0,3000000.0,0.0,North Hollywood,CA,0,11444 Vanowen St,91605.0,-118.38068389892578,34.19366455078125,0,We are very proud to present this extremely rare and exciting development opportunity in North Hollywood California. The Offering sits on 17860 square feet of land zoned C2.This development opportunity checks every box we can think of: Opportunity Zone TOC Density Bonus 3-lot assemblage and a blank canvas to build up to 69 apartment units. With the C2 zoning a multifamily developer can build up to 45 market-rate units by-right or a developer could choose to utilize the TOC Tier 1 Density bonus and build up to 69 units. A couple of the main benefits of the TOC Tier 1 bonus is that a developer will be allowed an increased FAR and height limit which will be 2.75-1 and 56 feet respectively. The property is also located in an Opportunity Zone which allows a developer an array of tax advantages on both the purchase and the future exit.,USD,0.0,0.0,Acres,0.0,0.0,0.0,0,0.0,0,0,0,0,0,0,LOT,Los Angeles County
34,91605-79804096,9,572,12447,USA,2021-06-19,0,0,Listing removed,1624320000000.0,448000.0,487.0,North Hollywood,CA,2006,6938 Laurel Canyon Blvd UNIT 101,91605.0,-118.39611053466795,34.19720458984375,0,Condominium Living...Affordable 2 Bedroom 2 Bath Turn-Key Beauty! Stainless Steel Stove Refrigerator Microwave & Dishwasher Amenities! Great Cabinet & Granite Counter Space. The Pantry & Stackable Washer & Dryer are Neatly tucked away. Laminate & Tile Flooring Carpet in Bedrooms. The Living Room has a Fireplace There is also a Private Balcony off the Living Room. The Master Bedroom features a Soundproof Wall Walk-in Closet Full Bathroom and Private Patio. There is also a Fitness Room & Rooftop Lounge with a view! The Courtyard area is perfect for Entertaining or Relaxing outdoors and there is An Entertainment Room Available! Tandem Garage Parking for your vehicles is easily accessible! This well maintained & manicured condominium is gated & secure... Very Convenient Location to Everywhere.,USD,920.0,920.0,Acres,2.0,2.0,0.0,1,2.0,1,One,0,0,0,0,CONDO,Los Angeles County
35,91605-2104935788,9,573,12447,USA,2021-06-17,0,0,Listing removed,1624320000000.0,2295000.0,0.0,North Hollywood,CA,2005,6824 Radford Ave,91605.0,-118.3918228149414,34.194679260253906,0,Apollo Investment Group of Keller Williams Realty World Media Center is please to exclusively present this prime investment multi-unit apartment located at 6824 Radford Ave. North Hollywood CA 91605. Built in 2005 the property features five 3 bedroom 2 bathroom units at approximately 894 SF each totaling 4474 SF total on a lot of approximately 7796 SF. Each unit comes with 2 designated parking spaces in the gated underground garage new appliances and washer/dryer hookups. The building also features an elevator. The subject property with great street frontage offers a rare opportunity for any investor to take advantage of all the site has to offer: dense demographics and proximity to the 170 freeway and retail amenities. The property is located mid block on Radford Ave North of Vanowen St and East of Laurel Canyon Blvd. Four of the units underwent a complete remodel in 2020 and 2021 and Units #1 and #5 are being kept vacant for the prospective buyer to place tenants into. The City of North Hollywood is located in the San Fernando Valley in the Northeastern portion of Los Angeles County. The apartment building is located near the NoHo Arts District complete with shops restaurants movie theaters and cafes.,USD,0.0,0.0,sqft,0.0,0.0,0.0,1,10.0,1,Two,0,0,0,0,MULTI_FAMILY,Los Angeles County
36,91605-19997338,9,574,12447,USA,2021-06-17,0,0,Listing removed,1624320000000.0,750000.0,430.0,North Hollywood,CA,1955,12610 Keswick St,91605.0,-118.40772247314452,34.20953750610352,0,This home features 4 bedrooms and 2 bathrooms with a large yard. With some remodeling this home can return back to its original charm. Located at the end of a cul-de-sac. Large driveway plus garage parking to accommodate your cars. Home is priced to sell. Great investment opportunity!,USD,1745.0,1745.0,sqft,2.0,4.0,0.0,0,0.0,0,0,0,0,0,0,SINGLE_FAMILY,Los Angeles County
37,91605-19999210,9,575,12447,USA,2021-06-14,0,0,Listing removed,1624320000000.0,780000.0,598.0,North Hollywood,CA,1948,8019 Saint Clair Ave,91605.0,-118.4001235961914,34.21639633178711,0,Single story home located in North Hollywood features a welcoming front yard open floor plan with 3 bedrooms and two bathrooms hardwood floor & indoor laundry room. The two car garage is detached the spacious back yard offers privacy. The property is Centrally located in a very nice quiet street. This is an excellent opportunity to make this home your own. Property is being sold as is needs TLC. Bring your contractor and make this your ideal home.,USD,1305.0,1305.0,sqft,2.0,4.0,0.0,1,2.0,1,One,0,0,0,0,SINGLE_FAMILY,Los Angeles County
38,91605-2071490380,9,576,12447,USA,2021-06-12,0,0,Listing removed,1624320000000.0,240000.0,320.0,North Hollywood,CA,1970,11813 Runnymede St APT 4,91605.0,-118.39160919189452,34.205673217773445,0,Ground level end unit easy to show. This is a senior complex (55 years and older) no investors or renters. Need to be all cash. HOA dues are $400. Dues cover hot and cold water hot and cold central air ( cold air from May to October gas property tax maintenance gardener pool and building insurance. The manicured grounds are fabulous - verdant trees and colorful flowers in abundance - like being in your magical Shangri-La with shaded walk ways in abundance. This is a co-op and buyer needs to have an interview with the Board of directors. Freshly painted inside - plenty of closet space. The carport is only a few steps from the unit. There are 2 laundry rooms. The Recreation room features his and her bathrooms a stove refrigerator and freezer.,USD,750.0,750.0,sqft,1.0,1.0,0.0,0,0.0,0,0,0,0,0,0,CONDO,Los Angeles County
39,91605-20002996,9,577,12447,USA,2021-06-11,0,0,Listing removed,1624320000000.0,1795000.0,0.0,North Hollywood,CA,1926,12035 Runnymede St,91605.0,-118.3957061767578,34.20623779296875,0,"Presenting a 25-unit Multifamily Development site in North Hollywood! RTI with Entitlements & Approved Plans! Approved plans for 25 units in 3 stories above subterranean parking with generously sized 2 bed 1 bed + den and 1 bed plans. 3 units are reserved for very low income All units are individually metered for water A/C heat and electricity. These plans include 21/25 units with balconies two 3rd level common area decks front entry lobby and centralized elevator and 24 subterranean parking spaces. This property has convenient access to Burbank Airport I-5 Hwy 170 Hwy 101 Universal Studios and Downtown LA and is Just minutes to ""District Noho""",USD,0.0,0.0,Acres,0.0,0.0,21057.0,0,0.0,0,0,0,0,0,0,MULTI_FAMILY,Los Angeles County
40,91605-20002865,9,578,12447,USA,2021-06-10,0,0,Listed for sale,1625961600000.0,699900.0,625.0,North Hollywood,CA,1948,7744 Radford Ave,91605.0,-118.3918228149414,34.21150588989258,0,Location Location Location!!! Come see for yourself this 3 Bed 2 bath open floor plan home located in the North Hollywood area. Both front and back yard need a little maintenance possible outdoor Gazebo entertainment area. Interior features include laminate flooring remodeled kitchen and bathrooms converted garage to a third bedroom or could be used as a den area which could easily be converted back. This is truly a unique property and a must see in person. with RTI for ADU plans and permits for 1200 SF are available upon request. See you in Escrow !!!!!!!!,USD,1120.0,1120.0,sqft,2.0,3.0,0.0,0,0.0,0,One,0,0,0,0,SINGLE_FAMILY,Los Angeles County
41,91605-19998744,9,579,12447,USA,2021-06-08,0,0,Listing removed,1624320000000.0,1095000.0,463.0,North Hollywood,CA,2021,7913 Whitsett Ave,91605.0,-118.40558624267578,34.21440887451172,0,Located in highly desirable neighborhood of North Hollywood this gated home with brand new ADU is ideal for investors large families or live in the front house and rent the back ADU each with their own private entrance. Front home fully remodeled beautiful kitchen with quartz counter stainless steel appliances dual pane windows laminate flooring throughout recessed lighting back yard with full outdoor kitchen. Newley build 2 bedroom 2 bath ADU in the back with its own private entrance. Features include modern kitchen with quartz counter laminated flooring dual pane windows recessed lighting and so much more.,USD,2364.0,2364.0,sqft,4.0,5.0,0.0,0,0.0,0,One,0,0,0,0,SINGLE_FAMILY,Los Angeles County
42,91101-20866612,9,584,47019,USA,2021-07-13,0,0,Listed for sale,1626134400000.0,1699000.0,768.0,Pasadena,CA,1949,742 Earlham St,91101.0,-118.13525390625,34.15644073486328,0,Live in one unit and rent the other three or rent all four and have a great income producing property. Great location in Pasadena close to 210 freeway and the Metro Gold Line. Close to Caltech and downtown. Two buildings each with a 2 bedroom and 1 bedroom unit. Bedroom count differs from tax records buyer to verify. Tax records show front unit built in 1917 back unit built in 1949. Check out the detached 2 car garage for back unit. Private yard area for back unit. Front unit also has private yard. Please see photos (coming soon) for the many upgrades done by sellers. Plenty of off-street parking. Professional photos will be uploaded by end of week.,USD,2212.0,2212.0,Acres,0.0,0.0,2212.0,1,2.0,1,One,0,0,0,0,MULTI_FAMILY,Los Angeles County
43,91030-20693101,9,585,27183,USA,2021-07-12,0,0,Listed for sale,1626048000000.0,1275000.0,763.0,South Pasadena,CA,1924,651 Forest Ave,91030.0,-118.16480255126952,34.11779022216797,0,"""Located on a charming street in South Pasadena this three-bedroom two-bath Spanish-style bungalow has been lovingly maintained by the same family for 45 years. An inviting front porch welcomes you into the homes living room featuring a tile fireplace built-in shelving and original hardwood floors. The living room is open to a light-filled dining area perfect for entertaining. A spacious eat-in kitchen offers extensive countertop and cabinet space. The homes kitchen leads into a warm and inviting family room. Two bedrooms and a full bath complete the first floor. A second story primary suite has treetop views and includes a balcony overlooking the homes backyard and pool. The property is located in a peaceful neighborhood with award-winning schools a nearby weekly farmers market as well as adorable shops and restaurants.""",USD,1672.0,1672.0,sqft,2.0,3.0,0.0,1,1.0,1,Two,0,1,0,0,SINGLE_FAMILY,Los Angeles County
44,91107-95613962,9,586,47019,USA,2021-07-12,0,0,Listed for sale,1626048000000.0,699000.0,454.0,Pasadena,CA,2010,96 N Craig Ave UNIT 12,91107.0,-118.1058349609375,34.14792251586914,0,"""This newer Luxury Townhome is conveniently located in one of Pasadenas most desirable neighborhoods close to shops markets and cafes. Enter into the spacious living room with fireplace and heigh ceilings throughout. The gourmet kitchen with granite countertop and stainless steel appliances opens to the dining room with a glass sliding door overlooking the paver stone patio. Upstairs youll find two bedroom suites each with their own bathroom. Wood floors and a fresh coat of paint are found throughout the home. Theres a powder bathroom on the main level along with a laundry closet featuring a stackable washer and dryer for convenience. An attached direct access two car garage is located on the subterranean level and the community is gated for privacy and security. Its time to call this home!""",USD,1540.0,1540.0,sqft,3.0,2.0,0.0,1,2.0,1,Two,0,0,0,0,TOWNHOUSE,Los Angeles County
45,91106-20699256,9,587,47019,USA,2021-07-12,0,0,Listed for sale,1626048000000.0,1695000.0,1016.0,Pasadena,CA,1965,1385 S Los Robles Ave,91106.0,-118.14141082763672,34.121749877929695,0,"""The Baskerville House. Norwood & Delonge. AIA. 1965. Hidden from the street up a long driveway sits a sublime one owner oriental modern Post and Beam jewel box of a home. Beautiful tongue and groove floors welcome you underfoot. Floor to ceiling walls of glass offer a feeling of floating above the verdant landscape and provide dappled sunlight through mature sycamore trees. Handsome wood beamed ceilings envelope with a feeling of warmth and solidity. The living room and dining room are anchored by a malm style fireplace. The kitchen offers a cozy eat in breakfast nook. The convertible secondary bedroom has 2 separate doors and a 3 panel shoji screen that closes to transform into 2 separate rooms. A sunny bookshelf lined hallway leads to the primary bedroom suite bathed in light on 3 sides. This dreamy bedroom is anchored by another malm style fireplace. Original built ins offer endless storage possibilities. Multiple paths lead to patios and trails around the entire wooded property. Adjacent to the 2 car carport is a utility/bonus space. The home has been beautifully maintained by its original owner. Recent upgrades include a new roof a new sewer line mostly copper plumbing newer appliances and an annual termite and pest contract.""",USD,1669.0,1669.0,Acres,2.0,2.0,0.0,1,0.0,0,One,0,0,0,0,SINGLE_FAMILY,Los Angeles County
46,91103-20864841,9,588,47019,USA,2021-07-12,0,0,Price change,1626048000000.0,599000.0,603.0,Pasadena,CA,1908,93 W Washington Blvd,91103.0,-118.1526107788086,34.16903305053711,0,,USD,993.0,993.0,sqft,1.0,2.0,0.0,0,0.0,0,One,0,0,0,0,SINGLE_FAMILY,Los Angeles County
47,91108-20698625,9,589,54299,USA,2021-07-11,0,0,Price change,1625961600000.0,6385000.0,1064.0,San Marino,CA,1951,2248 S Oak Knoll Ave,91108.0,-118.1270523071289,34.11328887939453,0,"""Spectacular San Marino Masterpiece with Tennis Court & Pool. This custom-built home with a semicircular driveway leads into a grand entry-featuring a naturally lit 20ft high ceiling Atrium is the epitome of a luxurious lifestyle. It is highlighted with an open floor plan NEW white oak hardwood flooring NEW paint & recessed lights throughout 5 generously sized bedrooms with large closets NEW bathroom & powder room a living room that features floor to ceiling marble fireplace with a wall of glass doors that opens to front yard. The NEW kitchen surrounded by glass walls features quartz waterfall island with prep sink Wolf appliances European cabinetry large dining area & handcrafted fireplace. The rear yard has a 9 deep Pool with waterfall Tennis court BBQ area fruit trees & 2 separate attached double car garages. A rare opportunity for a 32000+ sqft flat estate with all the lavish amenities in a prestigious neighborhood with TopRated Schools!""",USD,6000.0,6000.0,Acres,5.0,5.0,0.0,1,4.0,1,0,0,0,0,0,SINGLE_FAMILY,Los Angeles County
48,91030-20694094,9,590,27183,USA,2021-07-11,0,0,Listed for sale,1625961600000.0,2400000.0,632.0,South Pasadena,CA,1917,1160 Oxley St,91030.0,-118.15349578857422,34.1138916015625,0,"The property contains two structures; a main house fronting Fremont and a small mother-in-law unit on Oxley. In fact the small unit technically has the 1160 Oxley address. There are existing floor plans for the two structures in the photos section.  There is access to the carport and concrete parking from an alleyway that parallels Fremont on the west.  Per communications with the city of South Pasadena the property is zoned for both residential and commercial office uses. The buyer is to check with the city of South Pasadena to confirm details.  The proper vesting of ownership from Rosemary Children\s Services Inc. (aka ""Rosemary"") to Victor Treatment Centers Inc. (aka ""Victor"") successor by merger will occur during the escrow process. Contact agent or Michelle Pasqual of First American Title and Peggy Chien of Central Escrow to understand this contingency. Victor Treatment Centers Inc. acquired this property along with 4 other homes in the greater Pasadena area through an acquisition / merger with Rosemary Children\s Services Inc. in 2018. Technically the assessor\s office still shows Rosemary as the owner but Victor controls the property and is in the process of transferring title to Victor Treatment Centers Inc. See contingency in the Office / MLS tab.",USD,3800.0,3800.0,sqft,3.0,6.0,0.0,0,0.0,0,Two,0,0,0,0,SINGLE_FAMILY,Los Angeles County
49,91107-20874604,9,591,47019,USA,2021-07-11,0,0,Listed for sale,1625961600000.0,850000.0,900.0,Pasadena,CA,1920,82 N Parkwood Ave,91107.0,-118.11148071289062,34.1475830078125,0,Traditional bungalow style home kept in wonderful condition! HUGE 8437 sf lot with potential to build multifamily or ADU unit located South of 210 Freeway in highly desirable Mid Central neighborhood within walking distance to Cal Tech & Pasadena City College shopping centers transportation and a few minutes drive to Old Town Pasadena.  2 large bedrooms formal dining room laundry area inside and basement storage. Laminate floors and tile throughout. Garage and additional storage in back can be used for your car or extra stuff.,USD,944.0,944.0,sqft,1.0,2.0,0.0,1,1.0,1,One,0,0,0,0,SINGLE_FAMILY,Los Angeles County
50,91106-20869559,9,592,47019,USA,2021-07-11,0,0,Listed for sale,1625961600000.0,1350000.0,478.0,Pasadena,CA,1916,61 N Bonnie Ave,91106.0,-118.11614990234376,34.14719390869141,0,"The structure needs major renovation as it was last used as a group / transition home for young ladies. It is located in a zoning area that allows for condo or apartment building. The buyer is to check with the city of Pasadena regarding development potential.  The home shares a driveway on the south side with the home immediately to the south. There is an office or mother-in-law unit complete with bathroom and kitchen in the rear of the property as part of the stand alone garage structure. The  buyer will need to check with the city of Pasadena as to whether this structure is permitted or not. There is a small backyard behind the main home and also a small yard behind the stand alone office / garage structure. The proper vesting of ownership from Rosemary Children\s Services Inc. (aka ""Rosemary"") to Victor Treatment Centers Inc. (aka ""Victor"") successor by merger will occur during the escrow process. Contact agent or Michelle Pasqual of First American Title and Peggy Chien of Central Escrow to understand this contingency. Victor Treatment Centers Inc. acquired this property along with 4 other homes in the greater Pasadena area through an acquisition / merger with Rosemary Children\s Services Inc. in 2018. Technically the assessor\s office still shows Rosemary as the owner but Victor controls the property and is in the process of transferring title to Victor Treatment Centers Inc. See contingency in the Office / MLS tab. The title insurance company representative indicates it is a paperwork fix during escrow.",USD,2826.0,2826.0,sqft,4.0,3.0,0.0,1,1.0,1,Two,0,0,0,0,SINGLE_FAMILY,Los Angeles County
51,91101-20867521,9,593,47019,USA,2021-07-11,0,0,Listed for sale,1625961600000.0,1590000.0,682.0,Pasadena,CA,1911,500 S Oakland Ave,91101.0,-118.13929748535156,34.137157440185554,0,The home was recently damaged by an extensive fire and the structure will require substantial renovation and construction. An alternative use for this property would be to tear down the existing structure and build a condo or apartment building. Per communications with the city of Pasadena the property is zoned for such use (zoning PSR3). For more details contact the City of Pasadena.  The buyer should be informed that the proper title vesting will be done during escrow by Michelle Pasqual of First American Title and Peggy Chien of Central Escrow. You can contact them for further information on this title issue. This title change is a contingency of the listing. Before the fire for many years the structure had been a group home for young ladies in transition from foster care to adulthood.  Because the interior is so damaged by the fire there are no interior photos provided. Visitors should take care in touring the property because of the fire damage.,USD,2330.0,2330.0,sqft,2.0,4.0,0.0,0,0.0,0,Two,0,0,0,0,SINGLE_FAMILY,Los Angeles County
52,91103-250338739,9,594,47019,USA,2021-07-10,0,0,Price change,1625011200000.0,1650000.0,359.0,Pasadena,CA,1961,300 W Washington Blvd,91103.0,-118.15691375732422,34.16883087158203,0,5-Unit Single-story apartment situated in Pasadena CA near the Rose Bowl. Total size 4600 square feet on a 11116 square feet lot. Separate electricity and gas meters. This is a value-add opportunity currently below market rents with 27% potential upside income based on fair market rents; 100% occupied. Zoning RM-16. There is also a 2-car garage for a future potential accessory dwelling unit (ADU). Buyer and buyer’s agent are responsible to verify the accuracy all information that pertains to buyer’s investigation. Drive by only. Tenants are unaware of the sale please do not disturb tenants. Do not go onto the property.,USD,4600.0,4600.0,Acres,0.0,0.0,4600.0,1,2.0,1,One,0,0,0,0,MULTI_FAMILY,Los Angeles County
53,91106-20699169,9,595,47019,USA,2021-07-10,0,0,Listed for sale,1625875200000.0,1599999.0,800.0,Pasadena,CA,1939,393 Allendale Rd,91106.0,-118.14205932617188,34.125930786132805,0,This traditional one story home is located in the prestigious Madison Heights in South Pasadena - walking distance to Old Town Pasadena Central Parks and only 1.4 miles to California Institute of Technology. One story 3 bedrooms 2 bathroom with large front yard and backyard. Professionally constructed (but not permitted) master bedroom and separate bath measuring 35x17 approx 595 SqFt making this home a total of 3 bedrooms and 2 full bathrooms.,USD,2000.0,2000.0,sqft,2.0,3.0,2000.0,1,2.0,1,One,0,0,0,0,SINGLE_FAMILY,Los Angeles County
54,91108-20701987,9,596,54299,USA,2021-07-10,0,0,Listed for sale,1625875200000.0,3790000.0,1272.0,San Marino,CA,1937,1220 Oxford Rd,91108.0,-118.10852813720705,34.125682830810554,0,This classic 1937 French Colonial style home is situated in the heart of exclusive San Marino directly across from the world-renown Huntington Library and Botanical Gardens close to Cal Tech Lacy Park and award-winning schools. This grandly estate features a spacious step-down living room featuring gleaming original hardwood floors welcoming fireplace and copious natural light for indoor-outdoor living In the living room and family room French doors lead to the quiet relaxing backyard where the pool and badminton court offer endless fun. This home offers 4 bedrooms 3.5 baths beautiful paneled formal dining room with crown molding gourmet kitchen with corian countertop display cabinet and a center island. The big separate laundry room off the kitchen can serve as a mudroom. The bonus room upstairs can double as a study or playroom. The spacious driveway is well suited for a game of basketball. This unique home has a wonderful floor plan designed for personal enjoyment and entertainment. This gorgeous San Marino estate is truly a rare gem and epitomizes Southern California living!,USD,2979.0,2979.0,Acres,4.0,4.0,0.0,1,2.0,1,Two,1,0,0,0,SINGLE_FAMILY,Los Angeles County
55,91103-95063882,9,597,47019,USA,2021-07-10,0,0,Price change,1625097600000.0,849000.0,354.0,Pasadena,CA,2010,1442 N Fair Oaks Ave UNIT 101,91103.0,-118.15011596679688,34.170433044433594,0,Move-in-ready SPACIOUS 2400 sf 3-story 3bd/2.5bath townhouse in North Central Pasadena has all the room you need with an airy open floor plan accentuated by 9-ft tall ceilings! EVERY room of this unit has been upgraded with detailed finishes including wide plank hard flooring new paint tall baseboards window trim sleek crown molding new window treatment matching hardware modern light fixtures and a Nest Home Thermostat! The kitchen is a cook’s delight with ample granite countertops and cabinets countertop lights and gas stove with external venting. A pair of french doors leads out to a wrap-around covered veranda. The master suite has THREE closets including one walk-in and mirrored doors and a newly-renovated walk-in shower. All bedrooms have energy-efficient LED fans to keep you cool in summer. A BONUS ROOM next to the 2-car attached garage can be used as your home gym office game room for storage or all of the above! The private gated complex has just 12 units and the HOA covers water sewer trash ground maintenance and insurance. This is an end unit and there is only one shared wall! It is close to Old Pasadena the Rose Bowl and JPL with easy access to the 210 and 134. At this size and location you can’t find anything like it!,USD,2400.0,2400.0,sqft,3.0,3.0,0.0,1,2.0,1,Three Or More,0,0,0,0,TOWNHOUSE,Los Angeles County
56,91105-20860502,9,598,47019,USA,2021-07-10,0,0,Listed for sale,1623801600000.0,1095000.0,552.0,Pasadena,CA,1964,630 S Orange Grove Blvd APT 2,91105.0,-118.15834045410156,34.134971618652344,0,"""Situated in the heart of Pasadena on South Orange Grove Boulevard this single level ground floor condo has been meticulously maintained over the years by its current owners. A formal entry greets you at the door as you pass into the spacious living room with a beautiful fireplace and bar area that anchor the room hardwood floors crown moldings and plantation shutters. An additional sitting area and dining room space create a sense of openness not usually found in a condo. Adjacent to the dining room is the updated kitchen with ample cabinets and pantry storage a bonus drink refrigerator and stackable laundry. Off the kitchen is direct access to the oversized side patio which makes for easy entertaining. The massive primary bedroom hosts an ensuite bathroom and generous walk-in closet. Two more bedrooms and a large bathroom complete the unit. All 3 bedrooms have hardwood floors crown moldings and access to the side or rear patio. Two parking spaces come with the unit as well. This condo is located conveniently close to the 110 134 & 210 freeways Old Town Pasadena and the pageantry of the Rose Parade on New Years Day.""",USD,1984.0,1984.0,sqft,2.0,3.0,0.0,1,0.0,0,One,0,0,0,0,CONDO,Los Angeles County
57,91106-89139179,9,599,47019,USA,2021-07-09,0,0,Listed for sale,1625788800000.0,958000.0,494.0,Pasadena,CA,2008,68 N Allen Ave UNIT 10,91106.0,-118.1127700805664,34.147228240966804,0,"""A Beautifully-made Luxury Townhome! With relaxing courtyard fountains lush landscaping and custom designed wrought iron accents this complex offers an elegant combination of luxury amenities & Mediterranean architectural design. Varying between two & three story floor plans each unit is highlighted by its exquisite surfaces such as solid maple hardwood & marble flooring granite counters travertine stone tiled bathrooms high density premium fiber carpeting and expert finished smooth walls. In addition each residence has its own private one or two car attached oversize garage with plenty of storage space a private patio in-unit laundry room double-paned windows and a cozy fireplace. Throughout each of these bright and elegantly inviting residences youll notice an attention to detail that is rare in construction.""",USD,1940.0,1940.0,Acres,3.0,3.0,0.0,1,2.0,1,Three Or More,0,0,0,0,TOWNHOUSE,Los Angeles County
58,91104-20872113,9,600,47019,USA,2021-07-09,0,0,Price change,1625875200000.0,1399000.0,0.0,Pasadena,CA,1938,1735 Whitefield Rd,91104.0,-118.11460876464844,34.16478729248047,0,Two elegant single family homes on one lot in a beautifully located area of Pasadena. Both single family homes have been remodeled and have their own individual characteristics. The front house has been recently updated and provides 3 bedrooms and 1 bathroom. The kitchen and bathroom have been completely remodeled. Beautiful flooring throughout newer windows granite counter tops recessed lighting and so much more ! The rear home provides a quaint front porch entry original oak flooring updated kitchen cabinets counter tops and more. A very generous size private back yard as well! Both units have their own interior washer and dryer set-ups and central a/c and heat. There is a two car garage at the end of a very long tandem driveway. This is a beautiful property with individual house privacy and centrally located to many of the amenities that Pasadena has to offer!,USD,0.0,0.0,sqft,0.0,0.0,1826.0,1,2.0,1,One,0,0,0,0,MULTI_FAMILY,Los Angeles County
59,91101-20862856,9,601,47019,USA,2021-07-09,0,0,Listed for sale,1625788800000.0,859000.0,690.0,Pasadena,CA,1989,398 E Del Mar Blvd,91101.0,-118.14228057861328,34.14011001586914,0,Located in a much sought after Madison Heights neighborhood this contemporary craftsman complex has recently gone through major extensive rehab including exterior painting and newer roofing. There are only 13 units in this exclusive community and this is a rare unit to be on the market for sale. Be amazed by how the entire space is flooded with vibrant & natural light. The interior of the home is freshly painted with designer’s choice of colors and new LED lights are installed throughout the home. Bright and open living room has a marble-faced fireplace with astonishing vaulted ceilings. The sunny dining room & breakfast nook in one has double French doors leading way to a private wood deck/patio perfect for BBQ and outdoor entertainment. Spacious gourmet kitchen boasts ample countertop and cabinet spaces with built-in appliances including microwave newer gas range/oven and dishwasher. A powder room on the first floor absolutely offers convenience for the guests to the home. The 2nd floor features two private suites with their own soothing baths. The master suite also has vaulted ceiling with French doors open to a private balcony for enjoyment of starry nights. There are double sinks in the master bath and the shower room features a skylight. Abundant storage space and organizers in the walk-in closet complete this wonderful master suite. The second suite has mirrored wardrobe closet higher ceiling and a bath tub for after work soaking relaxation. The over-sized two-car attached garage has in-unit laundry and extra storage with direct access to the home. Located in the heart of Pasadena this gated townhome is close to shopping/restaurants the Paseo and oldtown Pasadena! Enter to fall in love and call this your new home!!!,USD,1245.0,1245.0,Acres,3.0,2.0,0.0,1,2.0,1,Two,0,1,0,0,TOWNHOUSE,Los Angeles County
60,91103-20863892,9,602,47019,USA,2021-07-09,0,0,Listed for sale,1625788800000.0,639888.0,640.0,Pasadena,CA,1928,810 Lincoln Ave,91103.0,-118.15628051757812,34.158740997314446,0,"""Location Location Location! Walking distance to the Rose Bowl in one of Pasadenas best neighborhoods. This Homes Spanish Style characteristics with a Step down Living room wide interior walls and Arch doorways make this one a must see!! It features several upgrades and has been completely remodeled with Copper plumbing recessed lighting and new light fixtures throughout. New Double Pane windows and New Roof have been recent upgrades. Hardwood floor compliment and tie this beautiful home together. Excellent layout which offers a very spacious Living Room Formal Dining room and Bright Kitchen will be for entertaining. Stunning kitchen with a Porcelain Farm House sink and New two tone Cabinets and Quartz Counters. Two Duckless Mini Splits will allow a flexible solution to Heating and Cooling the home. Oversized Bathroom has been given plenty of attention to detail with Tile work trim and design! Property has 2 Driveways and with enough parking for 4 vehicles including the large 1 Car Garage. Wonderfully designed Drought tolerant Landscape in front and rear yard make an incredible statement.""",USD,1000.0,1000.0,sqft,1.0,2.0,0.0,1,1.0,1,One,0,0,0,0,SINGLE_FAMILY,Los Angeles County
61,91107-20874568,9,603,47019,USA,2021-07-09,0,0,Listed for sale,1625788800000.0,949000.0,586.0,Pasadena,CA,1908,130 N Greenwood Ave,91107.0,-118.11038970947266,34.14834213256836,0,"""Let yourself unwind on this handsome and spacious front porch while sipping a cold drink on a warm summer day while you overlook your landscaped front yard surrounded by a classic white picket fence. Remodeled in 2016 this quiet and serene 4 bedroom + office 2.5 bathroom home with newer copper plumbing double pane windows water heater and generously-sized kitchen has been recently painted throughout both inside and out. Two bedrooms one of which is an en-suite is situated in the rear of the home while an office area with a powder room is located next to the living room on the main floor. An additional two bedrooms with a large bathroom are positioned upstairs providing ample privacy and space for everyone. The backyard is expansive and perfect for entertaining or relaxing next to your stock tank pool this quiet and serene home offers an additional interior space next to the garage as a workout room or a potential ADU. (Additional square footage of the additional interior space and garage is 703 square feet which is not included in the measurement of the home.) The front and backyard contain native plants a fruit tree and planters to help you hone your green thumb. An electric gate to enter a long driveway to the two-car garage adds security.Centrally located in Pasadena near PCC local shops and grocery stores this propertys neighborhood school is Hamilton Elementary School and is zoned RM-16 where there are creative possibilities in a multi-family residential district!""",USD,1620.0,1620.0,sqft,3.0,4.0,0.0,1,2.0,1,Two,0,0,0,0,SINGLE_FAMILY,Los Angeles County
62,91108-20700923,9,604,54299,USA,2021-07-09,0,0,Price change,1625788800000.0,25000000.0,2391.0,San Marino,CA,1918,999 Rosalind Rd,91108.0,-118.12564849853516,34.128646850585945,0,This Colonel Georgian home situated in the most prestigious estate area of San Marino this residence sits graciously on over 2.3 acres of land. This mansion was built by Henry Huntington. All double hung sash windows on the east elevation features 6 panels and are original to the residence resulting in a symmetrical design for the elevation. Interior feature: Huge living room formal dining room large family room library game room updated kitchen with high quality appliances breakfast nook Huge master bedroom with walk-in closet master bath with jacuzzi up stair family entertainment room fireplaces maid bedrooms laundry room massage room wine cellar gym movie theater elevator 12 feet high ceiling. Exterior feature: Two beautiful fountains Georgiou private park like back yard Rose garden special rock pool with water fall and beach area two spas BBQ area tennis court gazebo two guest houses Tea room next to fish pond six car garages and etc.,USD,10458.0,10458.0,Acres,5.0,6.0,0.0,1,6.0,1,Two,1,1,0,0,SINGLE_FAMILY,Los Angeles County
63,91106-79804082,9,605,47019,USA,2021-07-09,0,0,Listed for sale,1625788800000.0,649000.0,532.0,Pasadena,CA,1987,64 N Mar Vista Ave APT 127,91106.0,-118.12631225585938,34.147327423095696,0,Premier and Convenient Location A quite street Between Lake Ave and Hill Ave. Walking distance to Colorado Blvd Few blocks from Cal Tech P.C.C & Metro Station. Gated Community. The unit is on the 1st floor it features 3 Bedrooms and 3 Bathrooms. Laundry room inside the unit. Open spaces of Living and Dining area. Granite Counter top kitchen and breakfast counter Built-in micro wave oven Cabinets. A Ceiling Fan in the Master Suit with it own bathroom and Walk-In Closet. Bright and Airily other two decent bedrooms  Wood Laminate flooring on the living room and bedrooms. Granite counter tops & Tile flooring on the Kitchen and the bathrooms . Central A/C.. A Large Private balcony runs through outside area of the Living room and a bedroom Good for the patio furniture and the Extra storage spaces. 2 Side by Side parking spaces under the gated building. Community Pool Spa Gym & Recreation room. Close to Restaurants Schools stores and more.. Easy access to free way 210.,USD,1220.0,1220.0,Acres,3.0,3.0,0.0,1,2.0,1,One,0,1,0,0,CONDO,Los Angeles County
64,91106-2108829894,9,606,47019,USA,2021-07-09,0,0,Listed for sale,1625788800000.0,3575000.0,0.0,Pasadena,CA,1959,102 N Holliston Ave,91106.0,-118.12247467041016,34.14786529541016,0,Walking Distance to CalTech and PCC. 102 N Holliston Avenue boasts an ideal unit mix of eight one-bedroom/one-bathroom units two two-bedroom/one-bathroom units and one three-bedroom/one-bathroom unit. Units offer carpet and tile flooring electric cooktops/stoves ceiling fans and wall units for heating and cooling. Upper units have vaulted ceilings and select units have dual entrances sliding glass doors and large balconies or patios. PLEASE DO NOT WALK THE PROPERTY OR DISTURB RESIDENTS. The OM is attached as a document.,USD,0.0,0.0,Acres,0.0,0.0,7492.0,1,0.0,0,0,0,0,0,0,MULTI_FAMILY,Los Angeles County
65,91106-20870252,9,607,47019,USA,2021-07-09,0,0,Listed for sale,1625788800000.0,589000.0,935.0,Pasadena,CA,1923,449 N Hill Ave,91106.0,-118.12164306640624,34.153823852539055,0,Location Location Location!!! This lovely & adorable Spanish Style Pasadena home is such an amazing opportunity! It is just minutes from some incredible places such as the Rose Bowl Eaton Canyon Hiking Trail and Old Town Pasadena where the shopping and restaurants are endless! Also just down the street from the 210 Freeway you are extremely close to Downtown LA & Dodger Stadium! Thank you so much for viewing this home!,USD,630.0,630.0,sqft,1.0,1.0,0.0,1,1.0,1,One,0,0,0,0,SINGLE_FAMILY,Los Angeles County
66,91108-111915959,9,608,54299,USA,2021-07-08,0,0,Listed for sale,1626048000000.0,2680000.0,1075.0,San Marino,CA,1948,1235 Saint Albans Rd,91108.0,-118.12511444091795,34.119110107421875,0,Well located on beautiful St. Albans Road across from the rose garden at Lacy Park is this handsome 1948 two-story New England Colonial style home which is sited on nearly a half acre of park-like grounds. Set back off the street and well hedged for privacy this spectacular yard features an open grassy space for playing and entertaining a beautiful driveway with stone and brick detail which serves as a patio space as well as a basketball court. The automatic driveway gate enhances the privacy of the yard and the feel of the estate-like grounds. There are several fine specimen trees including magnolia ash silver maple Chinese elm and fruit trees. At the rear of the yard is a sparkling Perry pool and spa that are surrounded by perimeter hedging and a spacious pool deck for lounging. A charming play house was built on the grounds and features skylights high open-beam ceiling built-in bench seats with storage and a unique ping pong storage closet. This could be used as a work-from-home space home gym or a playroom. The home and yard are designed for entertaining with great access to the yard from the kitchen den and living room. This pride-of-ownership home features 3 upstairs bedrooms plus a downstairs den which features a closet built-in bookcases and a gas fireplace and 2.5 bathrooms. The 2 upstairs full bathrooms were re-done with tile from Mission West Tile. Enter through the formal entry which showcases leaded glass windows on either side of the front door plus two coat closets a beautiful staircase a formal living room with gas fireplace and wonderful natural light plus a formal dining room. Both formal rooms have a double door entry. Across the rear of the home is a gorgeous well-constructed covered brick patio that extends the outdoor entertainment space from the living room to the kitchen. The current owner replaced the oak hardwood floors downstairs in keeping with the character of the home. The updated kitchen and breakfast area offer access to the yard via a charming dutch door. The stainless steel appliances include a Subzero refrigerator Bosch dishwasher a gas cooktop and built-in oven. Adjoining the kitchen is a separate laundry room with storage cabinets and an extra sink and has direct access to the attached 2-car garage. The garage offers the convenience of attic storage with a pull-down staircase and an automatic garage door opener. Enjoy this prime location and absolutely stunning setting.,USD,2492.0,2492.0,Acres,3.0,3.0,0.0,1,2.0,1,Two,1,1,0,0,SINGLE_FAMILY,Los Angeles County
67,95019-2069783154,9,634,11535,USA,2021-07-02,0,0,Listed for sale,1625184000000.0,250000.0,0.0,Freedom,CA,0,30 Carey Ave,95019.0,-121.77257537841795,36.93309783935547,0,"""Heres Your Chance to Build your Dream home with ADU! Seller has had Architect create design development plans for 3 bedroom 2 bath 1477 SQF Single level home with detached 206 SQF garage and a 2 Bedroo 1 bath 591 SQF. Level lot. Utilities in the street. Plans have not been submitted to city.""",USD,0.0,0.0,sqft,0.0,0.0,0.0,0,0.0,0,0,0,0,0,0,LOT,Santa Cruz County
68,95125-19682662,9,942,33839,USA,2021-07-12,0,0,Listed for sale,1626048000000.0,1325000.0,678.0,San Jose,CA,1973,1565 Whiterock Cir,95125.0,-121.90880584716795,37.29209899902344,0,Fall in love with this townhome in the sought after Dry Creek Village Community. Enjoyable open floor plan with hardwood floors recessed lighting and many windows and sliders which provide an abundance of natural light. Formal living room with fireplace and patio access and separate family room/den located off of the two car garage. Gourmet kitchen with large center island bar beautiful custom cabinetry soft closing drawers stunning backsplash and large informal dining area. Three spacious bedrooms located upstairs: Master retreat with sitting/office area with vaulted ceiling and large picture windows offering a gorgeous view of the common area. Two and a half baths: Master bath with marble counter and large stall shower. Half bath conveniently located downstairs off of the main living area. This community is a gorgeous park-like setting with sprawling lawns a variety of mature exotic trees and features a community swimming pool.,USD,1954.0,1954.0,sqft,3.0,3.0,0.0,0,0.0,0,0,0,0,0,0,TOWNHOUSE,Santa Clara County
69,95125-19683828,9,943,33839,USA,2021-07-12,0,0,Listed for sale,1626048000000.0,1450000.0,1042.0,San Jose,CA,1939,1450 Bird Ave,95125.0,-121.8902816772461,37.30681228637695,0,"""Charming Willow Glen property features beautiful hardwood floors granite kitchen w/ gas stove fireplace w/ insert in living room large window / window seat in family room Indoor Laundry with extra storage recessed lighting skylights ceiling fans dual pane windows RV parking covered / enclosed deck patio custom built 10 x 12 insulated storage shed approx 10 x 10 basement 2 zone A/C & more auto sprinklers new front landscaping! Conveniently located near shopping & much more! Detached garage at back of property being used as an ADU with 1 bedroom 1 bathroom full kitchen - benefit of permits for these improvements are unknown""",USD,1392.0,1392.0,sqft,2.0,3.0,0.0,0,0.0,0,0,0,0,0,0,SINGLE_FAMILY,Santa Clara County
70,95125-19692509,9,944,33839,USA,2021-07-09,0,0,Listed for sale,1625788800000.0,2499999.0,986.0,San Jose,CA,1958,1625 Fairwood Ave,95125.0,-121.90428924560548,37.28248596191406,0,Willow Glen living at its finest! Beautifully updated one-of-a-kind Eichler in the Fairglen neighborhood. This home has been transformed into a 2-story 2536 square foot masterpiece with 5 bedrooms and 4 full baths. 2 master suites with one of them on the ground floor & 2 additional ground floor bedrooms. High end tile and hardwood flooring. The great room includes the family room living room and a fantastic kitchen with stainless steel appliances quartz countertops bamboo cabinetry and a huge island. Open & bright in the true Eichler fashion! Fantastic flowing floor plan that is perfect for entertaining. Floor to ceiling windows lead to the peaceful backyard with a deck & patio. The upstairs master suite includes amazing tile work and an oversized steam shower. The location is extremely convenient close to all the shopping restaurants and amenities that Willow Glen has to offer. Just steps to Presentation High School and near Highways 85 87 & 280. Truly a unique property!,USD,2536.0,2536.0,sqft,4.0,5.0,0.0,0,0.0,0,0,0,0,0,0,SINGLE_FAMILY,Santa Clara County
71,95125-19683009,9,945,33839,USA,2021-07-09,0,0,Listed for sale,1625788800000.0,2475000.0,871.0,San Jose,CA,2019,1165 Prevost St,95125.0,-121.88971710205078,37.312591552734375,0,Just like new 2019 Custom Built Single-family home on a 7000 square foot lot built by Green Bellagio Builders. Stunning entry with high ceilings a beautiful staircase and railings. Gourmet kitchen with professional grade Thermador appliances. Endless upgrades in kitchen bathroom and throughout leave no expense spared. High ceilings throughout create an open feel. Enjoy a smart home that is also wired for speakers and cameras. Anderson windows with automatic window coverings. Spacious backyard with elegant organic garden. Located on a prime Cul-de-sac less than a mile from downtown Willow Glen and half a mile to Caltrain. Bedroom on first level electric car connection and two fireplaces.,USD,2843.0,2843.0,sqft,3.0,4.0,2843.0,1,2.0,1,Two Story,0,0,0,0,SINGLE_FAMILY,Santa Clara County
72,95125-63066030,9,946,33839,USA,2021-07-09,0,0,Listed for sale,1625788800000.0,999000.0,512.0,San Jose,CA,2004,233 Meadow Pine Pl,95125.0,-121.86685180664062,37.2965202331543,0,Beautiful single-family home in the highly sought-after Communication Hills Neighborhood! Beautiful 3 bedroom 2.5 bath home with 1951 sqft of living space. Upgrades including plantation shutters throughout the house and hardwood and bamboo floors throughout. Kitchen boasts a stainless-steel fridge wood cabinetry and gas range. The master suite has a walk-in-closet and dual sinks in the master bath. Relax by the cozy fireplace on cool evenings and enjoy entertaining on the private patio or front porch. Conveniently located within walking distance to great restaurants Kurte Park Target and other shops. Easy access to Downtown Willow Glen Highway 85 87 and 280. Close to many High Tech Giants Train Station and Light Rail.,USD,1951.0,1951.0,sqft,3.0,3.0,0.0,0,0.0,0,0,0,0,0,0,SINGLE_FAMILY,Santa Clara County
73,95125-19687983,9,947,33839,USA,2021-07-09,0,0,Listed for sale,1625788800000.0,1699000.0,1065.0,San Jose,CA,1956,2946 Cottle Ave,95125.0,-121.88658905029295,37.277565002441406,0,Single-story San Jose home in a coveted neighborhood! Well-kept front yard w/fruit trees on a premier tree-lined street. Fresh paint hardwood & travertine floors recessed lighting & natural light through double-pane windows throughout. Vaulted ceiling highlights the hallway while the living room has a stone fireplace. The updated kitchen has granite countertops stainless steel appliances & wood cabinetry. Your master suite has a walk-in closet & a bath w/travertine shower & a jetted soaking tub. Resort like backyard has a solar-heated saltwater pebble tech pool stone coping BBQ island gas firepit paver breezeway with wood plank ceiling& a lockable storage unit. Theres also a new 50-year roof new electrical plumbing & HVAC tankless water heater wood Levolor blinds crown molding + baseboards solid-wood doors w/rubbed bronze hardware finished garage w/cabinets & solar fans in sealed insulated attic. Come take a tour before this ideally located home slips by you!,USD,1596.0,1596.0,sqft,2.0,3.0,0.0,0,0.0,0,0,1,0,0,0,SINGLE_FAMILY,Santa Clara County
74,95125-19576817,9,948,33839,USA,2021-07-08,0,0,Price change,1625702400000.0,899000.0,780.0,San Jose,CA,1935,361 W Virginia St,95125.0,-121.89109802246094,37.320167541503906,0,"""Charming 2 bdrm home in Willow Glen located near dwntwn Willow Glen & dwntwn San Jose. Beautifully landscaped front yard gives the home a nice curb appeal. Hardwood floors throughout home. Bright living room has a rustic fireplace with brick surround. Separate dining area can accommodate a table for 6. Kitchen has granite counter tops white cabinets tile floor & stainless steel refrigerator. Bathroom has travertine tile floors Corian countertops large medicine cabinet for extra storage new light fixture & new bathtub with glass door. Spacious back yard includes redwood deck off the sliding glass doors pavers access to a Â¼ basement & beautiful fruit trees including cherry plum lemon and grapefruit. Additional features include A/C washer & dryer in laundry area double pane windows fireproof safe in 2nd bedroom & a detached oversized 2 car garage. Conveniently located near VTA light rail station easy access to 87 & 280 & less than 10 mins away from San Jose Intl Airport.""",USD,1152.0,1152.0,sqft,1.0,2.0,0.0,1,0.0,0,0,0,0,0,0,SINGLE_FAMILY,Santa Clara County
75,95125-19686330,9,949,33839,USA,2021-07-08,0,0,Listed for sale,1625702400000.0,1398888.0,925.0,San Jose,CA,1950,1849 Ellen Ave,95125.0,-121.88793182373048,37.29827499389648,0,Welcome to 1849 Ellen Avenue situated in the heart of Willow Glen on a beautiful quiet tree-lined street. This home features 3 Bedrooms + Loft 2 Bathrooms and an open floor plan! Kitchen has been completely remodeled with white shaker style cabinets Granite\xa0countertops and stainless steel appliances. Spacious living room open to the kitchen perfect for entertaining. Large Master bedroom W/ en suite bathroom oversized shower and walk-in closet. Bonus loft area perfect for a home office or kids play area. Double pane windows. Recessed lighting. Central Heating and Air Conditioning. Rooftop deck perfect for enjoying your morning coffee or evening wine. Spacious backyard area ideal for entertaining. Detached two car garage. Impeccable location less than 1 Mile to Downtown Willow Glen Shopping and Restaurants on Lincoln Avenue. Booksin Elementary (Buyer To Verify). Do not miss the opportunity to make this house your home!,USD,1513.0,1513.0,sqft,2.0,3.0,0.0,0,0.0,0,0,0,0,0,0,SINGLE_FAMILY,Santa Clara County
76,95125-19685372,9,950,33839,USA,2021-07-07,0,0,Listed for sale,1625616000000.0,1349000.0,791.0,San Jose,CA,1947,1215 Curtner Ave,95125.0,-121.89148712158205,37.288795471191406,0,"""Beautiful Willow Glen home on a family friendly block awaits its new owners! This keenly updated 2 bed plus office (easily made into 3rd bed) 1706+/-sf home sits on a large 7147sf lot with long driveway & spacious and private backyard. Open floor plan:gorgeous chefs kitchen designed to entertainlarge islandgranite countersbreakfast barSS appliancescustom Crystal white cabinetryhardwood floor. Classic foyer and archways large front living room and bright office area. Oversized bedrooms with amble closets and space for even more closets inside walls. Separate family room allows great flow from kitchen to backyard area. Endless opportunities or backyard area. Plenty of parking in the long driveway and on the street. Fiber internet. New central AC/Heat. Enjoy the bounty from the most amazing avocado Meyer lemon plum and Fuji like apple trees. Welcome to classic Willow Glen living. minutes from parks schools downtown WG Hwy 8785 280 and technologies hub in Silicon Valley.""",USD,1706.0,1706.0,sqft,2.0,2.0,0.0,0,0.0,0,0,0,0,0,0,SINGLE_FAMILY,Santa Clara County
77,95125-2069733381,9,951,33839,USA,2021-07-06,0,0,Listed for sale,1625529600000.0,649000.0,606.0,San Jose,CA,1984,1544 Alma Ter,95125.0,-121.88493347167969,37.30778503417969,0,Affordable living in desirable Willow Glen & close to the approved Google Village. Located in the best location of the community this spacious end-unit top-level 2bed/2bath condo is tucked away in the quiet corner of the community. This secluded unit boasts ample natural light high ceilings a fireplace in the living room a private balcony wood flooring stainless steel appliances storage closets and in-suite laundry. The home has been recently updated with new paint modern light fixtures a custom blind system and an HD Samsung 3-D TV. Fridge washer and dryer are 1-yr new! Individual temp control in each room and A/C wall unit in the living room. Excellent community with two pools a spa green spaces and walking trails. 1 assigned covered parking and lots of guest parking.  Take a stroll to the nearby Three Creeks Trail cafes & eateries Caltrain and downtown Willow Glen. This convenient location is within easy access to 87 HWY 280 downtown SJ and SJ airport.,USD,1071.0,1071.0,sqft,2.0,2.0,0.0,0,0.0,0,0,1,1,0,0,CONDO,Santa Clara County
78,95125-19684288,9,952,33839,USA,2021-07-06,0,0,Listed for sale,1625529600000.0,1598000.0,875.0,San Jose,CA,1964,1565 Creek Dr,95125.0,-121.88458251953124,37.30621719360352,0,"""Come visit this meticulously kept updated 4-bedroom 2-bath home located on a well-kept street with super-friendly long time neighbors close to everything lovely Willow Glen has to offer. Walk into the inviting and well lit foyer and living room. The kitchen includes a professional-grade gas range oven for the chef in your family! Space your family out in the separate living room and huge family rooms with recessed lighting throughout! The family room leads out to lovely low maintenance patio with your own personal jacuzzi! Roof is 6-years new water heater is 7-years new water softener is 3-years new and furnace is 4-years new. Run walk bike or scooter to Lincoln Glen park or into charming downtown Willow Glen to enjoy coffee shops delicious restaurants fantastic salons and the farmers market. Water softener refrigerator and the almost-new front load washer/dryer included. Yes this home has AC! Easy access to 280/87 Caltrain and the future Google Village.""",USD,1826.0,1826.0,sqft,2.0,4.0,0.0,0,0.0,0,0,0,0,0,0,SINGLE_FAMILY,Santa Clara County
79,95125-19682679,9,953,33839,USA,2021-07-04,0,0,Listed for sale,1625356800000.0,1250000.0,717.0,San Jose,CA,1973,1584 Whiterock Cir,95125.0,-121.90876007080078,37.29143524169922,0,"""Desirable Dry Creek Village Townhome 3 Bedrooms 2 Bathrooms Several Private Courtyards Plus Backyard Patio w/Private Gate to Access the Greenbelt Attached Two Car Garage Air Conditioning. Formal Dining Room w/New Designer Chandelier and eat-in kitchen area. Vaulted Ceilings Gas switch Fireplace. Upstairs loft/office with big walk in attic. Clubhouse Pool kids pool bocce ball courts tennis court pickle ball court and big park like meadow with low HOAs. Walking distance to grocery stores and restaurants. Easy access to freeways very central location. Welcome home! Open houses Saturday & Sunday 7/10 & 7/11 1:30pm to 4pm.""",USD,1743.0,1743.0,sqft,2.0,3.0,0.0,0,0.0,0,0,0,0,0,0,TOWNHOUSE,Santa Clara County
80,95125-19687699,9,955,33839,USA,2021-07-01,0,0,Listed for sale,1625097600000.0,1849000.0,771.0,San Jose,CA,1963,1506 Cherry Garden Ln,95125.0,-121.89601135253906,37.27990341186523,0,Willow Glen opportunity on a tree lined street around the corner from Presentation High School. Large living room (17x14.5) and family room (17X19) side by side. Casual dining area in the kitchen. Original fourth bedroom converted to a formal dining room (11X15). Granite kitchen counters. Dual paned windows. Former screened patio is now an enclosed rumpus room (17.5X18) with wet bar converted without permits. Second family room square footage not included in the listed square footage of 2399.  Award winning Schallenberger Elementary.,USD,2399.0,2399.0,sqft,3.0,3.0,0.0,0,0.0,0,0,0,0,0,0,SINGLE_FAMILY,Santa Clara County
81,95125-19687913,9,956,33839,USA,2021-06-30,0,0,Listed for sale,1625011200000.0,2598000.0,852.0,San Jose,CA,1955,1340 Koch Ln,95125.0,-121.8896026611328,37.279930114746094,0,"New Construction in 2013 by Pacific Union this home is absolutely stunning. Open concept - spacious kitchen with center island with prep sink GE Cafe series appliances 36"" Bertazzoni range window that looks out to meticulous backyard. High ceilings great room with fireplace separate dining room downstairs half bath + full bath + bedroom. Additional 3 spacious bedrooms upstairs including the owner\s suite with a walk-in closet bathroom with soaking tub and large shower. Two other bedrooms are connected by a very large bathroom for kids to share. Convenient upstairs laundry room central air & heat double pane windows. Downstairs are hand scraped white washed hardwood flooring. Owner\s have added a stunning outdoor kitchen with bar seating. Landscaping is mature & gorgeous. Move right in to this wonderful Willow Glen home and neighborhood!",USD,3049.0,3049.0,sqft,4.0,4.0,0.0,0,0.0,0,0,0,0,0,0,SINGLE_FAMILY,Santa Clara County
82,95125-19686599,9,957,33839,USA,2021-06-29,0,0,Listed for sale,1624924800000.0,1250000.0,1071.0,San Jose,CA,1950,1861 Bird Ave,95125.0,-121.88471221923828,37.29995346069336,0,"""Willow Glen charmer. 2/1 classic with original hardwood floors in living room. This home needs some TLC to bring it up to date. Vacant and easy to show. Room in the backyard for expansion of house or maybe a pool or ADU. Newer construction right next door. Same family for over fifty years. Seller has a CA. Brokers license and is the owner.""",USD,1167.0,1167.0,sqft,1.0,2.0,0.0,0,0.0,0,0,0,0,0,0,SINGLE_FAMILY,Santa Clara County
83,95125-19685420,9,958,33839,USA,2021-06-27,0,0,Listed for sale,1624752000000.0,1299000.0,1026.0,San Jose,CA,1941,1144 Malone Rd,95125.0,-121.89144897460938,37.292579650878906,0,Just Renovated Classic Willow Glen Charmer in the heart of beautiful Willow Glen. Enjoy living with high end designer finishes new gourmet kitchen with quartz countertops new cabinetry large peninsula with gas stove and seating stainless steel appliances including gas range hood and a built-in microwave decorator tile backsplash and flooring and brass tone fixtures. New bathroom with designer fixtures and tiles. Open floor plan with wood flooring formal living room features fireplace bonus back room can be used as a family room bedroom or office and features sliding glass doors to the private and large yard with lush lawn. Home also features welcoming front porch two car detached garage interior laundry room dual pane windows recessed lighting tankless water heater new paint inside and out. On a quiet tree lined street close to downtown WG with restaurants shops and farmers market.,USD,1266.0,1266.0,sqft,1.0,2.0,0.0,1,0.0,0,0,0,0,0,0,SINGLE_FAMILY,Santa Clara County
84,95125-19682852,9,959,33839,USA,2021-06-25,0,0,Listed for sale,1624579200000.0,675000.0,514.0,San Jose,CA,1964,1898 Meridian Ave UNIT 48,95125.0,-121.91314697265624,37.28926086425781,0,Dry Creek HOA in Willow Glen. Gated community with tall trees extensive landscaping. Experience the peace and calm that pervades this community. Wander down the pathway to the secluded pool and club house. Relax in the park-like setting as you listen to the birds in the trees. Unit 48 has a spacious living room a separate dining area and an efficient kitchen with stainless steel appliances and a built-in microwave. Inside laundry hookups make for a self-contained unit. The large master bedroom and comfortable sized guest bedrooms make Unit 48 well-suited for comfortable living. New carpet and paint. Master bath shower is new.,USD,1312.0,1312.0,sqft,2.0,3.0,0.0,0,0.0,0,0,0,0,0,0,CONDO,Santa Clara County
85,95125-19682434,9,960,33839,USA,2021-06-25,0,0,Price change,1626048000000.0,1690000.0,983.0,San Jose,CA,1945,1558 Minnesota Ave,95125.0,-121.9120635986328,37.30073547363281,0,This lovely home boosts of Willow Glen charm. Have to see in person to appreciate the excellent condition and the Charms.  A rare found in Willow Glen-2 single family houses on a large 7138 sq ft lot! No need to build or convert a ADU. Move-in ready! 2 bedroom and 2 bath in the front house. Remodeled kitchen with new stainless steel appliances and Quartz countertops.  Living room has a fireplace and refinished hardwood flooring. Crown moldings throughout. Master bathroom with laundry area included.  Spacious backyard offers serenity for outdoor living or plenty rooms to add-on living footage. Back house has 800 sq ft with spacious living room one bedroom one bath and an enclosed patio/laundry area. The enclose patio is a perfect office space. Both houses are newly painted interior and exterior. New Heating units. Super nice neighbors. Great location: less than 1 mile to downtown Willow Glen; a short stroll to Bramhall Park; 1.5 miles to Willow Glen High School; Popular private high schools Bellermine and Presentation are within 3 miles 0.5 mile walk distance to Blackford Elementary School easy access to freeways close to major IT companies universities future Google expansion train stations and more.  This is a great place to call HOME.,USD,1720.0,1720.0,sqft,3.0,3.0,0.0,0,0.0,0,One,0,0,0,0,SINGLE_FAMILY,Santa Clara County
86,95125-19578028,9,961,33839,USA,2021-06-25,0,0,Listed for sale,1624579200000.0,1199999.0,785.0,San Jose,CA,1916,352 Jerome St,95125.0,-121.8908920288086,37.31834411621094,0,"""Beautiful Willow Glen home with bright natural light throughout and an updated open floor plan with recessed lighting. The spacious living and dining area adjoin the updated kitchen for family gatherings or simple quality time during the week. This home includes 4 Br and 3 updated Ba with 2 Br having ensuites perfect for a multi generational family. The updated kitchen with gas stove and generous counter space is an entertainers delight. The backyard provides plenty of room for a garden and space to enjoy our summer nights. The detached 2 car garage is 650 this includes a 180 office and other 200 room that leads to thoughts of a future rental cottage to help pay your mortgage college expenses or provide a guest quarters. This home is just minutes to downtown Willow Glen San Jose and several parks. When work calls 280 87 and Caltrain are also minutes away to help shorten your commute. This up and coming area in Willow Glen offers one of the best values in the neighborhood.""",USD,1529.0,1529.0,sqft,3.0,4.0,0.0,1,0.0,0,0,0,0,0,0,SINGLE_FAMILY,Santa Clara County
87,95125-19591178,9,962,33839,USA,2021-06-24,0,0,Listed for sale,1624492800000.0,1589000.0,924.0,San Jose,CA,1955,1501 Grace Ave,95125.0,-121.919189453125,37.29789733886719,0,Welcome Home to this beautifully maintained Willow Glen Charmer located in a wonderful tree-lined neighborhood filled with pride of ownership. This light & bright single story 4 Bed/ 2 Bath home has been lovingly maintained offering 1720 sq ft of living space on a 7775 sq ft lot. This home boasts stainless steel appliances gleaming hardwood floors & carpetdouble-paned windows with custom shutters recessed lighting in-ceiling Sonos speakers patio speakers Ring alarm & doorbell and a separate entertainment closet for electronics. Meticulously maintained mature landscaping both front and back. Detached 2 car garage with epoxy coated flooring and much more! Close to shopping restaurants freeways. A must-see!,USD,1720.0,1720.0,sqft,2.0,4.0,0.0,0,0.0,0,0,0,0,0,0,SINGLE_FAMILY,Santa Clara County
88,95125-19686457,9,963,33839,USA,2021-06-15,0,0,Listing removed,1624320000000.0,1250000.0,1411.0,San Jose,CA,1922,888 Pine Ave,95125.0,-121.88753509521484,37.30065536499024,0,"""Attention all investors contractors and developers. Fixer opportunity awaits. Charming bungalow in the heart of Willow Glen. Across from River Glen park. Rehab add on or new development. Two bed one bath quarter basement detached garage large lot. Current tenant pays $2700 per month and the lease ends July 31 2021. Tenant will be out by close of escrow unless buyer would like them to stay month to month. Please do not disturb tenant and do not walk on property without permission. Property needs work. Seller has a CA. Brokers license and is the owner.""",USD,886.0,886.0,sqft,1.0,2.0,0.0,0,0.0,0,0,0,0,0,0,SINGLE_FAMILY,Santa Clara County
89,95125-19699505,9,964,33839,USA,2021-06-12,0,0,Listed for sale,1623456000000.0,799000.0,884.0,San Jose,CA,1942,375 Perrymont Ave,95125.0,-121.87041473388672,37.30060958862305,0,Great investment opportunity! Perfect for a contractor handyman or investor looking for a renovation project. Lot is zoned R-3 which may be possible for multiple units. Upper floor is a 1 bedroom 1 bath living space. First floor was originally a garage that has been converted to two bedrooms laundry room and storage space.,USD,904.0,904.0,sqft,1.0,1.0,0.0,0,0.0,0,0,0,0,0,0,SINGLE_FAMILY,Santa Clara County
90,95125-19682527,9,965,33839,USA,2021-06-10,0,0,Listed for sale,1623283200000.0,815000.0,809.0,San Jose,CA,1971,1483 Glenpine Dr,95125.0,-121.8990478515625,37.30111312866211,0,A unique opportunity to live in the beautiful Willow Glen community. New paint and flooring to be done within 30 days and property will be off the market to view during those events for safety. First time on the market for this townhouse at Forest Glen: an established green neighborhood with a relaxed atmosphere within walking distance of shops restaurants banks schools public transportation and a library just across the street. Perfect for walkers and cyclists. Just minutes away from highway 280 and 87 for commuters. Dual-pane windows are already installed in this property: you just need to give his wonderful townhouse some TLC to make it feel like home before seller starts painting and changing carpet that might not be to your taste.,USD,1008.0,1008.0,sqft,2.0,2.0,0.0,1,0.0,0,0,0,0,0,0,TOWNHOUSE,Santa Clara County
91,95125-19691653,9,966,33839,USA,2021-06-08,0,0,Price change,1625875200000.0,2298000.0,860.0,San Jose,CA,1973,1742 Dorrance Dr,95125.0,-121.9122543334961,37.28474044799805,0,"Welcome Home! Located in the very desirable Dry Creek area of Willow Glen this spacious five bedroom home is inviting and ready to make it ""home"". The home is perfectly situated on a great corner on a very lovely street of homes. There is room for everything you have and want- large covered parking for recreational vehicles two car garage with built in cabinets and a longer driveway. The backyard features a sparkling pool and spa area built-in BBQ fridge and fire pit on a over-sized wood deck with access to the pool and the lawn- perfect for entertaining small and large gatherings. The interior home is bright and full of light- a wonderful & spacious floor plan to house all your treasures and feel all the comforts of home. *Please note that the pool does safety fence included- not shown in pictures.",USD,2673.0,2673.0,sqft,3.0,5.0,0.0,1,0.0,0,0,1,1,0,0,SINGLE_FAMILY,Santa Clara County
92,90006-250333867,9,967,12447,USA,2021-07-13,0,0,Listed for sale,1626134400000.0,1200000.0,0.0,Los Angeles,CA,1913,1758 S New England St,90006.0,-118.28734588623048,34.04148483276367,0,A great opportunity to restore these vintage units and build ADUs. The large RD1.5 street-to-alley lot presents many possibilities for developers. The area is going through a revival a rediscovery and a new type of conformity is taking hold. This is your chance!,USD,0.0,0.0,sqft,0.0,0.0,4494.0,0,0.0,0,Two,0,0,0,0,MULTI_FAMILY,Los Angeles County
93,90026-20742371,9,968,12447,USA,2021-07-13,0,0,Listed for sale,1626134400000.0,1200000.0,1961.0,Los Angeles,CA,1929,1907 Lemoyne St,90026.0,-118.25453186035156,34.087650299072266,0,Retreat into this private oasis in the heart of a vibrant & eclectic neighborhood with views of Griffith Observatory & the Hollywood sign. This unique property includes a second lot allowing room to build a custom home at the top of the lot while keeping the existing bungalow as a guest house or ADU. At the street level you will notice a custom retractable fence welcoming you into the grounds. This bungalow is wrapped in privacy being below the street level and surrounded by carefully curated landscaping creating a secluded & relaxed atmosphere. Enjoy the outdoor space with terraced entertaining areas that connect the buildings. After sunset you can continue to enjoy outdoor living with the gas firepit and landscape lighting. Coming inside the main house the interior has an open concept with vaulted ceilings and exposed beams. The kitchen boasts a Viking oven with 4 burner cooktop corian countertops a movable kitchen island and plenty of natural light. The living space flows to the bedroom with en suite bathroom. Below the main level is storage & a partially finished multipurpose room with AC & heat. The first outbuilding has a half bath inside an outdoor shower & can be used as a guest house office studio or schoolroom. The seller is putting finishing touches on several items while the home is on the market. We welcome you to come see this unique property.,USD,612.0,612.0,sqft,0.0,1.0,0.0,0,0.0,0,Two,0,0,0,0,SINGLE_FAMILY,Los Angeles County
94,90031-82883298,9,969,12447,USA,2021-07-13,0,0,Listed for sale,1626134400000.0,1500000.0,257.0,Los Angeles,CA,1949,2653 Pasadena Ave,90031.0,-118.21574401855469,34.078384399414055,0,Rare opportunity to own 6 units on a HUGE 17000+ sqft flat lot with 5 vacant units! Fixer cash only. 2653 Pasadena Ave in Lincoln Heights Los Angeles has a total of 3 buildings with 5827 sqft of living space. Rear building has four attached single-story 1 bed/1 bath units (2587 sqft) with extensive fire damage and is uninhabitable. The front building is a small office (432 sqft) with a half bath and has potential to be converted to residential (Buyer to verify w/ the city). In the middle sits a single-family home (2808 sqft) that is currently tenant-occupied and being used as 2 units. Rear building has an attached 2-car garage and communal laundry room. There is an additional 10 uncovered spaces. 8 electrical meters 8 gas meters and 1 water meter. Centrally located in Lincoln Heights and close to DTLA Pasadena Highland Park with easy access to the 5 and 110 freeways.,USD,5827.0,5827.0,Acres,0.0,0.0,5827.0,1,2.0,1,0,0,0,0,0,MULTI_FAMILY,Los Angeles County
95,90026-20739895,9,970,12447,USA,2021-07-12,0,0,Listed for sale,1626048000000.0,1595000.0,763.0,Los Angeles,CA,1909,1442 W Sunset Blvd,90026.0,-118.25348663330078,34.074729919433594,0,"""Silver Lake - Echo Park development opportunity!! The existing structure is a 2000 SF Single Family home with 4 bedrooms and 3 bathrooms on a 6500 SF C2-1VL lot. It is located on Sunset Blvd in Echo Park close to Silver Lakes Sunset Junction home to trendy dining and boutique storefronts such as Pine and Crane Montys Good Burger Intelligentsia La Colombe Erewhon and 33 Taps. The property sits on a mostly flat lot on a hill perched above Sunset Blvd with amazing panoramic and Echo Park Lake views. It is tucked away from the street with an entrance from a quiet alleyway off of Sunset. Buyer to verify feasibility and rely on their own investigations and findings. Survey report available upon request.""",USD,2090.0,2090.0,sqft,2.0,4.0,0.0,0,0.0,0,0,0,0,0,0,SINGLE_FAMILY,Los Angeles County
96,90006-2094476557,9,971,12447,USA,2021-07-12,0,0,Listed for sale,1626048000000.0,1999000.0,0.0,los angeles,CA,0,1050 S. Bonnie Brae St,90006.0,-118.27824401855469,34.04931259155273,0,Victorian House with great potential near DTLA and Koreatown. The property is located PICO-UNION HOPZ with C Zoning for Institutional-Homes for Aged NursingHome Shelters and Much more. Has been renovated like New Paint New Floor for some area New Kitchen Floor. Currently 4 rooms are occupied and the rest of the rooms are vacant. The house will be vacant at close of escrow with a full price of the offer,USD,0.0,0.0,sqft,0.0,0.0,4959.0,0,0.0,0,0,0,0,0,0,MULTI_FAMILY,Los Angeles County
97,90026-20626050,9,972,12447,USA,2021-07-12,0,0,Listed for sale,1626048000000.0,1095000.0,0.0,Los Angeles,CA,1924,1710 Miramar St,90026.0,-118.26800537109376,34.061634063720696,0,"""1710-1712 Miramar Street remodeled gated duplex with new roof for sale. *More photos coming soon* 1710 side occupied at $3950/mo. 1712 side vacant as of 07/12/2021 and turnkey for the strategic first-time buyer or discerning investor. Each unit boasts two bedrooms + one bathroom central heating + A/C new dual pane windows natural light throughout high ceilings recessed lighting and designer finishes. Kitchen flaunts modern stainless steel appliances designer backsplash farmhouse-style sink with disposal island countertop and decorative lighting. Two separate meters. Quaint backyard lounge area. Washer-dryer hookups in structures utility room. Rapidly developing Westlake neighborhood adjacent to Echo Park Silverlake Koreatown Filipinotown DTLA. Short drive to hospitals FIDM USC Southwestern Law School. For any questions about property please *e-mail* Listing Agent.""",USD,0.0,0.0,sqft,0.0,0.0,1642.0,0,0.0,0,0,0,0,0,0,MULTI_FAMILY,Los Angeles County
98,90026-20738555,9,973,12447,USA,2021-07-12,0,0,Listed for sale,1626048000000.0,1425000.0,856.0,Los Angeles,CA,1922,637 Robinson St,90026.0,-118.2797622680664,34.07987594604492,0,Prime location in Silver Lake. Walking distance to Sunset. Updated kitchen with lots of counter space. Great for cooking. Upgraded bathrooms with dual sinks and rainfall shower heads. The kitchen living room and dining room share a spacious open floor plan with hardwood floors. The Spanish home has a massive backyard with an outdoor fire pit a built in BBQ dining area plenty of space for seating and huge vegetable garden. For privacy and security the home has gated parking with a turnaround driveway and security cameras covering the perimeter. Close to the 101 and ready to go.,USD,1665.0,1665.0,sqft,3.0,3.0,0.0,0,0.0,0,0,0,0,0,0,SINGLE_FAMILY,Los Angeles County
99,90015-95598718,9,974,12447,USA,2021-07-11,0,0,Listed for sale,1625961600000.0,720000.0,774.0,Los Angeles,CA,2009,901 S Flower St UNIT 403,90015.0,-118.26242065429688,34.0455322265625,0,"""Admirable modern condo in the Concerto building surrounded by the most sought after area of DTLA greets you. Immaculate home with contemporary design displaying an open layout concept. This impeccable modern condo with low HOA resides on one of South Parks most sought-after LEED Certified buildings. Concerto is one of the trios of contemporary structures situated in the most vibrant area of downtown LA steps away from L.A. Live & Staples Center & minutes away from cultural landmarks. A private patio is a big plus to relax and reward yourself after a busy day. A generous bedroom is accessible through a large sliding glass door. An adjoining stylish bathroom comprises a sizable shower over tub & ample cabinet space. In addition the unit is conveniently located from amenities including a park-like recreation area complete w/ a pool spa gym BBQ cabana area Tai Chi park dog park and access to the communal areas of the sister buildings. Additionally 1 secured parking spot with plenty of guest parking and a private dog park are provided with a low HOA. Enjoy being surrounded by shops cinemas LA Live The Bloc Whole Foods Market The Staples Center and some of LAs hippest bars and restaurants.""",USD,930.0,930.0,Acres,1.0,1.0,0.0,1,1.0,1,One,0,1,0,0,CONDO,Los Angeles County
100,90006-113105198,9,975,12447,USA,2021-07-09,0,0,Sold,1592784000000.0,500000.0,526.0,Los Angeles,CA,2009,2311 W 10th St UNIT 105,90006.0,-118.28211212158205,34.053260803222656,0,Urban living in the heart of the city! This beautiful recently remodeled condo built in 2009 features 2 bedrooms 2 baths granite counters recessed lighting in a well maintained building with underground parking and security guard. Open concept kitchen/living room with full size stackable washer/dryer cabinet. Granite counter top hard wood flooring and stainless steel appliances. Only few minutes away from Downtown Los Angeles Koreatown Little Tokyo shopping dining entertainment and freeways.,USD,950.0,950.0,Acres,2.0,2.0,0.0,1,2.0,1,One,0,0,0,0,CONDO,Los Angeles County
101,90012-20740927,9,976,12447,USA,2021-07-09,0,0,Listed for sale,1625788800000.0,619000.0,530.0,Los Angeles,CA,1976,931 New Depot St APT 12A,90012.0,-118.24591827392578,34.06625366210937,0,Fantastic 3-Bedroom Condo Unit in Prime Downtown LA Location Bordering Echo Park & Chinatown! Modern open-concept layout. Living room w/ hardwood floors & oversized windows w/ lots of natural light. Dining area w/ adjacent kitchen & breakfast bar. Master Bedroom w/ balcony. Direct access from gated garage to unit (single parking space). Central AC + heat. Gated building. Minutes to the best dining shopping & entertainment the area has to offer. Turnkey!,USD,1169.0,1169.0,Acres,2.0,3.0,0.0,0,0.0,0,0,0,0,0,0,CONDO,Los Angeles County
102,90057-20626899,9,977,12447,USA,2021-07-09,0,0,Listed for sale,1625788800000.0,399000.0,450.0,Los Angeles,CA,1970,400 S La Fayette Park Pl APT 113,90057.0,-118.28111267089844,34.06524658203125,0,"""Location Location Location! This unit is located near Koreatown minutes from downtown LA and Silverlake USC Staples Center Dodger Stadium LA Live shopping restaurants parks metro and 101 &110 freeways. This 1 bed 1.5 bath condo features a fireplace and a large private outdoor balcony. The 400 features several amenities including a pool dry sauna residents lounge and more. Being Sold As-Is Condition.""",USD,886.0,886.0,Acres,2.0,1.0,0.0,1,1.0,1,One,0,0,0,0,CONDO,Los Angeles County
103,90026-20744697,9,978,12447,USA,2021-07-09,0,0,Price change,1625788800000.0,1590000.0,743.0,Los Angeles,CA,1923,3325 Hamilton Way,90026.0,-118.27458190917969,34.08720016479492,0,"""Envision yourself in this tri-level home in this highly coveted neighborhood of Silver Lake. This beautiful home is nestled in a desirable hillside street within walking distance to Sunset Blvd and all Silver Lake has to offer with amazing unobstructed views. Upon entering the home you walk into a beautifully appointed open concept living room dining room kitchen & family room. The many improvements include a fully renovated kitchen with quartz countertops and custom cabinets. All new bathrooms HVAC and updated plumbing and electrical. The beautifully thought out master bedroom which has his & hers closets including a master ensuite walk-in bathroom that make up the entire top floor area of the home where you can also find a reading nook. Here youll find a secondary laundry area as well. In addition there is a permitted larger bonus room with a half bath in the bottom floor with private access to the patio where you can relax and watch the sunsets after a long days work. This versatile bottom space is perfect for guests art studio work space or a yoga room. Outside enjoy your large patio with its vast array of sunshine and views for those California sunsets. Completed in 2021 this beautiful home has all the modern conveniences and trendy finishes youd expect in a Silver Lake home.""",USD,2140.0,2140.0,sqft,3.0,4.0,0.0,1,1.0,1,Three Or More,0,0,0,0,SINGLE_FAMILY,Los Angeles County
104,90026-20738918,9,979,12447,USA,2021-07-09,0,0,Listed for sale,1625788800000.0,1545000.0,944.0,Los Angeles,CA,1926,636 N La Fayette Park Pl,90026.0,-118.27384185791016,34.077301025390625,0,"""The Ultimate in California Indoor/Outdoor Living in the heart of Silverlake. In 2017 completely renovated down to the studs by Gustavo Gubel one of Silverlakes most notable architects . Gubels focus was clean lines combining concrete walnut reclaimed floors and Carrara marble creating a modern yet warm environment .It features an open floor plan with the living dining and kitchen areas seamlessly flowing together in one open space. Multiple windows throughout with a sliding wall of glass in the dining area bringing the outdoor living experience in. No expense was spared .Chefs kitchen with large windows overlooking the landscaped yard an island with Wolf stove and oven suspended hood marble breakfast bar walnut cabinets and Sub-Zero refrigerator. 3 bedrooms/3 bath .Master has ensuite bath and floor to ceiling Carrara marble . 2nd bath with deep soaker . 3rd bedroom/bath in guest house is perched on top of the hill in the yard. Multiple outdoor options include covered outdoor dining area deck off the guest house and large front Limestone deck including indoor and out speakers making this a quintessential home for entertaining . New floors electrical roof plumbing HVAC and construction addition. This rare opportunity is an incredible value with R2 Zoning possibility of second house and ADU addition to existing residence.""",USD,1636.0,1636.0,sqft,3.0,3.0,0.0,1,1.0,1,0,0,0,0,0,SINGLE_FAMILY,Los Angeles County
105,90026-2069656437,9,980,12447,USA,2021-07-09,0,0,Listed for sale,1625788800000.0,625000.0,637.0,Los Angeles,CA,1921,1395 Allison Ave,90026.0,-118.25232696533205,34.07354736328125,0,"""Beautifully remodeled Angeleno Heights flat! Spacious and bright first-floor two-bedroom in the heart of Echo Park at the entrance to Angelino Heights and blocks from all the life on Sunset Blvd. This charming home greets you with a picturesque covered sitting porch a perfect setting for breezy afternoons. Retreat to your very pretty and totally private gated yard under twinkling cafe lights. Inside the kitchen is stunning with timeless design: butcher block countertops brass finishes and new appliances. A formal dining area and faux fireplace in the living room really make this home sing. Two spacious bedrooms a remodeled bath with a deep tub a convenient laundry room with W/D and additional storage new ductless A/C and heat and a single car garage spot are included. Hikes and trails in Elysian Park a block away Dodger Stadium a stones throw away and blocks from local favorites such as Sage Bistro Honey Hi Ostrich Farm Guisados the Friday farmers market and Echo Park Lake. An intimate 4-unit HOA with low HOAs.""",USD,981.0,981.0,sqft,1.0,2.0,0.0,1,1.0,1,0,0,0,0,0,CONDO,Los Angeles County
106,90026-2069656436,9,981,12447,USA,2021-07-09,0,0,Listed for sale,1625788800000.0,625000.0,614.0,Los Angeles,CA,1921,1393 Allison Ave,90026.0,-118.25226593017578,34.07352066040039,0,"""Beautifully remodeled flat in Angeleno Heights! Welcome home to beautiful views in this spacious and bright top-story two-bedroom in the heart of Echo Park at the entrance to Angelino Heights and blocks from all the life on Sunset Blvd. Perched up a flight of steps with a loft-like feel this charming home greets you with a faux fireplace formal dining area and stunning timeless design: butcher block countertops brass finishes and new appliances. Two spacious bedrooms one with a picture window overlooking Echo Park Hills a remodeled with a deep tub a convenient laundry room with W/D and additional storage new ductless A/C and heat and a single car garage spot are included. Unwind at magic hour on your private balcony or get out in the neighborhood: hikes and trails in Elysian Park a block away Dodger Stadium a stones throw away and blocks from local favorites such as Sage Bistro Honey Hi Ostrich Farm Guisados the Friday farmers market and Echo Park Lake. An intimate 4-unit HOA with low HOAs.""",USD,1018.0,1018.0,sqft,1.0,2.0,0.0,1,1.0,1,0,0,0,0,0,CONDO,Los Angeles County
107,90007-2079662801,9,982,12447,USA,2021-07-09,0,0,Price change,1625788800000.0,3700000.0,0.0,Los Angeles,CA,1912,3212 S Main St,90007.0,-118.2715072631836,34.019729614257805,0,Huge Price Improvement! Excellent Investment Opportunity with great central location. No problem renting. 27 units - 6 large one plus ones and 21 good size singles. $3700000. 10.65 GRM and 5.1% CAP. Low price per door. Adjacent downtown Los Angeles and within 2 miles of USC. 3 story walk-up center corridor newly painted professionally managed. Low rents with solid upside. Good paying tenants who care about the building. New LED installation and waterproofing in attic. Qualifies for free tankless water heater program through SoCal Gas and DWP. Located in a transitioning neighborhood with busy ongoing neighboring businesses on a wide street. Well configured with street parking. Showings with approved offer. Drive by only do not disturb tenants.,USD,0.0,0.0,sqft,0.0,0.0,15270.0,0,0.0,0,0,0,0,0,0,MULTI_FAMILY,Los Angeles County
108,90026-20744236,9,983,12447,USA,2021-07-09,0,0,Listed for sale,1625788800000.0,849000.0,822.0,Los Angeles,CA,1922,1318 N Occidental Blvd,90026.0,-118.27066040039062,34.083236694335945,0,A fixer with tremendous potential in prime Silver Lake a block away from Silver Lake Blvd and easy walk to Sunset Junction the reservoir LA Mill and Silver Lake dog park. Upslope lot with gorgeous views. An AS-IS sale - same owners for the last 30 years and with some deferred maintenance. Great opportunity for a developer or investor - cash offers preferred. Inspection report available please call listing agent.,USD,1033.0,1033.0,sqft,1.0,3.0,0.0,0,0.0,0,0,0,0,0,0,SINGLE_FAMILY,Los Angeles County
109,90026-20738922,9,984,12447,USA,2021-07-09,0,0,Listed for sale,1625788800000.0,1395000.0,0.0,Los Angeles,CA,1923,717 N Benton Way,90026.0,-118.27312469482422,34.07760238647461,0,LARGE UNIT VACANT! 4 unit building in exceptional Echo Park location.Walk to Hip eats and shopping. Easy access to 101 freeway and downtown. The 2 upper units are 2 bedrooms each with very large open Living/Dining fireplace facade original details. 2 lower units are 1 bedroom each. 7 off street parking spots! Updated plumbing in 2019. Updated foundation work in 2018. Fantastic money maker and super easy to rent. Very large yard for tenant BBQs and gatherings or to build. Painted in 2019. Very good rents and some with upside potential. PLEASE DO NOT KNOCK OR DISTURB TENANTS. Drive by only. Viewings with an accepted offer.,USD,0.0,0.0,sqft,0.0,0.0,3104.0,0,0.0,0,Multi/Split,0,0,0,0,MULTI_FAMILY,Los Angeles County
110,90012-2091000322,9,985,12447,USA,2021-07-09,0,0,Listed for sale,1625788800000.0,1190000.0,654.0,Los Angeles,CA,2018,1015 Figueroa Ter APT 6,90012.0,-118.24546813964844,34.06917953491211,0,"""3 beds and 2.5 baths 1820 sf End-Unit! One of the select units with glamorous downtown city views from every floor. This unit features a modern and contemporary design with wood floors tiled bathrooms recessed lighting a gourmet kitchen a patio and two balconies. The third floor master suite features a spacious and luxurious bathroom with a separate tub and shower a large walk-in closet and head on views of DTLA through the private balcony. The first floor features an open floor plan living and dining area a gorgeous kitchen a half bath an enclosed patio on one end and a balcony on the other end. The second floor features two guest bedrooms both with walk in closets and a Jack and Jill bath with dual vanities. The unit is equipped with dual central AC and heat built in speakers in the living area and wired for an alarm system. Parking in the community garage is assigned and are rare side by side parking spots for this particular unit which also includes a large storage space that the owner purchased at development. Minutes to DTLA Dodger Stadium parks markets and eateries! Dont miss out on one of the best units in the complex with expansive Downtown Los Angeles views.""",USD,1820.0,1820.0,Acres,3.0,3.0,0.0,1,2.0,1,Three Or More,0,1,0,0,TOWNHOUSE,Los Angeles County
111,90026-20744401,9,986,12447,USA,2021-07-09,0,0,Listed for sale,1625788800000.0,1199000.0,714.0,Los Angeles,CA,1919,1419 N Coronado St,90026.0,-118.2667007446289,34.08339691162109,0,"""Palm trees swaying in the breeze. Spacious sidewalks from which to wave to your friendly neighbors. Sunlight streaming into your very own very private backyard. This is the home youve been dreaming of! Inside the generous open living space and admire the preserved craftsman built-ins. Open and bright the extra large kitchen draws you in. Imagine a vibrant dinner party with enough space to finally have everyone together in the kitchen. The equally large dining room has room for that amazing dining table youve always wanted. Enjoy three spacious bedrooms and two bathrooms and crank up that ice-cold A/C without feeling guilty since you have those owned solar panels! And that backyard! Lush and private with lemon and avocado trees plus a detached bonus space perfect to turn into your home office HQ. Located in the heart of vibrant Silver Lake enjoy brunches at Botanica coffee (and books!) at Stories delicious Thai food at neighborhood favorite Night + Market Song and watching the sun set over the reservoir w/ twilight picnics at the Meadow. Welcome home! Offer deadline 7/15 at 8 pm.""",USD,1679.0,1679.0,sqft,2.0,3.0,0.0,0,0.0,0,0,0,0,0,0,SINGLE_FAMILY,Los Angeles County
112,90012-2079314816,9,987,12447,USA,2021-07-08,0,0,Listed for sale,1622160000000.0,1850000.0,389.0,Los Angeles,CA,1985,733 Bernard St,90012.0,-118.24097442626952,34.06845092773437,0,2 Units now delivered tenant-ready! Great opportunity to own a Non-Rent Controlled ‘85 Construction property at 733 Bernard St. Los Angeles. New buyers can take advantage of this Value-Add NON-RENT CONTROLLED asset currently operating at a 5.33% CAP with still plenty of room to grow the monthly income. This Echo Park adjacent 6-Unit asset is located only one block away from Dodgers Stadium! Bernard St. has a very strong unit mix comprised of (6) 2-bedroom/2- bath units. There is plenty of tuck-under parking on the property enough space to fit over 10 cars. Units are in good shape featuring dishwashers Central A/C & Heat and copper plumbing. All units are currently receiving good rental income with the property operating at a 5.33% Cap and 12.64 GRM. There is still over 23% upside in rental income available offering a proforma 6.70% Cap and 10.73 GRM. Property is separately metered for gas and electric. Only minutes away from Downtown Los Angeles Echo Park & Silverlake this Non-Rent Controlled asset is an ideal pickup for any exchange buyer or investor looking to own a cash-flowing property with still plenty of upside in market rents.,USD,4754.0,4754.0,sqft,0.0,0.0,4754.0,0,0.0,0,Two,0,0,0,0,MULTI_FAMILY,Los Angeles County
113,90026-20739209,9,988,12447,USA,2021-07-08,0,0,Listed for sale,1625702400000.0,1099000.0,592.0,Los Angeles,CA,1922,620 N Coronado St,90026.0,-118.27101135253906,34.075557708740234,0,Great investment opportunity in desired Silver Lake. Perfect duplex with an option to live in one and rent the other or use as an investment and rent both units. The main unit offers 2 bedrooms 1 bath a den spacious living room open to the dining and kitchen. Open layout with lots of character and built-ins. The second unit is a 1 bedroom/1bath with a bright living room and spacious dining room. Both units have their own separate laundry area. Spacious lot perfect for entertaining or a nice read while sipping on a coffee. Within close proximity to the Griffith Observatory DTLA freeways eateries and shopping. A MUST SEE!,USD,1856.0,1856.0,sqft,0.0,0.0,1856.0,1,2.0,1,One,0,0,0,0,MULTI_FAMILY,Los Angeles County
114,90026-2069674391,9,989,12447,USA,2021-07-08,0,0,Listed for sale,1625702400000.0,1125000.0,718.0,Los Angeles,CA,2021,987 Everett St,90026.0,-118.24897003173828,34.069835662841804,0,"""Introducing Everett 7 an incredible collection of new modern homes with dazzling city views in the hippest part of Echo Park. Sited across from serene Everett Park each home seemingly floats above the city while large walls of glass flood each room with natural light. Vaulted ceilings in the living room provide volume while the openness of the floor plan from the dining to the cooks kitchen featuring a large eat-in island and waterfall finishes is ready for entertaining. The stylish primary suite boasts spa-like bath w/fresh tiles dual sink vanity a large shower with built-in bench and walk-in closet. Huge private rooftop deck w/built-in outdoor kitchen and dramatic 360 degree head on views of DTLA the Hollywood sign and Griffith Observatory. Private 2 car garage and minutes from freeways. Enjoy yoga sip coffee entertain friends and watch spectacular sunsets while the city beckons below.""",USD,1566.0,1566.0,sqft,3.0,2.0,0.0,1,2.0,1,0,0,0,0,0,SINGLE_FAMILY,Los Angeles County
115,90026-20627542,9,990,12447,USA,2021-07-08,0,0,Sold,1553040000000.0,852000.0,0.0,Los Angeles,CA,2021,227 N Park View St,90026.0,-118.2728500366211,34.070606231689446,0,227 N Park View is a brand new construction luxury fourplex located in the trendy Silver Lake/Echo Park adjacent area built-in 2021 with Amazing Views of Downtown. The sleek modern units have gorgeous finishes with stunning views of Los Angeles throughout each unit. The front building has 2 units which consist of one is a 4 bed 4 bath (1873 square feet) and one 4 bed 3 1/2 bath (1700 square feet). The back building has 2 units with rear yards one is a 4 bed 4 bath( 1715 square feet) and 4 bedrooms 3 1/2 bath (2085 square feet). Total Buildable square footage is over 8000 square feet resulting in higher rents and bigger more spacious units. All units have been separately metered with their own water electric and gas meters. Each unit has Central A/C stainless steel appliances tankless water heaters garages Quartz stone counters and custom bathrooms. Each unit comes with its own separate laundry rooms with units installed. Buyer is to verify all and do their own due diligence. The property is fully Gated with Motorized Gate in the driveway.,USD,0.0,0.0,sqft,0.0,0.0,7370.0,0,0.0,0,0,0,0,0,0,MULTI_FAMILY,Los Angeles County
116,90004-2075908147,9,991,12447,USA,2021-07-08,0,0,Price change,1624579200000.0,1425000.0,531.0,Los Angeles,CA,2021,542 N Commonwealth Ave,90004.0,-118.2854461669922,34.08043670654297,0,"""Incredible new Modern home perched majestically above the street in vibrant Virgil Village down the street from Sunset Junction. Built with incredible style and attention to detail this 3BR + Office 2.5BA presents a perfect opportunity for anyone to be just blocks from all the action. Past the private gated driveway and tucked into an exclusive 2 home enclave enter into the living room boasting voluminous and bright open spaces designed to entertain on a grand scale. The cooks kitchen features a large eat-in island oversized wine fridge and soaring ceilings which look out on the lush landscaping. Upstairs find three bedrooms + office including the Primary boasting a freshly tiled spa-like bath with separate shower and soaking tub large walk-in closet. An enormous private patio is ready for outdoor dining overlooking magical sunset vistas. Gated 2 car garage with direct entry. Stroll to hot spots Sqirl Cafecito Organico Jewel Sunset Junction and much more.""",USD,2685.0,2685.0,sqft,3.0,3.0,0.0,1,2.0,1,0,0,0,0,0,SINGLE_FAMILY,Los Angeles County
117,93953-19330406,9,1260,114651,USA,2021-07-03,0,0,Listed for sale,1625270400000.0,5950000.0,2570.0,Pebble Beach,CA,1936,3363 Seventeen Mile Dr,93953.0,-121.93734741210938,36.56838989257813,0,Enjoy your own private escape located within walking distance to the Lodge and all the amenities in the heart of Pebble Beach. With views over the 15th fairway of PB Golf Links to the ocean and Point Lobos beyond this lovely property has authentic charm throughout from the dramatic living room with open beamed vaulted ceilings and oversized windows central to the home to the carefully manicured and mature gated grounds totaling over an acre and offering a serene backyard to relax and entertain. You wont need to keep this hidden gem all to yourself as the separate guest house provides for a private retreat for visiting friends and family.  Come experience the good life from this unique offering located in one of Pebble Beachs premier locations.,USD,2315.0,2315.0,Acres,4.0,4.0,0.0,0,0.0,0,0,0,0,0,0,SINGLE_FAMILY,Monterey County
118,93953-19330424,9,1261,114651,USA,2021-06-28,0,0,Listed for sale,1624838400000.0,4995000.0,1611.0,Pebble Beach,CA,1970,3183 Palmero Way,93953.0,-121.9352798461914,36.56853485107422,0,Welcome home to a true work of art in the estate area of Del Monte Forest with birds-eye views of Stillwater Cove and the grand Pacific beyond. Within walking distance of the PB Lodge & Resort this home was designed by internationally renowned architect Marcel Sedletsky featured in the NY MOMA and Smithsonian. This 4 bed 3.5 bath mid-century modern style house was also featured in House Beautiful and presents a unique experience from the moment you cross the dramatic bridge through the custom-designed redwood and copper front door. You will notice artistic detailing throughout all 3100 SqFt of light and bright living space. Features include picturesque ocean and cove views a master suite with balcony sunny patio off the kitchen upstairs loft with an ocean view balcony 3-car garage and lower floor living area with a kitchenette and outdoor patio. Sited on 1.2+ acres this property provides exquisite living privacy and plentiful opportunities to entertain family and friends.,USD,3100.0,3100.0,Acres,4.0,4.0,0.0,0,0.0,0,0,0,0,0,0,SINGLE_FAMILY,Monterey County
119,93953-19328343,9,1262,114651,USA,2021-06-28,0,0,Listed for sale,1624838400000.0,3200000.0,1030.0,Pebble Beach,CA,1970,2971 Colton Rd,93953.0,-121.94401550292969,36.59503936767578,0,Oak Hollow is nestled high on a hill in a tranquil and private wooded setting. This home will delight you. The house is charming and inviting at night with a warm glow through the windows and up-lighting in the landscaping. The main house is single level with a combination eat-in kitchen and family room formal living room and master bedroom suite retreat all with fireplaces and French Doors facing the Carmel Stone terrace and scenic greenbelt. In addition there is a formal dining room and two bedrooms plus a full and half baths. Featuring high ceilings security system and an intercom system. Downstairs is a privately accessed guest suite with full bath. The two-car garage has wine storage and is easily accessed via the circular driveway. Surrounded by greenbelt you are minutes from the beach a golf cart ride to the club or a quick drive over to The Lodge. Pebble Beach is a world class destination on the beautiful Monterey Peninsula along the California Coastline.,USD,3108.0,3108.0,Acres,4.0,4.0,0.0,0,0.0,0,0,0,0,0,0,SINGLE_FAMILY,Monterey County
120,93953-2069952700,9,1263,19434,USA,2021-06-25,0,0,Price change,1625961600000.0,769000.0,515.0,Pebble Beach,CA,1983,21 Shepherds Knl #21,93953.0,-121.91297912597656,36.58172225952149,0,"""Private and secluded yet only minutes away from the beach and downtown. Paradise awaits in the exclusive gated community of Shepherds Knoll nestled on 20 acres of private sanctuary along the historic 17 Mile Drive. This lovely 2 bedroom 2 bath condo features views from every room through the large panoramic windows of the Skyline and the Del Monte Forest. The unit is well maintained in mostly original condition with new carpets and updated master bath. Enjoy quiet time on the patio with views to the forest and natural beauty of Shepherds Knoll. Priced to sell - contact a Realtor for your private showing.""",USD,1492.0,1492.0,sqft,2.0,2.0,0.0,0,0.0,0,0,0,0,0,0,CONDO,Monterey County
121,93953-19330576,9,1264,114651,USA,2021-06-22,0,0,Listed for sale,1624320000000.0,28500000.0,3462.0,Pebble Beach,CA,1988,1470 Cypress Dr,93953.0,-121.95211791992188,36.5665397644043,0,"""1470 Cypress Drive embodies the best Pebble Beach has to offer. Privately perched above Stillwater Cove and overlooking Carmel Beach the yacht club and pier and the world-famous Links of Pebble Beach this understated elegant estate leaves nothing to be desired.The ocean front location on Stillwater Cove offers meandering pathways leading to a bluff above the cove with sweeping views of the coastline and an exclusive perch providing the best box seats for viewing any finale of the AT&T or US Open golf tournaments. With an Olympic size swimming pool five elegant bedroom suites a spa-like master bathroom an ocean view game room workout room wine cellar outdoor TV lounge and cabana with fire pit you will not want to leave! But if you do its just four homes from the Lodge with activities including shops restaurants spa golf tennis and the Beach Club. This is a rare offering a private oasis and an exquisite estate.""",USD,8232.0,8232.0,Acres,8.0,5.0,0.0,0,0.0,0,0,1,0,0,0,SINGLE_FAMILY,Monterey County
122,93953-19328426,9,1265,114651,USA,2021-05-28,0,0,Price change,1624233600000.0,2799000.0,1013.0,Pebble Beach,CA,1967,1176 Arroyo Dr,93953.0,-121.93852996826172,36.59488296508789,0,Spectacular updated home located on a cul-de-sac in the desirable Country Club East area of Pebble Beach. Backing up to the third fairway of the Monterey Peninsula Country Club Dunes course this spacious four-bedroom three-bath home offers majestic golf course views and ample space for relaxing or entertaining. The kitchen features an island with Viking and Thermador appliances. An oversized room with a sliding glass door leading out to a fenced backyard area would make the perfect home office guest room or den. Other features include a spacious living area with vaulted ceilings a gas fireplace and a finished three-car garage. Ideally located in Pebble Beach close to neighboring Pacific Grove and Carmel this beautiful home is the perfect retreat.,USD,2763.0,2763.0,sqft,3.0,4.0,0.0,0,0.0,0,0,0,0,0,0,SINGLE_FAMILY,Monterey County
123,93953-19329917,9,1266,114651,USA,2021-05-28,0,0,Listed for sale,1622160000000.0,1750000.0,715.0,Pebble Beach,CA,1965,4091 Sunset Ln,93953.0,-121.92171478271484,36.5830078125,0,You have to see this remodeled approx. 2447 square foot 3-bedroom 3 full bath home with 2 master suites situated on a large relatively flat lot with an amazing sun drenched backyard. The yard features a nearly 1250 square foot slate patio with a fire pit a water feature a gazebo and a hot tub. The home features a remodeled kitchen with granite countertops stainless appliances and stone floors that opens to the adjoining family room which features a stone covered fireplace and a wine station. There is a formal living room with a fireplace and a formal dining room with two French doors one to a private deck and another leading to the back yard. All three bathrooms have been remodeled and the home is in move in condition! This single level home is currently the lowest priced home in Pebble Beach and the lowest price per square foot! It is close to everything that makes the Monterey Peninsula one of the best places on the planet to live!,USD,2447.0,2447.0,Acres,3.0,3.0,0.0,0,0.0,0,0,0,0,0,0,SINGLE_FAMILY,Monterey County
124,93953-19327831,9,1267,114651,USA,2021-05-13,0,0,Listed for sale,1623715200000.0,4499000.0,1386.0,Pebble Beach,CA,1927,3088 Valdez Rd,93953.0,-121.9557113647461,36.59769058227539,0,Upon entering the gates of La Casa de la Palmera you are greeted into a private sanctuary by a great palm tree as old as the house itself. This 1927 Spanish Colonial harkens back to a glamorous golden age of California following the Panama-California Exposition. The interior is lain with Walnut hardwood in tandem with classic white Mediterranean plaster. Throughout are variously shaped Saltillo tiles archways coved and exposed beam ceilings alcoves and niches. The Spanish Baroque motiv is appropriately utilized through choice built-ins along with the iron-wrought railings and sconces. Hand painted tiles are subtly seasoned all around the property providing moments of appreciation to the details that were labored over for this impeccably designed property. All the modern amenities truly make it the perfect blend of new meets old no need for anything more even boasting A/C and a generator. This home is perfectly placed just 600 yards to the Ocean surrounded by the MPCC golf course.,USD,3246.0,3246.0,sqft,4.0,3.0,0.0,0,0.0,0,0,0,0,0,0,SINGLE_FAMILY,Monterey County
125,93953-19330032,9,1268,114651,USA,2021-05-12,0,0,Listed for sale,1620777600000.0,15000000.0,1917.0,Pebble Beach,CA,2021,1605 Sonado Rd,93953.0,-121.93310546875,36.57104110717773,0,A luxurious custom estate located in central Pebble Beach brand NEW construction estimated completion August 2021. Showcasing stunning Spanish Colonial Revival architectural design elements the creative local architect is Cindi Scarlett. The estate highlights panoramic ocean views & Pebble Beach golf course views of hole #1 the 4th green and iconic hole #17. High quality construction by local general contractor Jon Ramsey the home is 7826 S.F on two levels & is situated on a prime 1.6-acre lot. Unique features include beautiful reclaimed building materials 10-foot ceiling plates elevator 5 bedrooms each with bath en suites 2-half baths wine room 2-bars media room and a 3-car garage. Gorgeous outdoor decks and patios that incorporate the indoor/outdoor living lifestyle. A famous former owner of the property was board elected Al Gawthrop who served as chairman for the Pebble Beach Company Al was successor to Samuel F.B. Morse who died in 1969. Indeed a RARE find!,USD,7826.0,7826.0,Acres,7.0,5.0,0.0,0,0.0,0,0,0,0,0,0,SINGLE_FAMILY,Monterey County
126,93953-19330582,9,1269,114651,USA,2021-04-30,0,0,Listed for sale,1619740800000.0,9750000.0,2460.0,Pebble Beach,CA,1927,3269 Cabrillo Rd,93953.0,-121.95626068115234,36.56535339355469,0,Capturing the essence of Pebble Beach this 1920s estate offers the best combination of views privacy and proximity to The Lodge. Renovated in 2017 this 4 bedroom house boasts ocean views from the main living areas with vaulted ceilings a classic wood burning fireplace and authentic hardwood floors all over looking the ocean-facing deck. Just off the living area and deck the intimate dining room looks to the Pacific and across the oak trees and grounds setting the perfect scene to share long evenings with friends. The master bedroom located on the main level is surrounded by the serenity of native trees and lush gardens. A separate one bedroom guest house just off the main house is perfect for guests looking for a little more privacy. All this sited on a 2.3 acre corner lot along the famed 17 Mile Drive and just down the street from The Lodge.,USD,3964.0,3964.0,Acres,5.0,5.0,0.0,0,0.0,0,0,0,0,0,0,SINGLE_FAMILY,Monterey County
127,93953-19330267,9,1270,114651,USA,2021-04-15,0,0,Listed for sale,1618444800000.0,6998000.0,905.0,Pebble Beach,CA,1989,1215 Sombria Ln,93953.0,-121.96367645263672,36.57617950439453,0,"Presenting a Cypress Point Golf Retreat with its own three-hole ""Chip and Putt"" golf course in the backyard on a 2.2 acre two-lot parcel. This approximately 7000 square foot estate home with a guest house is located behind a private security gate on the 4th fairway of the Cypress Point Golf Course in the prestigious estate area near the Cypress Point Club in Pebble Beach. The classically designed home was custom built in 1989 with a Monterey Colonial flair. This resort estate features a large patio with spa a formal living room a huge family room a formal dining room a billiards room a media room a sommeliers wine cellar and a 4-car garage for the Pebble Beach Concours collector. Enjoy Pacific Ocean views from the grand master suite with two other upstairs suites. There are Cypress Point Golf Course views from the entire north wing of the house. The elegant custom 874 square foot guest house with kitchen has its own separate garage. APN 008-291-021-000 and 008-291-009-000.",USD,7734.0,7734.0,Acres,8.0,5.0,0.0,1,0.0,0,0,0,1,0,0,SINGLE_FAMILY,Monterey County
128,93953-19327365,9,1271,114651,USA,2021-04-02,0,0,Price change,1622764800000.0,3095000.0,1408.0,Pebble Beach,CA,1954,2888 Galleon Rd,93953.0,-121.9436264038086,36.60506057739258,0,This 2198 square foot single family home has 4 bedrooms and 3.0 bathrooms. This home is located at 2888 Galleon Rd Pebble Beach CA 93953.,USD,2198.0,2198.0,sqft,3.0,4.0,0.0,0,0.0,0,0,0,1,0,0,SINGLE_FAMILY,Monterey County
129,93953-2103554721,9,1272,114651,USA,2021-04-02,0,0,Price change,1621468800000.0,1699000.0,0.0,Pebble Beach,CA,0,33 Poppy Ln,93953.0,-121.9395980834961,36.5878791809082,0,The time to build is now! Take your pick between two potential projects already in various stages of development. One project includes plans currently under review by Monterey County Planning for a 6458 SqFt Conrad Asturi Studios 4 bedroom 5 bathroom contemporary home with swimming pool game room 3-car garage office luxurious master suite and multiple indoor/outdoor living spaces to enjoy the wonderful year-round climate. Or continue with the Sterling Huddleson designed 4761 SqFt state of the art residence that has received planning approval. Located near the end of the cul-de-sac this lot offers privacy as well as wooded views of the nearby 10th hole and greenside lake to the South. Just a short drive to The Lodge at Pebble Beach The Beach and Tennis Club The Spa at Pebble Beach as well as all the wonderful activities the Monterey Peninsula has to offer this property is ready to create your Pebble Beach dream home.,USD,0.0,0.0,Acres,0.0,0.0,0.0,0,0.0,0,0,0,0,0,0,LOT,Monterey County
130,93953-95732016,9,1273,114651,USA,2021-03-21,0,0,Listed for sale,1618963200000.0,999000.0,0.0,Pebble Beach,CA,0,4019 Sunridge Rd,93953.0,-121.93084716796876,36.57898330688477,0,This magnificent 3/4 acre lot with Del Monte Forest views slopes gently up from the street and is sited in an estate area in close proximity to high-end custom homes. Centrally located in Pebble Beach and fronting the 17 Mile Drive this property has convenient and easy access to Highway One and all the Monterey Peninsula has to offer. A water allocation from Pebble Beach Company has been purchased to accommodate future construction. This offering is a tremendous value and presents a special opportunity for you to create a grand residence with an eye-catching presence above the 17 mile drive and beautiful views of the Del Monte Forest.,USD,0.0,0.0,Acres,0.0,0.0,0.0,0,0.0,0,0,0,0,0,0,LOT,Monterey County
131,93953-2123679007,9,1274,114651,USA,2021-03-05,0,0,Price change,1622937600000.0,2495000.0,0.0,Pebble Beach,CA,0,1272 Sombria Ln,93953.0,-121.96002960205078,36.57122802734375,0,Ideally located 1.5 acre street-to-street building site within walking distance to the Lodge at Pebble Beach the Cypress Point Club and the Pebble Beach Equestrian Center. Provides an exceptional opportunity to build on this attractive parcel which includes water rights. Adjacent are two new homes recently constructed. Entry to the property is level for easy street access. Property may have potential for horses. Interested parties can check with the County Planning Department and the Pebble Beach Company to investigate the possibility.,USD,0.0,0.0,Acres,0.0,0.0,0.0,0,0.0,0,0,0,0,0,0,LOT,Monterey County
132,93953-19330491,9,1275,114651,USA,2021-01-23,0,0,Listing removed,1611964800000.0,11500000.0,1956.0,Pebble Beach,CA,1938,3321 Seventeen Mile Dr,93953.0,-121.94583892822266,36.57183074951172,0,"""Discover Villa Che - combining the grace and elegance of a classic Pebble Beach estate in the Bing Crosby days with West Palm Beach chic. Situated on the famous 17 Mile Dr this elegant 7 bedroom 6 bath ocean and golf view estate awaits. Ideal for entertaining from family gatherings to fun parties this gracious home is centered around a large protected courtyard with fountain connecting the main house to a 2 bedroom 2 bath guest house and additional 2 bedroom 1 bath guest quarters. The guest house is equipped with its own kitchen and game room that opens to the courtyard. Enjoy ocean views from the spacious living room or walk to the Lodge for dinner golf or to the spa. This unique Pebble Beach property was originally designed by world-renowned architect Lewis Hobart who created San Franciscos Grace Cathedral among other California masterpieces.""",USD,5879.0,5879.0,Acres,6.0,7.0,0.0,0,0.0,0,0,0,0,0,0,SINGLE_FAMILY,Monterey County
133,93953-2075769645,9,1276,114651,USA,2021-01-16,0,0,Listing removed,1611964800000.0,13800000.0,3261.0,Pebble Beach,CA,1920,3322 Seventeen Mile Dr,93953.0,-121.94544982910156,36.57132339477539,0,"""This historic 1920s Moorish Revival is classic Pebble Beach living. Located on the legendary 2nd fairway of the famous Links at Pebble Beach overlooking Stillwater Cove. Only 3 previous owners & 1st time on the market in 45 years it has been restored to its period elegance. The main estate features 5 en-suite bedrooms including 1 bed 1 bath guest quarters & a formal dining room. There is an additional 1 bed 1 bath casita guest house w/living room & kitchenette attached to the 3-car garage. The formal living room has stunning hand painted ceilings with French doors & a Juliet balcony that open to a large veranda to enjoy the commanding views. Living room also opens to an interior courtyard with a fire pit perfect for entertaining while protected from the ocean breeze. Walk across the Fairways to dinner at the Lodge at Pebble Beach or a massage at the Spa all just a mile from downtown Carmel-by-the-Sea. Come & enjoy a world class lifestyle rich with history at Casa de la Estrella.""",USD,4232.0,4232.0,Acres,7.0,7.0,0.0,0,0.0,0,0,0,0,0,0,SINGLE_FAMILY,Monterey County
134,93953-19330633,9,1277,114651,USA,2021-01-01,0,0,Listing removed,1611964800000.0,25000000.0,3232.0,Pebble Beach,CA,1970,3162 Seventeen Mile Dr,93953.0,-121.97317504882812,36.57686996459961,0,"""Discreetly Available. Its all about location and with this property situated within a world-class premier location on Cypress Point you can truly have it all. This private retreat offers sweeping ocean views of Carmel Bay Point Lobos and the Big Sur Coast. The famous Crocker Grove of Monterey Cypress trees is across the street and the property is also close to the often photographed Lone Cypress Tree. Situated near the Pebble Beach Lodge in Pebble Beach California it is just one of 31 oceanfront homes on the fabled 17 Mile Drive. The Monterey Colonial main home Casa Cypress is approximately 6900 square feet and adjacent to it is Otter Cottage a 481 square foot beach guest house. The magnificent approximately 1.7-acre lot includes your own small private beach depending on the tide along the shores of Cypress Point. This is a very rare and incredible opportunity to live within a renowned setting while enjoying some of the most magnificent and famed views in the world.""",USD,7735.0,7735.0,Acres,8.0,7.0,0.0,0,0.0,0,0,0,0,0,0,SINGLE_FAMILY,Monterey County
135,93953-19330078,9,1278,114651,USA,2020-11-11,0,0,Listed for sale,1605052800000.0,10998000.0,1141.0,Pebble beach,CA,2003,Cortez Rd,93953.0,-121.93771362304688,36.575138092041016,0,Introducing a truly extraordinary Mediterranean masterpiece in Pebble Beach with breathtaking views of Point Lobos Carmel Beach and Pebble Beach Golf Links throughout nearly 10000 square feet of extravagant living space. Just up the street from The Lodge through a private gated passage an impressive site awaits with detailed craftsmanship throughout including beautiful thick-coat plaster walls and ceilings custom cabinetry and ironwork limestone tile cedar wood beams and floor inlays. The residence also boasts an impressive list of amenities including a full bar spa suite exercise room media room/theater wine cellar hot tub elevator and several ocean-view suites including the private master wing with luxurious vanity room massive walk-in closet and sumptuous bathroom with jacuzzi tub overlooking the landscapes. Surely an unforgettable experience to behold. Come discover your dream Pebble Beach estate on Cortez.,USD,9639.0,9639.0,Acres,8.0,5.0,0.0,1,0.0,0,0,0,1,0,0,SINGLE_FAMILY,Monterey County
136,93953-19329960,9,1279,114651,USA,2020-11-11,0,0,Listing removed,1611964800000.0,8900000.0,700.0,Pebble Beach,CA,2006,3360 Kingsley Ct,93953.0,-121.92269897460938,36.56898880004883,0,A tranquil private compound in the sunbelt of Pebble Beach. Fully gated in a peaceful forest setting making an extraordinary private retreat set on 10 acres. This elegant estate is like no other delivering extreme luxury in the highest quality of finishes along with the luxury of space. Laid out with intimate spaces as well as spacious entertaining spaces make this home perfect for any use. Multiple offices & areas perfect for working remotely & spacious for family gatherings & unmatched entertaining. Cozy up by one of the 3 fireplaces watch a movie in the large home theater or relax on the terrace overlooking the lighted glass gardens in Chihuly image. Approx 12000+ sqft 7 bedroom suites guesthouse 6 car garage abundant parking & a lower level loggia that opens for year round indoor/outdoor living & entertaining with a warm microclimate. Walk to Carmel on an easy trail hear the ocean & revel in pure privacy in the exclusive gated community of Macomber Estates in Pebble Beach.,USD,12720.0,12720.0,Acres,10.0,7.0,0.0,0,0.0,0,0,0,0,0,0,SINGLE_FAMILY,Monterey County
137,93953-2103452691,9,1280,114651,USA,2020-10-19,0,0,Listing removed,1611964800000.0,6995000.0,1345.0,Pebble Beach,CA,2020,23 Poppy Ln,93953.0,-121.93891143798828,36.58953475952149,0,"""Need privacy living on a small lane in Pebble Beach with gorgeous views of Poppy Hills golf course over the top finishes and brand new construction? Welcome to 23 Poppy Lane! One story living with a master suite on the ground floor great room chefs dream of a kitchen separate dining room with wrap around windows overlooking the golf course and three guest suites. The second floor is another full luxurious master suite. Need an office at home? The detached guest suite is the perfect spot to office out of with privacy and its own entrance yet within the confines of the main home or use the guest cottage for visitors. Architecturally significant the home was designed by reknowned architect Jun Siliano of International Design Group. Still time to choose finishes!""",USD,5200.0,5200.0,Acres,6.0,5.0,0.0,0,0.0,0,0,0,0,0,0,SINGLE_FAMILY,Monterey County
138,93953-19329981,9,1281,114651,USA,2020-10-19,0,0,Listed for sale,1616284800000.0,6649000.0,739.0,Pebble Beach,CA,2006,3108 Flavin Ln,93953.0,-121.93215942382812,36.5780143737793,0,"""Tucked away behind Pebble Beachs famed 17 Mile Drive & framed by breathtaking ocean views this private & palatial Tuscan-style estate offers 8995 SQ FT of lavish livable luxury. Situated on over an acre of lush landscaping & mature trees a stately motor court culminates at an impressive stone facade w/ an arched entryway. Designed for entertaining yet supremely secluded this masterpiece is the quintessence of comfort. A brilliant estate offering an elevator wine cellar plush theater game room & exercise room. Poised for alfresco entertaining a sprawling flagstone patio is appointed w/ a hot tub & expansive BBQ area w/ a pizza oven. Gated property with a three-car garage copper roof & gutters Savant smart home dynamic surround-sound 5 fireplaces alarm system & guest apartment this home is perfect for enjoying Pebble Beach & surrounding beauty. Backdropped by views of Point Lobos minutes to Pebble Beach Golf Links & a short drive to Carmels quaint boutiques & eateries.""",USD,8995.0,8995.0,Acres,7.0,7.0,0.0,1,0.0,0,0,1,1,0,0,SINGLE_FAMILY,Monterey County
139,93953-19330613,9,1282,114651,USA,2020-07-16,0,0,Listed for sale,1625443200000.0,9975000.0,1217.0,Pebble Beach,CA,1980,3205 Ballantrae Ln,93953.0,-121.96744537353516,36.57096481323242,0,180 degree Ocean View Estate in Pebble Beach. The ocean stirs the heart inspires the imagination and brings eternal joy to the soul. Within close distance to Pebble Beach Golf Links one can revel in nearly two acres of land overlooking the vast Pacific with views stretching from Point Lobos to the South and Santa Cruz to the North. Private gardens encompass the estate circling round the charming French inspired guest quarters to the intricate privacy gates that grace the entry. The main residence was designed to take advantage of the 180 degree views from most of the rooms. Privacy is assured with the home positioned at the end of one of the most coveted locations in Pebble Beach reaching down to the iconic 17 Mile Drive. The classic Mediterranean architecture provides the perfect background for this stately residence.,USD,8197.0,8197.0,Acres,9.0,6.0,0.0,0,0.0,0,0,0,1,0,0,SINGLE_FAMILY,Monterey County
140,93953-19327157,9,1283,114651,USA,2020-06-26,0,0,Price change,1623369600000.0,2398000.0,660.0,Pebble Beach,CA,1973,2002 Majella Rd,93953.0,-121.93572235107422,36.60338973999024,0,"""Offering a hard to find size of over 4000 SF this eclectic spacious home is uniquely designed for todays needs with places and spaces for all to be with large living areas 5 bedrooms plus a separate office. Close to all this Country Club home is an easy stroll to ocean forest hiking trails and a minutes drive to schools shopping centers and restaurants of Carmel. This home with unique amenities and features sits on a large spacious corner lot. Beautiful landscaping creates an oasis and shields large front lawn and stone patio to the entrance. Back yard also boasts large stone patio with a firepit BBQ and other private spaces. Interior of the home provides for both elegant and cozy entertainment environment. Home offers 5 bedrooms & 3 full baths gourmet kitchen separate breakfast and dining areas in addition to living family and social spaces. A large office has easy access to front entrance & potential for more work spaces in other parts of the home surrounded by gardens.""",USD,3635.0,3635.0,Acres,3.0,5.0,0.0,1,0.0,0,0,0,0,0,0,SINGLE_FAMILY,Monterey County
141,93953-2121628869,9,1284,114651,USA,2020-05-15,0,0,Listing removed,1611878400000.0,3750000.0,0.0,Pebble Beach,CA,0,1573 Riata Rd,93953.0,-121.93694305419922,36.57085037231445,0,"""Sited just above the Pebble Beach Lodge and Golf Links this fabulous lot offers dramatic ocean views and a rare opportunity to create a grand Pebble Beach estate. Set amongst the oaks and Monterey pines this 2.4 acre building site has views of Pt. Lobos Stillwater Cove & Pescadero Point. Plans were approved and water credits purchased for a magnificent estate home in one of the most prestigious neighborhoods in the world. Dont miss this rare and amazing opportunity.""",USD,0.0,0.0,Acres,0.0,0.0,0.0,0,0.0,0,0,0,0,0,0,LOT,Monterey County
142,92037-16835229,9,1393,54296,USA,2021-07-13,0,0,Listed for sale,1626134400000.0,1150000.0,648.0,La Jolla,CA,1975,8874 Caminito Primavera,92037.0,-117.23978424072266,32.868770599365234,0,"""BRIGHT SUNNY 4BR TOWNHOME IN QUIET PRIVATE LOCATION! BOASTS LAMINATE FLOORING VOLUME CEILINGS CLOSET ORGANIZER ATTACHED 2 CAR GARAGE OVERSIZED DECK AND YOU CAN WHILE AWAY THE HOURS IN YOUR LUSH BACK YARD! EASY ACCESS TO HIGHWAYS SHOPPING RESTAURANTS AND YOU CAN EVEN WALK TO SCHOOL. LA JOLLA SHORES HEIGHTS IS ONE OF THE MOST LOW DENSITY COMMUNITIES IN THE AREA. SELLER SELECTS SERVICES. HURRY WONT LAST! Complex Features: Equipment: DryerGarage Door Opener Washer Sewer: Sewer Connected Topography: LL""",USD,1776.0,1776.0,sqft,3.0,4.0,0.0,1,2.0,1,Two,0,1,0,0,CONDO,San Diego County
143,92037-16835465,9,1394,54296,USA,2021-07-12,0,0,Listed for sale,1626048000000.0,724999.0,657.0,La Jolla,CA,1979,8720 Villa La Jolla Dr UNIT 120,92037.0,-117.23502349853516,32.867443084716804,0,Welcome to Woodlands North a private community tucked away in La Jolla Village – only 10 minutes from the beach! High ceilings and dual pane windows keep the floorplan bright and airy. Entertain guests on the main floor boasting stunning hardwood flooring throughout – or step onto a private patio featuring a serene view of the surrounding greenery. The end-unit location protects privacy while conveniently located near private HOA amenities. A remodeled guest bath features designer wallpaper and a recently upgraded vanity. Step upstairs to the spacious living areas. Mirrored closet doors and plantation shutters allow for abundant natural light while high ceilings keep the space feeling open and inviting. Your master bedroom features its own private balcony overlooking trees & amenities below. An upstairs bath has been upgraded from top to bottom appointed with a tile-detailed tub surround and more. Featuring a full-sized direct access 2-car garage. Only minutes from legendary San Diego beaches and the Birch Aquarium located conveniently near downtown San Diego. Enjoy all the best Southern California has to offer.,USD,1104.0,1104.0,Acres,2.0,2.0,0.0,1,2.0,1,Two,0,1,0,0,CONDO,San Diego County
144,92037-16856343,9,1395,54296,USA,2021-07-12,0,0,Sold,1365638400000.0,1750000.0,688.0,La Jolla,CA,1990,5510 Moonlight Ln,92037.0,-117.25794219970705,32.81456756591797,0,"""VRM $2.999M - $3.149M. Rarely offered sit down whitewater view ranch home in La Jolla! This 4 bedroom modern beach house situated in La Jolla Mesa offers protected ocean and bay views from the surfers at Crystal Pier to the sail boats along the eastern side of Mission Bay. Come enjoy this gorgeous La Jolla home with a floor-plan that works for so many different uses. Rooftop deck pool with spa elevated outdoor dining and a custom remodel that is sure to wow. The kitchen and living area feature an open floor plan with 16ft. Fleetwood doors providing seamless access to the backyard and making it ideal for entertaining and family gatherings at any time of year. The backyard offers a saltwater pool spa fire pit a raised deck to take in elevated ocean views and the high quality rooftop Life Deck provides a 360 birds eye view of San Diegos iconic coastal bay and Downtown skyline views! Additional features include Milgard windows throughout gleaming hardwood floors a cozy fireplace in the family room gourmet kitchen soak-in tub and so much more! Dont miss out on this great opportunity! Equipment: Garage Door OpenerPool/Spa/Equipment Range/Oven Sewer: Sewer Connected Topography: GSL""",USD,2544.0,2544.0,sqft,3.0,4.0,0.0,1,2.0,1,One,1,1,0,0,SINGLE_FAMILY,San Diego County
145,92037-16849349,9,1396,54296,USA,2021-07-10,0,0,Price change,1625875200000.0,4195000.0,1597.0,La Jolla,CA,1991,450 Arenas St,92037.0,-117.2783203125,32.83514404296875,0,Stunning updated one owner Beach Mediterranean in highly sought after Beach Barber Tract on large corner private walled lot. Three blocks from beach short bluff stroll from Village restaurants shops entertainment and La Jolla Cove. Architect-designed two story sunny bright airy light-filled newer open floor plan. Over a dozen dual pane French doors and thirty windows provide unobstructed views to three patios raised porches and fountains to bring the outside in. Raised ceilings throughout hardwood and tile floors custom glass fronted cabinets paneled doors custom entryway book and art niches. A lovely peaceful house with historic character in a prime location. First floor has two bedroom areas opening onto patios family room with built-ins and fireplace kitchen with breakfast nook and island dining room sunroom and laundry room. Master bedroom suite occupies entire second story with large bedroom window seat luxurious bath and walk-in closet. Drought tolerant accent lighted landscape mature trees and shrubs flagstone and tile walkways. Two car attached garage with epoxy floor and rare small basement for extra storage. Sewer: Sewer Connected Topography: LL,USD,2627.0,2627.0,sqft,2.0,3.0,0.0,1,2.0,1,Two,0,1,0,0,SINGLE_FAMILY,San Diego County
146,92037-16858459,9,1397,54296,USA,2021-07-09,0,0,Listed for sale,1625788800000.0,2450000.0,908.0,La Jolla,CA,1991,1407 Caminito Faro,92037.0,-117.24921417236328,32.81598281860352,0,Stunning Panoramic Ocean & Bay views from many rooms set the perfect backdrop for this Single Level gem at gated Crystal Bay! Expansive gourmet kitchen w/breakfast area features: granite counters newer refrigerator & top of the line Dacor appliances. Family room & MA BR open to lovely backyard w/ frameless glass fence to enhance your remarkable views! Luxurious MA BA ($80K 2015) boasts heated floors granite counters frameless glass shower enclosure & exquisite details throughout. 1 BR used as office. 3 fireplaces A/C (2015) 3 car garage w/lots of built-ins. Fabulous club amenities! * Fabulous club amenities include: 2 pools tennis courts library & fitness center. * $80K renovated Master BA feature granite counters heated floors frameless  glass shower enclosure elegant gold hardware and exquisite details throughout. * Kitchen features: Dacor gas range food warmer microwave & oven newer  refrigerator instant hot water & plentiful cabinetry. * New Carpet * A/C 2015 * Water Heater (2019) * $35K Landscaping (2015) * Solar tube skylights in living room & powder room. * 3 fireplaces in living room family room & Master BR * Living and Dining room opens to private atrium. * Plantation shutters * 3 Car garage with Tons of built-ins . * 1 BR used as office. Complex Features: Equipment: Dryer Washer Sewer: Sewer Connected Topography: LL,USD,2699.0,2699.0,sqft,3.0,4.0,0.0,1,3.0,1,One,0,1,0,0,SINGLE_FAMILY,San Diego County
147,92037-48180675,9,1398,54296,USA,2021-07-09,0,0,Listed for sale,1625788800000.0,1599000.0,767.0,La Jolla,CA,1980,2459 Ardath Rd,92037.0,-117.25048065185548,32.84914016723633,0,Single level ranch home in the heart of Hidden Valley walking distance to La Jolla shores shops & eateries. Open beam ceilings with abundant windows allow sunlight to cascade in to the grand room and lovely views to the expansive half acre private grounds with manicured lawns with lots of decking for family fun and entertaining. Walk to La Jolla Shores retail and beach and La Jolla Beach & Tennis Club. Peek ocean views. Equipment: Garage Door Opener Sewer: Sewer Connected Topography: LLSSLP,USD,2086.0,2086.0,Acres,4.0,3.0,0.0,1,0.0,0,One,0,0,0,0,SINGLE_FAMILY,San Diego County
148,92037-51080054,9,1399,54296,USA,2021-07-09,0,0,Listed for sale,1625788800000.0,3298000.0,723.0,La Jolla,CA,2004,5410 La Jolla Mesa Dr,92037.0,-117.26028442382812,32.81329345703125,0,Set on a knoll above Birdrock with 75 feet of frontage overlooking the Pacific Ocean Birdrock Pt. Loma and downtown SD - beyond compare! Classic and pristine Nantucket style custom home with white oak floors impressive staircase volume ceilings & open floor plan to embrace major ocean views & surrounds. Elegant public rooms include gracious entry foyer formal living room with fireplace & floor-to-ceiling windows and intimate dining room with cozy built-in library. Top-of-line all stainless steel appliances: Bertazzoni range/oven steam oven & warming drawer and SubZero fridge plus beverage fridge & ice-maker. Easy stroll to Birdrock retail & beach! EV charging station. Equipment: Dryer Range/Oven Washer Sewer: Sewer Connected Topography: GSL,USD,4564.0,4564.0,sqft,5.0,5.0,0.0,1,2.0,1,Three Or More,0,1,0,0,SINGLE_FAMILY,San Diego County
149,92037-16855626,9,1400,54296,USA,2021-07-09,0,0,Listed for sale,1625788800000.0,3495000.0,1610.0,La Jolla,CA,1939,5606 Dolphin Pl,92037.0,-117.27110290527344,32.814041137695305,0,Fully remodeled in 2018 through local architect Melvin McGee this beautiful home was designed with the utmost of attention to detail. From the moment you enter it will feel like you have arrived home with its Farmhouse touches modern accents and stunning ocean views. Gorgeous wood floors throughout large living area with decorative beams large kitchen with beautiful kitchen island and stainless appliances recessed lighting throughout 2nd story master suite guest room downstairs private guest quarters or office with separate entrance over garage two patios to enjoy the sunsets central heat and air conditioning but also has mini-split systems in bedrooms fireplace in living room and so much more! Located west of LJ Blvd that is close to the Bird Rock Village and beaches! Fully remodeled in 2018 through local architect Melvin McGee this beautiful home was designed with the utmost of attention to detail. From the moment you enter it will feel like you have arrived home with its Farmhouse touches modern accents and stunning ocean views. Gorgeous wood floors throughout large living area with decorative beams large kitchen with beautiful kitchen island and stainless appliances recessed lighting throughout 2nd story master suite guest room downstairs private guest quarters or office with separate entrance over garage two patios to enjoy the sunsets central heat and air conditioning but also has mini-split system in master fireplace in living room and so much more! Located west of LJ Blvd that is close to the Bird Rock Village and beaches! Equipment: Garage Door Opener Sewer: Sewer Available Public Sewer Topography: LL,USD,2171.0,2171.0,sqft,4.0,3.0,0.0,1,1.0,1,Two,0,1,0,0,SINGLE_FAMILY,San Diego County
150,92037-16839513,9,1401,54296,USA,2021-07-09,0,0,Listed for sale,1625788800000.0,1095000.0,748.0,La Jolla,CA,1973,2500 Torrey Pines Rd UNIT 502,92037.0,-117.2496337890625,32.851455688476555,0,Ocean and coastline views from this sunny and tastefully remodeled 5th flr condo offering 1464 sf open floor plan 2 bdrm/ 2 bath plus an office space alcove. Kitchen includes stainless steel appliances wine cooler glass tile back splash maple cabinetry and granite countertops with a bar-style counter. Master suite offers a walk in closet built in cabinets slate floors and shower floor to ceiling windows with electronic shades that show case incredible ocean views. Enjoy Maple hardwood floors recessed lighting custom-tiled showers and vanities Living room with a wall unit and wall mounted fireplace and a spacious balcony with shades for enjoying jaw dropping sunset views and cross breezes throughout. Shore Tower provides resort-style amenities featuring an elegant foyer gym with sauna and showers lighted tennis courts large rec room sparkling pool and spa guest suites for visiting friends or relatives and a BBQ area. There is an on-site property manager with security. This unit includes 1 assigned garage parking space as well as plenty of guest parking on site. Convenient access to La Jolla Shores La Jolla Village UCSD and nearby freeways.,USD,1464.0,1464.0,Acres,2.0,2.0,0.0,1,1.0,1,One,0,1,0,0,CONDO,San Diego County
151,92037-16848752,9,1402,54296,USA,2021-07-09,0,0,Listed for sale,1625788800000.0,4900000.0,1107.0,La Jolla,CA,2005,1178 Virginia Way,92037.0,-117.27066040039062,32.84298324584961,0,"""VILLAGE BEAUTY! Very private and serene this home is an oasis in downtown La Jolla. Walkable to the Village and La Jolla Cove this contemporary Mediterranean home is move-in ready. With an abundance of outdoor space its the perfect home for entertaining. Three of the bedrooms are en-suite and have private balconies. The elegant spacious master bedroom has a wonderful walk in closet with custom cabinetry. The master bathroom has a large soaking tub and fireplace. Off the master bedroom is a private patio and a balcony that overlooks the courtyard. The large chefs kitchen has a 6-burner Viking range and a generous island and opens to a charming courtyard thats made for outdoor dining. An outdoor shower is perfect for coming in from the surf. Enjoy warm nights in the covered cabana with an outdoor fireplace and large screen TV. Dreamy and romantic this charming villa is within walking distance to all the fabulous restaurants and stores that La Jolla has to offer and is very close to all the excellent La Jolla schools.""",USD,4428.0,4428.0,sqft,5.0,4.0,0.0,1,2.0,1,Two,0,1,0,0,SINGLE_FAMILY,San Diego County
152,92037-16839603,9,1403,54296,USA,2021-07-09,0,0,Listed for sale,1625788800000.0,599000.0,637.0,La Jolla,CA,1970,2510 Torrey Pines Rd UNIT 407,92037.0,-117.24913024902344,32.851585388183594,0,Welcome home! 2 bedroom 2 bathroom just blocks away from La Jolla Shores Beach! Unit is on the top floor and in a gated community. Open floor plan with a lot of natural light and a private balcony off of the living room. New wood like laminate flooring in common areas. Spacious bedrooms are on opposite sides of the unit for extra privacy each with new carpet. New cabinets and appliances in kitchen with recessed lighting. Community pool. Close proximity to I-5 and 52 freeway and all that La Jolla has to offer! Equipment: Range/Oven Topography: LL,USD,941.0,941.0,Acres,2.0,2.0,0.0,1,0.0,0,One,0,1,0,0,CONDO,San Diego County
153,92037-16835837,9,1404,54296,USA,2021-07-09,0,0,Listed for sale,1625788800000.0,980000.0,572.0,La Jolla,CA,1980,3195 Morning Way,92037.0,-117.23463439941406,32.868301391601555,0,Rarely Available beautiful and bright 3 bedroom 2.5 bathroom Townhome in Cambridge community conveniently located near UCSD south entrance. Two car garage end unit with windows facing east south and west. Open spacious floor plan new carpet one year old furnace and washer newer wood Laminate floor and interior paint cozy fireplace & custom lightings gourmet Kitchen. This corner unit has three bay window sitting area in living room and bedrooms. Mini wet bar in dining room. Large front patio for outdoor entertaining. Close to shopping center (Whole Food/Trader Joes etc.) movie theater and restaurants. Walking distance to UCSD minutes to La Jolla Shores & Beaches. Easy Access to Freeway I-5 805 and 52. Equipment: Dryer Washer Sewer: Sewer Connected Topography: LL,USD,1714.0,1714.0,Acres,3.0,3.0,0.0,1,2.0,1,Two,0,1,0,0,CONDO,San Diego County
154,92037-16841606,9,1405,54296,USA,2021-07-09,0,0,Listed for sale,1625788800000.0,489000.0,708.0,La Jolla,CA,1972,8529 Villa La Jolla Dr APT D,92037.0,-117.2348861694336,32.862747192382805,0,"""Introducing a well maintained 1 bedroom 1 bathroom upper level condo in the heart of La Jolla San Diego. Enjoy a good sized living room complete with recessed lights and ceiling fan. Outside the living room is a large balcony with ample space to the enjoy the outdoors. The kitchen offers white modern cabinetry and stainless steel appliances. The dining area off the kitchen is bright and airy. The large and spacious bedroom can accommodate 2 queen sized beds. The hallway also features large mirrored closet just like the bedroom. The bathroom is clean and in tip-top shape. Community amenities include a large swimming pool spa clubhouse and fitness room for resort style living. Incredible location in La Jolla close to UCSD La Jolla Shores UTC. Close by shopping center of The Shops of La Jolla & La Jolla Village Shopping Center include Trader Joes Starbucks Ralphs AMC Theater and much more. This property is turn-key!""",USD,691.0,691.0,Acres,1.0,1.0,0.0,1,0.0,0,One,0,1,0,0,CONDO,San Diego County
155,92037-16848301,9,1406,54296,USA,2021-07-09,0,0,Listed for sale,1625788800000.0,1299000.0,1309.0,La Jolla,CA,1970,457 Coast Blvd UNIT 503,92037.0,-117.28009033203124,32.84320068359375,0,Oceanfront building walking distance to all restaurants shops grocery store movie theater and world class beaches in the Village! Sit on the park that is top of the bluff overlooking the ocean and watch the sunset in your own front yard or enjoy an ocean view and breeze from your living room kitchen and bedrooms.  Exterior building is going through a renovation with new windows and stucco for an updated look. Kitchen and bathrooms have been updated as well. One of very few buildings in San Diego that allows nightly rentals making this a very affordable second home and excellent investment! Equipment: Garage Door Opener Sewer: Sewer Connected Topography: LL,USD,992.0,992.0,sqft,2.0,2.0,0.0,1,1.0,1,One,0,1,0,0,CONDO,San Diego County
156,92037-16835748,9,1407,54296,USA,2021-07-09,0,0,Listing removed,1566864000000.0,2350.0,0.0,La Jolla,CA,1980,8795 Gilman Dr UNIT H,92037.0,-117.2366180419922,32.86752700805664,0,Wonderful 2 bedroom/ 1 bath condo conveniently located in La Jolla. Walk to UCSD UTC dining shops and great freeway access. Sunny west facing top floor end unit. Laminate flooring throughout freshly painted walls. Natural light ample storage. Washer & Dryer in condo. Quiet well maintained complex with pool and spa. Detached single car garage with storage.,USD,822.0,822.0,sqft,1.0,2.0,0.0,1,1.0,1,One,0,1,0,0,CONDO,San Diego County
157,92037-16856346,9,1408,54296,USA,2021-07-08,0,0,Listed for sale,1625702400000.0,2150000.0,1224.0,La Jolla,CA,1962,5515 Candlelight Dr,92037.0,-117.25822448730469,32.81477737426758,0,View home in La Jolla Mesa! Photos can’t do it justice – you’ll be drawn to some of the best views of the coastline bay and city when you enter this lovely and spacious home. The ocean view and nighttime view of the lights will have your guests talking! Designed for entertaining and indoor/outdoor living this property is located just east of Bird Rock and a short drive to the beach. The open floor plan and kitchen area are flanked by walls of glass that look out to the backyard area and beyond. The formal living area and fireplace take advantage of the outdoor views while the large primary bedroom also provides direct access to the back yard. Views are protected by the HOA front and rear including views of the ocean from the front guest room which provides for great sunset viewing opportunities. A well maintained two car garage with workshop space and thoughtful landscaping complete the property.,USD,1757.0,1757.0,sqft,2.0,3.0,0.0,1,2.0,1,One,0,1,0,0,SINGLE_FAMILY,San Diego County
158,92037-16850051,9,1409,54296,USA,2021-07-08,0,0,Price change,1625788800000.0,2199000.0,1593.0,La Jolla,CA,1935,735 Nautilus St,92037.0,-117.2733383178711,32.83232879638672,0,Builder/Investor Opportunity. Original La Jolla home with potential to build two units. Proposed square footage of each unit will be 3000 ft.² with ocean view rooftop decks 2 floors with a basement and of course walking distance to all La Jolla has to offer. Plans have been submitted to the city and are under review. Sewer: Sewer Connected Topography: LL,USD,1380.0,1380.0,sqft,1.0,3.0,0.0,1,2.0,1,One,0,1,0,0,SINGLE_FAMILY,San Diego County
159,92037-16856915,9,1410,54296,USA,2021-07-07,0,0,Listed for sale,1625702400000.0,1500000.0,828.0,La Jolla,CA,1961,2222 Bahia Dr,92037.0,-117.2417984008789,32.81949234008789,0,"""Location Location Location...and Views! This is the first time this property has been on the market in over 50 years! Fantastic opportunity to create the dream home you have always wanted. This single-story property sits on a quiet street and offers panoramic views of the ocean and white water views from the south. Ocean views can be seen from the moment you walk up to the front door. Theres a possibility to add a second story to really take advantage of the amazing views. This property is ready for you to make it one of the best view homes in San Diego!""",USD,1812.0,1812.0,sqft,2.0,3.0,0.0,1,2.0,1,One,1,1,0,0,SINGLE_FAMILY,San Diego County
160,92037-16854983,9,1411,54296,USA,2021-07-07,0,0,Listed for sale,1625702400000.0,2695000.0,1014.0,La Jolla,CA,1968,6030 Bellevue Ave,92037.0,-117.27058410644531,32.82155990600586,0,Firstly the location....Upper Hermosa offers a greatly-desired lifestyle; it is a throwback to the neighborhoods of yesteryear and is adored by those who live on its tree-lined streets. Then the picturesque curb appeal and lush setting....The gated spacious brick courtyard entry is simply gorgeous with its mature plantings lemon-lime trees and a ready-for occupancy doll house! And the home....With the architectural integrity of a by-gone era it has vaulted ceilings wood floors a family-sized kitchen and bay windows overlooking the private romp-ready yard. The fruit trees and redwood garden bed offer delicious treats! Living is mostly on one level. There are a myriad possibilities for remodel and/or expansion or enjoy it just as it is! A beautiful home in an idyllic neighborhood that is walking distance to the bike path a beautiful viewpoint with small beach the shops of Birdrock and the iconic WindanSea beach. Equipment: Dryer Washer Sewer: Sewer Connected Topography: LL,USD,2659.0,2659.0,sqft,4.0,4.0,0.0,1,2.0,1,Two,0,1,0,0,SINGLE_FAMILY,San Diego County
161,92037-16858130,9,1412,54296,USA,2021-07-07,0,0,Listed for sale,1625702400000.0,1825000.0,672.0,La Jolla,CA,1998,6043 Oakgate Row,92037.0,-117.23535919189452,32.83102035522461,0,This upgraded property has an abundance of natural light. The kitchen flows nicely into the family room and outdoor patio area. A den was added in lieu of a third car garage plus a 3rd full bath- perfect for home office. The house has 3.5 baths. Solar system included and paid in full-no contract to assume. This home is on a quiet single loaded street located in a cul-du-sac with no neighbors across or behind the property. The community offers a pool basketball court clubhouse and playground. Complex Features: Equipment: DryerGarage Door Opener Washer Sewer: Sewer Connected,USD,2716.0,2716.0,sqft,4.0,4.0,0.0,1,2.0,1,Multi/Split,0,1,0,0,SINGLE_FAMILY,San Diego County
162,92037-16855438,9,1413,54296,USA,2021-07-06,0,0,Listed for sale,1625788800000.0,975000.0,855.0,La Jolla,CA,1992,5726 La Jolla Blvd UNIT 201,92037.0,-117.27141571044922,32.81628799438477,0,"In the ""heart Of Bird Rock"" features include 2 bedrooms and 2 full bathrooms open unit with generous living space 2 underground tandem parking spaces & storage locker. Blocks from the beach and steps to shops and fine dining.",USD,1140.0,1140.0,Acres,2.0,2.0,0.0,1,2.0,1,Three Or More,0,1,0,0,CONDO,San Diego County
163,92037-16852343,9,1414,54296,USA,2021-07-06,0,0,Listed for sale,1625529600000.0,1395000.0,656.0,La Jolla,CA,1980,6509 Caminito Catalan,92037.0,-117.2451629638672,32.834484100341804,0,"""Windemere is located in the coastal community of La Jolla California. Gate-guarded it is comprised of acres of lushly landscaped land and offers exceptional common facilities such as multiple tennis courts pools gym and miles of walking paths in a serene environment. This is the highly-sought-after Scottsdale model. Located in a quiet location it has been updated and refreshed has tall vaulted ceilings creating beautiful airy volume and is filled with light. Live an exceptional life enjoying all that La Jolla has to offer. Miles of beaches a quaint village and a sense of community second to none. Complex Features: Equipment: Dryer Range/Oven Washer Sewer: Sewer Connected""",USD,2128.0,2128.0,Acres,3.0,3.0,0.0,1,2.0,1,Multi/Split,0,1,0,0,TOWNHOUSE,San Diego County
164,92037-16856120,9,1415,54296,USA,2021-07-05,0,0,Listed for sale,1625443200000.0,1150000.0,795.0,La Jolla,CA,1992,5439 1/2 La Jolla Blvd,92037.0,-117.26718139648438,32.811954498291016,0,Enjoy peek ocean views and easy beach living from this spacious and bright three bedroom corner unit in the exclusive Santorini West complex inspired by the Greek Isles. Nestled in the heart of Birdrock this beautifully appointed condo is within walking distance to restaurants shops beaches and Calumet Park. The unit offers an open floor plan chefs kitchen with limestone countertops and stainless steel appliances French doors opening onto a private usable patio with ocean views one bedroom on the main level easy access side gate entry 2 reserved tandem underground parking spaces with storage locker tile flooring and dual zoned AC. All new windows installed recently newly renovated Master Bath custom designed closet systems reverse osmosis water filter in kitchen.,USD,1446.0,1446.0,Acres,3.0,3.0,0.0,1,2.0,1,Two,0,1,0,0,CONDO,San Diego County
165,92037-16849523,9,1416,54296,USA,2021-07-05,0,0,Listed for sale,1625443200000.0,2600000.0,1112.0,La Jolla,CA,1947,560 Fern Gln,92037.0,-117.27604675292969,32.834423065185554,0,Situated in the storybook community of Windansea this home offers a lifestyle that people adore with its proximity to beaches and all the Village pleasures. The home has been tastefully updated including a fully remodeled kitchen and master bathroom. With a flowing easy-to-live-in floor plan the interior spaces open onto a large and enchanting bricked patio where one enjoys privacy and the beauty of lush surrounds. It welcomes at all times of day and night. There are double masters one on the entry level; the other with beautiful ocean views and a large view deck feels like a retreat. Experience sea breezes passing gently through your space and never miss a sunset. An enchanting home in a well-loved close-to-all location. Sewer: Sewer Connected Public Sewer Topography: LL,USD,2339.0,2339.0,sqft,4.0,4.0,0.0,1,2.0,1,Two,0,1,0,0,SINGLE_FAMILY,San Diego County
166,92037-16855921,9,1417,54296,USA,2021-07-05,0,0,Price change,1625443200000.0,1699000.0,1595.0,La Jolla,CA,1950,5559 La Jolla Hermosa Ave,92037.0,-117.26788330078124,32.813819885253906,0,"""Charming Bird Rock Cottage ready for you to move in and enjoy! Easy walking to La Jolla Blvds restaurants coffee shops and shopping. Cool ocean breezes on the large front deck. Updated kitchen and bathroom. Original wood flooring. Low maintenance backyard. Oversized 1-car garage. Architectural Style: Craftsman/Bungalow View: Craftsman/Bungalow Equipment: Dryer Washer Sewer: Sewer Connected""",USD,1065.0,1065.0,sqft,1.0,2.0,0.0,1,1.0,1,One,0,1,0,0,SINGLE_FAMILY,San Diego County
167,92122-63658815,9,1418,54296,USA,2021-07-13,0,0,Listed for sale,1626134400000.0,655000.0,606.0,San Diego,CA,1987,3979 Nobel Dr UNIT 320,92122.0,-117.2212142944336,32.86745834350586,0,The Venetian 2 bed 2 bath 1080sqft End Unit. More info coming soon... Sewer: Sewer Connected Topography: LL,USD,1080.0,1080.0,Acres,2.0,2.0,0.0,1,2.0,1,Two,0,1,0,0,CONDO,San Diego County
168,92117-16859161,9,1419,54296,USA,2021-07-12,0,0,Listed for sale,1626048000000.0,995000.0,0.0,San Diego,CA,1954,3253-55 Jemez Dr,92117.0,-117.21587371826172,32.82922744750977,0,Number of Furnished Units: 0,USD,0.0,0.0,sqft,0.0,0.0,0.0,0,0.0,0,One,0,0,0,0,MULTI_FAMILY,San Diego County
169,92122-16836515,9,1420,54296,USA,2021-07-11,0,0,Listed for sale,1625961600000.0,516100.0,611.0,San Diego,CA,1980,8308 Regents Rd UNIT 1B,92122.0,-117.22086334228516,32.8662109375,0,Lovely 2 bedroom 1 bathroom single story condo in the community of Pines of La Jolla in San Diego! Enjoy lots of natural light laminate and tile flooring and a private patio. The kitchen offers a breakfast nook breakfast bar and white cabinetry. Additional property features include the inside laundry room and assigned parking. Community amenities include the sparkling swimming pool spa and walking paths. Convenient to area schools Scripps medical facilities a short drive to La Jolla shopping restaurants and easy access to major freeways!,USD,844.0,844.0,Acres,1.0,2.0,0.0,0,0.0,0,0,1,1,0,0,CONDO,San Diego County
170,92014-16765230,9,1421,54296,USA,2021-07-10,0,0,None,,0.0,0.0,Del Mar,CA,1981,2536 Via Merano,92014.0,-117.24851989746094,32.93317413330078,0,Ocean Lagoon & Hills view from this prestigious Del Mar Terrace home! Custom built home 1st time on the market in 37 years! Due to flooding from bathroom the house is currently “Build to Suit” and has been gutted down to studs “does include” new roof new drywall new skylights insulation and LED lighting throughout. Spacious floor plan featuring living room with soaring ceilings and large fireplace. Four outdoor patio/decking areas most with ocean views ideal indoor/outdoor lifestyle perfect for entertaining or Summer BBQ’s. The backyard goes beyond chain link fence ends up the hill to wooden fence. No Mello Roos fees or HOA fees Text agent @ 619-200-4660. Sold in as-is condition no repairs termite inspection disclosures mold or any warranties. Excellent location on a cul-de-sac & in the #1 Torrey Pines School District. No Mello Roos or HOA fees. ENDLESS OPPORTUNITY! Text agent Foundation Escrow & Corinthian Title,USD,2212.0,2212.0,sqft,2.0,3.0,0.0,1,2.0,1,Multi/Split,0,1,0,0,SINGLE_FAMILY,San Diego County
171,92109-16910291,9,1422,54296,USA,2021-07-10,0,0,Price change,1625875200000.0,2095000.0,1052.0,San Diego,CA,1959,1632 Monmouth Dr,92109.0,-117.24226379394531,32.807323455810554,0,Panoramic ocean views! California dream coastal living with panoramic ocean and bay views from living room kitchen master suite & lower guest suite! Home features 3BR/3BA on top floor w/spacious master suite; a sizable wrap around view deck & large back yard/patio with separate 2BR/2BA w/ocean view below. Bright interior has high vaulted ceilings an open-concept kitchen & French doors leading to an expansive outdoor space. Located in the desirable Kate Session Park neighborhood this one-of-a-kind property is a 7600 SF view lot spanning from Collingwood to Monmouth Drive with east view of mountains from large backyard. Main house is 1992 SF plus an additional 950 SF of livable space for use as a rental or guest suite. Ready for summer occupancy A MUST SEE! Huge potential for transforming into your dream home. room to add pool. Equipment: Garage Door Opener Sewer: Sewer Connected Topography: GSL,USD,1992.0,1992.0,sqft,5.0,4.0,0.0,1,2.0,1,Two,0,1,0,0,SINGLE_FAMILY,San Diego County
172,92122-16836915,9,1423,54296,USA,2021-07-10,0,0,Sold,1198195200000.0,360000.0,262.0,San Diego,CA,1991,3969 Mahaila Ave UNIT 101,92122.0,-117.22046661376952,32.869129180908196,0,Discover your new lifestyle in this highly upgraded single story end-unit condo. Perched on the edge of La Jolla and University City the perfect location to take advantage of everything the area has to offer! This home features a stunning kitchen and bath remodel with shaker cabinets quartz countertops subway tile stainless appliances updated fixtures and hardware. Designer paint ceiling fans cozy carpet and chic vinyl plank flooring throughout. Laundry room has full size washer/dryer hookups and pantry storage. Mix up your favorite cocktail and relax on the outdoor patio while enjoying the fresh air and coastal breezes. Two assigned parking spaces in gated garage. Walking/biking distance to UCSD Whole Foods Trader Joes Bristol Farms and Starbucks. Beaches UTC Mall hospitals and medical facilities restaurants entertainment the light rail extension interstates 5 and 805 are ALL just minutes away! Hurry won’t last!,USD,1376.0,1376.0,sqft,2.0,3.0,0.0,1,2.0,1,One,0,1,0,0,CONDO,San Diego County
173,92122-16843017,9,1424,54296,USA,2021-07-10,0,0,Listed for sale,1625875200000.0,799000.0,573.0,San Diego,CA,1987,7622 Palmilla Dr UNIT 78,92122.0,-117.22650146484376,32.862403869628906,0,"""Wonderful Corner Unit in the Coveted Marabella Complex! Wood laminate flooring abundance of windows and cozy fireplace lend to this homes warm and inviting vibe! Kitchen is equipped with newer stainless appliances and plenty of counter space. Enjoy morning coffee on the balcony outside the master suite which overlooks La Jolla Colony Park. Home is situated in a prime location of the complex with a large grass area to the side/front and open westerly views off the back patio. Two car attached garage with direct access is a plus. No need to drive to shop all you could want is across the street in the Vons complex! Conveniently located to the Trolley stop medical centers UCSD shopping and dining is certain to simplify your lifestyle! Complex includes intimate pool and spa and backs to walking paths and physical training stations throughout La Jolla Colony Park.""",USD,1394.0,1394.0,Acres,3.0,3.0,0.0,1,2.0,1,Two,0,1,0,0,TOWNHOUSE,San Diego County
174,92130-49941983,9,1425,54296,USA,2021-07-09,0,0,Listed for sale,1625788800000.0,1495000.0,557.0,San Diego,CA,2000,10816 Vereda Sol Del Dios,92130.0,-117.21700286865234,32.915206909179695,0,Light & Bright 4 Bedroom home with vaulted ceilings & mountain views in Torrey Hills Carmel Valley! Interior has gorgeous hardwood floors plantation shutters designer paint and modern kitchen with granite counters and white shaker cabinetry. Formal living and dining room flow seamlessly into kitchen & family room. Upstairs you will find an enormous master BR and BA. Backyard is spacious and meticulously maintained including a dining area fire-pit & turf area. Seller recently replaced entire HVAC system! Minutes from shopping award winning schools restaurants & entertainment. Equipment: DryerGarage Door Opener Washer Sewer: Sewer Connected Topography: LL,USD,2683.0,2683.0,sqft,3.0,4.0,0.0,1,2.0,1,Two,0,0,0,0,SINGLE_FAMILY,San Diego County
175,92109-110285414,9,1426,54296,USA,2021-07-09,0,0,Listed for sale,1625788800000.0,999900.0,543.0,San Diego,CA,2011,2020 Hornblend St,92109.0,-117.2328643798828,32.80086898803711,0,"""Coastal living at its finest! This 3BR townhome is an entertainers dream with panoramic views of Mission Bay Downtown and Pacific Beach. Oversized private rooftop deck comes equipped with water electric and gas. This open concept corner unit features plenty of natural light with multiple large private balconies throughout. The first level features a bedroom or office full bath generous laundry room w/pantry large kitchen dining area and great room with additional storage. On the second level you’ll find the owners bedroom equipped with private view balcony walk-in closet dual vanity soaking tub and sizable shower. The second bedroom on this level is ensuite also with walk-in closet and private balcony. This home includes all appliances tankless water heater Owned Solar (reduced utilities) and 2 car private garage. This is a small quiet secure gated community located in the heart of Pacific Beach with close access to all major freeways. Great investment potential. home includes all appliances tankless water heater Owned Solar (reduced utilities) and 2 car private garage. This is a small quiet secure gated community located in the heart of Pacific Beach with close access to all major freeways. Great investment potential. Equipment: DryerFire SprinklersGarage Door Opener Washer Sewer: Sewer Connected Topography: LL""",USD,1841.0,1841.0,sqft,3.0,3.0,0.0,1,2.0,1,Three Or More,0,1,0,0,CONDO,San Diego County
176,95363-63321994,9,1513,35927,USA,2021-07-13,0,0,Listed for sale,1626134400000.0,499000.0,181.0,Patterson,CA,2005,1432 Cliff Swallow Dr,95363.0,-121.15635681152344,37.475528717041016,0,This 2752 square foot single family home has 4 bedrooms and 3.0 bathrooms. This home is located at 1432 Cliff Swallow Dr Patterson CA 95363.,USD,2752.0,2752.0,sqft,3.0,4.0,0.0,0,0.0,0,0,0,0,0,0,SINGLE_FAMILY,Stanislaus County
177,95363-16015922,9,1514,35927,USA,2021-07-10,0,0,Listed for sale,1625875200000.0,370000.0,327.0,Patterson,CA,1987,525 Hannah Dr,95363.0,-121.12451171875,37.48012161254883,0,"""MAKE AN OFFER TODAY!!!! HONEY I FOUND A 4 bedroom!!!! tax records shows 3. 2 bath Calling first time home buyers!!!! wont last!""",USD,1130.0,1130.0,sqft,2.0,3.0,0.0,1,0.0,0,0,0,0,0,0,SINGLE_FAMILY,Stanislaus County
178,95363-68966798,9,1515,35927,USA,2021-07-10,0,0,Listed for sale,1625875200000.0,489000.0,201.0,Patterson,CA,2005,1503 Oasis Ln,95363.0,-121.15614318847656,37.46411895751953,0,***CHARMING HOME*** HARD TO FIND.. THIS 1 STORY HOME IS LOCATED IN THE GORGEOUS GATED COMMUNITY OF REFLECTIONS..4/2 APPROX 2433SQ FT GREAT FLOOR PLAN LIVING ROOM FAMILY ROOM FIREPLACE FORMAL DINING AREA INSIDE LAUNDRY ROOM PRIVATE MASTER BEDROOM WITH HUGE WALK-IN CLOSET TILE ROOF 3 CAR GARAGE BIG BACKYARD WITH UNCOVERED PATIO AREA.. BEAUTIFUL COMMINUTY POOL..CLOSE TO FREEWAY SHOPPING AND SCHOOLS..,USD,2433.0,2433.0,sqft,2.0,4.0,0.0,1,0.0,0,0,1,0,0,0,SINGLE_FAMILY,Stanislaus County
179,95363-64689395,9,1516,35927,USA,2021-07-08,0,0,Listed for sale,1625702400000.0,525000.0,199.0,Patterson,CA,2005,236 Durer Dr,95363.0,-121.14412689208984,37.45920944213867,0,Come and fall in love with 236 Durer Drive in Patterson Gardens. NO MELLO ROOS!! This spacious home features 4 upstairs bedrooms 2.5 bathrooms separate living rooms a formal dining area large kitchen with island tons of storage space 3 car garage and sits on a large premium sized lot with nice landscaping(room for pool). A/C system is approximately 4 years old dishwasher and microwave are also newer washer/dryer and refrigerator are included. Located in a great neighborhood close to parks shopping and freeway access. This home would be a great fit for someone who likes to entertain or may have a growing family. Again this one has NO MELLO ROOS which is a significant savings to homes in the same neighborhood. Come and take a tour today!,USD,2639.0,2639.0,sqft,3.0,4.0,0.0,1,0.0,0,0,0,0,0,0,SINGLE_FAMILY,Stanislaus County
180,95363-113064102,9,1517,53568,USA,2021-07-07,0,0,Listed for sale,1625616000000.0,509000.0,245.0,Patterson,CA,2018,21236 Grapevine Dr,95363.0,-121.26590728759766,37.39646911621094,0,"""You do not want to miss the opportunity to own this magazine worthy home! The moment you lay eyes on this home you will be rendered speechless! The exquisite style and attention to detail throughout the inside and out is absolutely stunning! Your future guests will be impressed upon arrival making their way up the path of your customized front yard. This home features modern style and open concept living space with 4 bedrooms 3 FULL bathrooms a tandem 3 car garage and dual A/C. It also showcases custom light fixtures throughout and one of a kind craftsmanship finishes that need to be seen to be appreciated. Enjoy the outdoors and beauty of the rolling hills in the ultimate entertainers backyard with plenty of areas to entertain shade for those hot days and little to no maintenance. This is a rare gem and move-in ready for you to enjoy all within the comforts of the gated community of Diablo Grande. Diablo Grande offers security patrol 24/7 a park and walking paths.""",USD,2076.0,2076.0,sqft,3.0,4.0,0.0,1,0.0,0,0,0,0,0,0,SINGLE_FAMILY,Stanislaus County
181,95363-64632447,9,1518,35927,USA,2021-07-07,0,0,Listed for sale,1625616000000.0,499000.0,258.0,Patterson,CA,2005,20644 Sarazen Pl,95363.0,-121.25838470458984,37.402122497558594,0,Gorgeous single story with VIEWS tucked in at the end of a private court in Diablo Grande. This well maintained home has 3 bedrooms 2 bathrooms 1932 sqft combined formal living and dining room which can be used as a large bonus space gas fireplace tile and laminate flooring open kitchen with granite counter tops and lots of storage. The master bedroom has outdoor access double sinks in the bathroom and walk in closet. The backyard features stamped concrete backyard mature landscaping for privacy and extra shade and mountain views all around. Diablo Grande has security patrol park and hiking.,USD,1932.0,1932.0,sqft,2.0,3.0,0.0,1,0.0,0,0,0,0,0,0,SINGLE_FAMILY,Stanislaus County
182,95363-2078999982,9,1519,35927,USA,2021-07-05,0,0,Price change,1625788800000.0,509990.0,267.0,Patterson,CA,2021,Friesian Plan,95363.0,-121.1226806640625,37.486228942871094,0,Aspire at Apricot Grove in Patterson CA offers three home designs with up to 4 bedrooms and 2489 sq. ft. Residents enjoy no HOA offering more freedom on how you live & work on your home. Patterson offers great affordability within easy proximity to the Bay Area. Offered By: K. Hovnanian Homes Northern California Inc. The Friesian offers: Beautiful open living space with available covered patio. Versatile den to use as home office studio or entertainment room. Walk-in closets in all bedrooms so everyone has enough storage. Optional Extra Suite ideal for visiting family or friends. Available 3-car garage to store motorized toys bikes or seasonal items.\xa0,USD,1912.0,1912.0,sqft,2.0,3.0,0.0,1,0.0,0,0,0,0,1,0,SINGLE_FAMILY,Stanislaus County
183,95363-113061063,9,1520,53568,USA,2021-06-24,0,0,Listed for sale,1624492800000.0,505000.0,205.0,Patterson,CA,2018,21240 Grapevine Dr,95363.0,-121.26610565185548,37.39645385742188,0,This home has plenty to offer only just over 3 years oldextra upgrades concrete patio and side home and front for additional parking gated community near to golf course bedroom and full bath downstairs stainless steel appliances tile floors and much more...,USD,2469.0,2469.0,sqft,3.0,5.0,0.0,1,0.0,0,0,0,0,0,0,SINGLE_FAMILY,Stanislaus County
184,95363-64895308,9,1521,35927,USA,2021-06-22,0,0,Listed for sale,1624320000000.0,525000.0,190.0,Patterson,CA,2005,243 Tulip Ln,95363.0,-121.15290832519531,37.45976638793945,0,Single Story three bedroom home on a corner lot. Large and spacious Kitchen with tile counters and matching center island. Master Bedroom with Vanity Stall shower and separate Tub. Large Parlor or Office Formal Dining Room 3 Car tandem garage.,USD,2767.0,2767.0,sqft,2.0,3.0,0.0,1,0.0,0,0,0,0,0,0,SINGLE_FAMILY,Stanislaus County
185,95363-63322056,9,1522,35927,USA,2021-06-08,0,0,Listed for sale,1623110400000.0,539995.0,201.0,Patterson,CA,2004,9544 Sarazen Ct,95363.0,-121.26353454589844,37.40267181396485,0,This beautiful 2 story 3 bedroom & 2.5 bath home is located in Diablo Grande a gated community secured by patrolling officers 24 hours a day 7 days a week. The property sits at the end of the cut-de-sac featuring unobstructed views of vineyards on the hills and mountains. The main entrance of the home welcomes you into an enormous family room with bright and open high vaulted ceilings. The main downstairs level was upgraded with beautiful laminate flooring and runs into the spacious master bedroom which is downstairs along with the master bathroom featuring double sink counters shower area and impressive jetted tub with a separate private toilet area as well as an impressive walk in closet. Kitchen has tile countertops walk in closet and breakfast nook area which runs into living room that allows access to spacious backyard. The second level of the home has carpet flooring and features 2 bedrooms full bath laundry room enormous family room with balcony & loft.,USD,2685.0,2685.0,sqft,3.0,3.0,0.0,1,0.0,0,0,0,1,0,0,SINGLE_FAMILY,Stanislaus County
186,95363-16016532,9,1523,35927,USA,2021-06-04,0,0,Listed for sale,1622764800000.0,500000.0,327.0,Patterson,CA,1947,848 W Las Palmas Ave,95363.0,-121.14019775390624,37.46651077270508,0,"""LOCATION LOCATION LOCATION ZONING ZONING ZONING! A prime location property like this doesnt come along very often! This .41ac (17860sf) properties zoning is DOWNTOWN CORE with current land use as residential. The home currently on this lot is 1530sf 3 beds/2 ba (1 bed/1ba permits unkown) built in 1947 2-car garage. FIXER UPPER VALUE IS IN THE LAND!""",USD,1530.0,1530.0,Acres,2.0,3.0,0.0,1,0.0,0,0,0,0,0,0,SINGLE_FAMILY,Stanislaus County
187,95363-113058916,9,1524,53568,USA,2021-06-03,0,0,Listed for sale,1626048000000.0,495000.0,247.0,Patterson,CA,2016,21121 Varietal Ct,95363.0,-121.2611083984375,37.397743225097656,0,"""Do you want to live your vacation every day? In this amazing retreat-like community nestled in the gorgeous hills of Diablo Grande in Patterson is you opportunity. Driving up to your home after greeting the guard at the security gate youll see deer and squirrels as you pass the golf course and take in the breath-taking views. While feeling the stress of work melt away you pull into the driveway of your single-story home. As you walk through the door you pass 4 bedrooms featuring a master suite and junior suite 3 full bathrooms and its many gorgeous features. Continue walking through the open floor plan entering the grand kitchen and family room with the views of the back yard. Pour yourself your favorite drink and step out to your private back yard where real paradise exists. Relax around the built-in fire pit and enjoy the exquisite views of the rolling hills vineyards and families of deer. Make this your home and youll never need a home away from home!""",USD,2004.0,2004.0,sqft,3.0,4.0,0.0,1,0.0,0,0,0,0,0,0,SINGLE_FAMILY,Stanislaus County
188,95363-82971610,9,1525,35927,USA,2021-05-19,0,0,Listed for sale,1621382400000.0,575000.0,209.0,Patterson,CA,2007,20858 Black Oak Dr,95363.0,-121.2612533569336,37.40040588378906,0,"""Beautifully situated on a picture perfect street in the desirable Diablo Grande community and is surrounded by the foothills with a gated and secured entrance.Warmly welcomed with an inviting living room wood flooring and picture windows capturing the lush grounds. Around the way you will find a sun-filled cooks kitchen highlighted by spacious countertops and stainless steel appliances. Featuring a spacious 4 bedrooms and 2.5 bathrooms. Filled with charm and character the dining area has plenty of natural light accentuated by a stunning family room that leads out to the lovely generous backyard that is great for entertaining. Enjoy gazing at the stars in the evenings as you unwind. This community features hiking trails community park and basketball courts for outdoor activities. This exceptional home is tucked away from the hustle and bustle of big cities.\xa0 This attractive and character-filled home is ready to create new memories!""",USD,2752.0,2752.0,sqft,3.0,4.0,2752.0,1,2.0,1,Two Story,0,0,0,0,SINGLE_FAMILY,Stanislaus County
189,95363-61341145,9,1526,35927,USA,2021-04-01,0,0,Listed for sale,1625961600000.0,510000.0,189.0,Patterson,CA,2004,41 Palomino Way,95363.0,-121.15379333496094,37.46575164794922,0,This 2696 sq ft. home is located near schools and shopping. It has 3/4 bedrooms with 2 1/2 bathrooms. A three car garage and low maintenance front and back yards.,USD,2696.0,2696.0,sqft,3.0,3.0,0.0,1,0.0,0,0,0,0,0,0,SINGLE_FAMILY,Stanislaus County
190,95363-2119786265,9,1527,35927,USA,2021-03-30,0,0,Listed for sale,1617062400000.0,1000000.0,0.0,Patterson,CA,0,0 Magnolia Ave,95363.0,-121.12351989746094,37.51449966430664,0,Great opportunity to buy an established Almond orchard in Patterson! 20+/- acres of mature Nonpareil Wood Colony and Carmel almond varieties. Live and farm all in one place! Homesite renderings available with offer. Affordable water in Patterson Irrigation District and possibility to have the current owner tend to trees. Surrounded by large custom homes and other residential uses. Class 1 soil consisting of Capay Clay and Vernalis Loam. Great tax benefits for the right buyer. Two parcels available totaling 30+/- acres. See MLS# 221024438 for second parcel.,USD,0.0,0.0,Acres,0.0,0.0,0.0,0,0.0,0,0,0,0,0,0,LOT,Stanislaus County
191,95363-113062886,9,1528,35927,USA,2021-03-29,0,0,Listed for sale,1616976000000.0,99000.0,0.0,Patterson,CA,0,20301 Perrett Ct,95363.0,-121.26837158203124,37.40625381469727,0,Build your dream home on this premier custom lot in Diablo Grande! This flat lot is very buildable and has amazing views. End of court location. HOA has a park hiking and security patrol. Tiny homes crate homes and mobile homes are not permissible.,USD,0.0,0.0,Acres,0.0,0.0,0.0,0,0.0,0,0,0,0,0,0,LOT,Stanislaus County
192,95363-241330556,9,1529,35927,USA,2021-03-19,0,0,Listed for sale,1616112000000.0,499000.0,0.0,Patterson,CA,0,Rogers Rd,95363.0,-121.17521667480469,37.4669075012207,0,Commercial lot in Patterson CA. near Modesto. Drive by and see if this is what you are looking for!,USD,0.0,0.0,Acres,0.0,0.0,0.0,0,0.0,0,0,0,0,0,0,LOT,Stanislaus County
193,95363-2073095507,9,1530,35927,USA,2021-03-02,0,0,Listed for sale,1614643200000.0,1400000.0,0.0,Patterson,CA,0,0 Highway 33,95363.0,-121.1674346923828,37.51833724975586,0,Excellent opportunity to build condos or apartments in Patterson. The zoning allows up to 55 units to be built.,USD,0.0,0.0,Acres,0.0,0.0,0.0,0,0.0,0,0,0,0,0,0,LOT,Stanislaus County
194,95363-108865130,9,1531,35927,USA,2021-02-02,0,0,Listed for sale,1612224000000.0,99000.0,0.0,Patterson,CA,0,20661 Morton Davis Cir,95363.0,-121.26959228515624,37.40243148803711,0,Located in the Diablo Grande gated community this vacant lot is close to the community club house pool golf course and tennis facility. Diablo Grande is located outside of Patterson CA with easy access from I-5. This lot is ready to build.,USD,0.0,0.0,Acres,0.0,0.0,0.0,0,0.0,0,0,0,0,0,0,LOT,Stanislaus County
195,95363-63322140,9,1532,35927,USA,2021-02-02,0,0,Listed for sale,1612224000000.0,99000.0,0.0,Patterson,CA,0,9220 Foxy Ct,95363.0,-121.2658920288086,37.40477752685547,0,Located in the Diablo Grande gated community this elevated vacant lot looks out over the community golf course. The development includes a community pool tennis court and golf course. Diablo Grande is located outside of Patterson CA with easy access from Interstate 5. This lot is ready to build.,USD,0.0,0.0,Acres,0.0,0.0,0.0,0,0.0,0,0,0,0,0,0,LOT,Stanislaus County
196,95363-63057780,9,1533,35927,USA,2021-02-02,0,0,Listed for sale,1612224000000.0,99000.0,0.0,Patterson,CA,0,9421 Morton Davis Dr,95363.0,-121.26895904541016,37.40351867675781,0,Located in the Diablo Grande gated community this vacant lot is close to the community clubhouse pool golf course and tennis facility. Diablo Grande is located outside of Patterson CA with easy access from I-5. This lot is ready to build.,USD,0.0,0.0,Acres,0.0,0.0,0.0,0,0.0,0,0,0,0,0,0,LOT,Stanislaus County
197,95363-2072796811,9,1534,35927,USA,2020-12-21,0,0,Listed for sale,1615334400000.0,300000.0,0.0,Patterson,CA,0,9101 Morton Davis Dr,95363.0,-121.2656707763672,37.40719223022461,0,"""Here is your chance to own a true 9000 square foot mansion with a world class golf course in the serene pastures of exclusive Monte Diablo in Patterson. This property is shovel ready and comes with city approved plans.  The contractor has a bid for the construction based on the plans of $1575000. You will have it all and you wont have to get sick to enjoy it.""",USD,0.0,0.0,Acres,0.0,0.0,0.0,0,0.0,0,0,0,0,0,0,LOT,Stanislaus County
198,95363-2076888100,9,1535,21063,USA,2020-12-11,0,0,Listed for sale,1607644800000.0,3350000.0,0.0,Patterson,CA,0,0 Welty Rd,95363.0,-121.284912109375,37.57783126831055,0,The property is 126.62 acres located on the southeast corner of W Blewett Rd. and Welty Rd. It is south of the town of Vernalis in Stanislaus County. The property is in the West Stanislaus Irrigation District and planted to olives approximately 14 years old. The property is leased until December of 2031. The rent is 10% of the gross proceeds of the olive crop but not less than $255 per acre per year. According tothe lease the lessor has the right to buy-out the tenant.,USD,0.0,0.0,Acres,0.0,0.0,0.0,0,0.0,0,0,0,0,0,0,LOT,Stanislaus County
199,95363-63153097,9,1536,35927,USA,2020-10-02,0,0,Listed for sale,1601596800000.0,89000.0,0.0,Patterson,CA,0,9460 Perrett Rd,95363.0,-121.27025604248048,37.40530395507813,0,Build your dream home on just over 1/2 acre lot with a view in Diablo Grande. Great location with the club house just down the street. Once inside the guarded gate of Diablo Grande there is a club house golf course pool park and more.,USD,0.0,0.0,Acres,0.0,0.0,0.0,0,0.0,0,0,0,0,0,0,LOT,Stanislaus County
200,95363-2105126619,9,1537,35927,USA,2018-12-12,0,0,Listing removed,1623888000000.0,1285370.0,0.0,Patterson,CA,0,0 Del Puerto Canyon Rd,95363.0,-121.22734832763672,37.46134948730469,0,This cattle ranch is located in the Del Puerto Canyon area west of the City of Patterson. It is on the north side of Del Puerto Canyon Road west of mile marker number three. The property is currently used for grazing cattle and leased for $18 per acre per year until September 30 2021.,USD,0.0,0.0,sqft,0.0,0.0,0.0,0,0.0,0,0,0,0,0,0,LOT,Stanislaus County
201,93516-2069661659,9,2264,23775,USA,2021-07-08,0,0,Listed for sale,1625702400000.0,15000.0,0.0,Boron,CA,0,27300-20 Mule Team Rd,93516.0,-117.65741729736328,35.00038909912109,0,Seller financing easy terms Nice COM flat lot with paved street and utilities on the street. Existing homes around. Buyers to do their due diligence. Address is just an approximate. Property next door is also for sale,USD,0.0,0.0,Acres,0.0,0.0,0.0,0,0.0,0,0,0,0,0,0,LOT,Kern County
202,93516-2138609897,9,2265,23775,USA,2021-07-03,0,0,Listed for sale,1625270400000.0,165000.0,126.0,Boron,CA,1961,26850 N Hampton Rd,93516.0,-117.65084838867188,35.01247787475586,0,This Cute and Cozy frame home is located in a quiet rural area of Boron. Also included are two additional parcels of land each lot size is 100x100 along with a private easement access to the house from Hampton Rd. Total acreage for all three properties is approximately a little more than 3/4 acre. Property includes two carports a fenced in lot with trees and two storage sheds. The house has two bedrooms and a washer and dryer area that can be used as craft room or office. The bedrooms each have two Cherry wood wardrobe closets in each room. Included with the sale of the house is one love seat two sofas a kitchen dining set gas dryerrefrigerator stove a lift chair and recliner. The house has two evaporative coolers and a wall furnace. Bring your paint and a little TLC. Property is being sold in as-is condition.,USD,1310.0,1310.0,sqft,1.0,3.0,1310.0,0,0.0,0,One,0,0,0,0,SINGLE_FAMILY,Kern County
203,93516-2118495690,9,2266,23775,USA,2021-06-11,0,0,Listing removed,1624320000000.0,15000.0,0.0,Boron,CA,0,0 Borax Rd,93516.0,-117.70330810546876,35.01082229614258,0,10 Acres.....Great Piece of Property in Boron. Check this land out.,USD,0.0,0.0,sqft,0.0,0.0,0.0,0,0.0,0,0,0,0,0,0,LOT,Kern County
204,93516-2083129693,9,2267,23775,USA,2021-05-25,0,0,Listing removed,1624320000000.0,13970.0,0.0,California City,CA,0,0 Nudgent St,93516.0,-117.6072998046875,35.010486602783196,0,Commercial vacant lot Ready to build your own business. Seller has two adjacent lots also. Buyer can purchase one two or all three. Seller willing to carry @ 5% for 15years. Buyer to verify all utilities.,USD,0.0,0.0,Acres,0.0,0.0,0.0,0,0.0,0,0,0,0,0,0,LOT,San Bernardino County
205,93516-2078234404,9,2268,23775,USA,2021-05-25,0,0,Listing removed,1625184000000.0,3999.0,0.0,Boron,CA,0,0 Glendower Ave,93516.0,-117.69767761230469,35.02092742919922,0,Zoned A-1 Limited Agriculture Combination of Estate type Residential uses and other compatible uses. 2 Acres. Buyer to Verify all Utilities. Buyer to pay all Closing Cost Including Commission.,USD,0.0,0.0,Acres,0.0,0.0,0.0,0,0.0,0,0,0,0,0,0,LOT,Kern County
206,93516-2111026646,9,2269,23775,USA,2021-05-25,0,0,Listing removed,1624320000000.0,400000.0,0.0,Boron,CA,0,0 Twenty Mule Team Rd,93516.0,-117.64452362060548,34.99959182739258,0,8 acres zoned light industrial M-2. Call the county for uses as they allow for many.,USD,0.0,0.0,Acres,0.0,0.0,0.0,0,0.0,0,0,0,0,0,0,LOT,Kern County
207,93516-2076489462,9,2270,23775,USA,2021-05-25,0,0,Listing removed,1624320000000.0,9900.0,0.0,Boron,CA,0,0 E State Highway 58,93516.0,-117.61377716064452,34.999862670898445,0,Vacant land with visibility from Highway 58. This is a popular location for truck drivers and travelers to pull over and rest.,USD,0.0,0.0,Acres,0.0,0.0,0.0,0,0.0,0,0,0,0,0,0,LOT,San Bernardino County
208,93516-2073244558,9,2271,23775,USA,2021-05-25,0,0,Listing removed,1624320000000.0,16400.0,0.0,Boron,CA,0,39001 El Cajon Ave,93516.0,-117.51725769042969,34.97949981689453,0,Good access to Highway 58 and Highway 395. Perfect for truck driver or for small ranch. 39001 El Cajon Ave. is the approximate address for identification purposes only. GPS coordinates: 34.979503-117.516629,USD,0.0,0.0,Acres,0.0,0.0,0.0,0,0.0,0,0,0,0,0,0,LOT,San Bernardino County
209,93516-2086665863,9,2272,23775,USA,2021-05-25,0,0,Listing removed,1624320000000.0,960000.0,0.0,Kramer Junction,CA,0,0 Highway 395,93516.0,-117.63172149658205,35.03255081176758,0,"""2 total miles of frontage on Hwy 395. Control both sides of the highway for 1 mile. Electricity at the property. Potential solar site or mitigation land or as a planned development. So many possibilities on a piece of land that there just arent many of anymore. 10 miles to sub station.""",USD,0.0,0.0,Acres,0.0,0.0,0.0,0,0.0,0,0,0,0,0,0,LOT,San Bernardino County
210,93516-2070622425,9,2273,0,USA,2021-05-25,0,0,Listing removed,1624320000000.0,9900.0,0.0,Boron,CA,0,108 Farmington Rd,93516.0,-117.48314666748048,35.0279541015625,0,"""This 1.92 acre lot sits north of Highway 58 in the Kramer Junction area. Electricity is via overhead power lines located 80 ft north across Farmington Rd. Residents in the area own private wells for water and septic tanks for their sewer needs. Nearby parcels are also for sale by the Seller. This property lies within the unincorporated area of the San Bernardino County within the Resource Conservation (RC) zoning. According to the County this land use designation zoning district provides for open space and recreational activities and single family homes. Some of the other permitted uses include; crop production orchard vineyard produce stand and a licensed residential care facility. Uses such as Billboards Cell Towers solar farm utility facility or transportation facility may require a Conditional Use Permit. GPS: 35.027596 -117.574077""",USD,0.0,0.0,Acres,0.0,0.0,0.0,0,0.0,0,0,0,0,0,0,LOT,San Bernardino County
211,93516-18965713,9,2274,23775,USA,2021-05-25,0,0,Listing removed,1624320000000.0,93000.0,81.0,Boron,CA,1957,24254 Chaparral Ave,93516.0,-117.6994400024414,35.002151489257805,0,Standard Sale perfect to first time buyer of investor. Home features 3 bedroom 2 bathroom. Great location if Boron.,USD,1150.0,1150.0,sqft,5.0,0.0,0.0,1,1.0,1,One,0,0,0,0,SINGLE_FAMILY,Kern County
212,93516-18966948,9,2276,23775,USA,2021-04-17,0,0,Listed for sale,1620864000000.0,110000.0,151.0,Boron,CA,1941,11911 Nancy Ave,93516.0,-117.6543960571289,34.998069763183594,0,COMPLETE REMODEL!! This cute little home is move in ready. All new windows flooring ceiling fan/lighting fixtures granite countertop and wood cabinets. If you are looking for something with some room to grow this is the home for you. All new paint inside and out. Corner lot is very spacious with plenty of room to do whatever fits your lifestyle. Nice layout and indoor laundry area. Come see for yourself.,USD,730.0,730.0,sqft,1.0,2.0,730.0,0,0.0,0,One,0,0,0,1,SINGLE_FAMILY,Kern County
213,93516-2071945409,9,2277,23775,USA,2021-04-08,0,0,Listed for sale,1617840000000.0,29990.0,0.0,Boron,CA,0,491091 Highway 395,93516.0,-117.5451202392578,35.0096435546875,0,"""***Come VIEW and MAKE an OFFER TODAY! Land opportunity located in the expanding high traffic Kramer Junction Area. TWO PARCELS (APNs 0491-091-44 and 47) being sold together as a package totaling 20 acres close to Hwy 395 and Hwy 58. Ideal location for your own personal recreation area. In addition demand for desert acreage has increased due to state renewable (solar/wind) standards with many solar projects underway in the area. A must see opportunity before its too late.***""",USD,0.0,0.0,Acres,0.0,0.0,0.0,0,0.0,0,0,0,0,0,0,LOT,San Bernardino County
214,93516-2073654003,9,2278,23775,USA,2021-02-18,0,0,Listed for sale,1613606400000.0,72000.0,0.0,Boron,CA,0,0 Carmichael St,93516.0,-117.64632415771484,35.00640869140625,0,"""Commercial property ready for your new business and priced just right! Make your vision a reality with this commercially zoned lot in Boron CA. Perfect location is just minutes from the Shell gas station Boron Junior-Senior High School Arabian Oasis and more! Your future awaits dont miss this opportunity. Contact your favorite Realtor today for more information.""",USD,0.0,0.0,Acres,0.0,0.0,0.0,0,0.0,0,0,0,0,0,0,LOT,Kern County
215,93516-2077245046,9,2279,0,USA,2020-11-05,0,0,Listed for sale,1604534400000.0,9900.0,0.0,Boron,CA,0,E State Highway 58,93516.0,-117.49246978759766,34.987648010253906,0,Vacant land with visibility from Highway 58. This is a popular location for truck drivers and travelers to pull over and rest.,USD,0.0,0.0,Acres,0.0,0.0,0.0,0,0.0,0,0,0,0,0,0,LOT,San Bernardino County
216,93516-2077262411,9,2280,23775,USA,2020-11-04,0,0,Listed for sale,1604448000000.0,350000.0,0.0,Boron,CA,0,Park Knolls Blvd,93516.0,-117.66755676269531,35.00769424438477,0,Caliber Ranch a Great project with more people moving out of the big cities now. See attached maps sellers plans for these properties. The new Loves Truck stop not far away (current under construction) Rio Tinto mine(discovery of lithium) Edwards AFB (F35 and other special projects) all close by with employment for future home buyers. 13 parcels APN 231-190-21 (.25 Acres) APN 231-190-22 (.25 Acres) APN 231-180-04 (8.6 acres) APN 231-180-06 (9.07 Acres) APN 231-160-03 (1 Acre)APN 231-160-05 (2 Acres) APN 231-160-07 (1 Acre)APN 231-160-08 (2 Acres) APN 231-160-11 (1 Acres) APN 231-160-17 (3 Acre) APN 231-160-18 (1 Acre) APN 231-150-04 (1 Acres) APN 231-150-13 (1 Acres)APN 231-150-15 (1 Acres) APN 231-150-16 (2 Acres) For the total of 33.7 buyer to verify and see maps with easements for access to each property and sellers property layouts for future lots.,USD,0.0,0.0,Acres,0.0,0.0,0.0,0,0.0,0,0,0,0,0,0,LOT,Kern County
217,93516-2088999139,9,2281,23775,USA,2020-11-03,0,0,Listed for sale,1604361600000.0,25000.0,0.0,Boron,CA,0,Borax Rd,93516.0,-117.69391632080078,35.019577026367195,0,Open land great to get out of the city and enjoy some sun with open skies you can see the stars most of the year. Use it as a get away from the big city and explore the desert. Power and water close near by buyer to verify all connection requirements.,USD,0.0,0.0,Acres,0.0,0.0,0.0,0,0.0,0,0,0,0,0,0,LOT,Kern County
218,93516-2077271485,9,2282,23775,USA,2020-11-03,0,0,Listed for sale,1604361600000.0,15000.0,0.0,Boron,CA,0,Gephart Rd,93516.0,-117.74356842041016,35.04066848754883,0,If you like open spaces and cheap land this is for you open skies most of the year and a place to get away from the big city. Enjoy exploring the desert and get some sun.,USD,0.0,0.0,Acres,0.0,0.0,0.0,0,0.0,0,0,0,0,0,0,LOT,Kern County
219,93516-2082160223,9,2283,23775,USA,2020-09-12,0,0,Price change,1604620800000.0,13970.0,0.0,Boron,CA,0,Nudgent St,93516.0,-117.6552276611328,35.00076675415039,0,Commercial Vacant Lot. Ready to build your own business. Seller has two adjacent lots also buyer can purchase one or all three. Seller willing to carry @ 5% for 15 years. Buyer to verify all utilities.,USD,0.0,0.0,Acres,0.0,0.0,0.0,0,0.0,0,0,0,0,0,0,LOT,Kern County
220,93516-2095161025,9,2284,23775,USA,2020-09-12,0,0,Listed for sale,1546387200000.0,10000.0,0.0,Boron,CA,0,Hwy 58 & E/o Boron Ave,93516.0,-117.63836669921876,35.01285934448242,0,Two residential lots being sold together for a total of 1.71 acres in the town of Boron. Zoned E11. APN# 231-220-30 & 231-220-49,USD,0.0,0.0,Acres,0.0,0.0,0.0,0,0.0,0,0,0,0,0,0,LOT,Kern County
221,93516-249730188,9,2285,23775,USA,2020-09-12,0,0,Listed for sale,1610496000000.0,90000.0,0.0,Boron,CA,0,Twenty Mule Team Rd,93516.0,-117.6209945678711,34.99799346923828,0,Great potential for Development. This parcel 23+ Acres located just between Hwy58 and Twenty Mule Team Rd and Boron Elementary and Boron High School.,USD,0.0,0.0,Acres,0.0,0.0,0.0,0,0.0,0,0,0,0,0,0,LOT,San Bernardino County
222,90701-248701992,9,2882,30267,USA,2021-07-07,0,0,Sold,1529020800000.0,888000.0,346.0,Artesia,CA,2018,12136 Cambrian Cir,90701.0,-118.0732192993164,33.85704803466797,0,"""This beautiful new construction home built in 2018 features 4 bedrooms and 4 bathrooms 2564 sq. ft. of living area. It is located in the coveted Serenity Luxury Homes in the city of Artesia. The lower level offers a bedroom with full bath great room with fireplace dining area and gourmet kitchen with quartz island expanded counter seating and walk-in pantry. The second level boasts two bedroom suites a large loft area a laundry room and a spectacular master suite and master bath with two walk-in closets. Built in 2018 with all the builder upgrades this home is turnkey and move-in ready and has a 10-year builders warranty. It is conveniently located near the 91 and 605 freeways shopping centers restaurants entertainment and part of the distinguished ABC unified school district.""",USD,2564.0,2564.0,sqft,4.0,4.0,0.0,1,2.0,1,Two,0,0,0,0,SINGLE_FAMILY,Los Angeles County
223,90701-21121861,9,2883,30267,USA,2021-06-28,0,0,Listed for sale,1624838400000.0,869999.0,432.0,Artesia,CA,1977,18429 Devlin Ave,90701.0,-118.07801055908205,33.863906860351555,0,This grand elegant and beautiful home located in the City of Artesia! Looking like a model home this beautiful property is owned by a beautiful couple who have maintained the house and kept it extremely clean. This property has had over $150K WORTH OF UPGRADES (lots of upgrades). The home has 3 bedrooms downstairs and 1 bonus room upstairs with a fireplace (which could be converted into a 4th master bedroom). This home is 2014 square feet was built in 1977 and from then on has been upgraded continuously. The entire home has Crown Molding. The home has roof tiles a smooth finish stucco (recently done) new doors (main) exterior garage door and garage side door custom paint. The kitchen features oak cabinets granite countertops granite backsplash stainless steel appliances and vented microwave.  The balance of the home has carpet tile flooring and vinyl miniblinds.  The master bathroom features tile flooring a beautiful shower stall with porcelain tile surroundings glass doors and a rain shower head.  The family room also has a fireplace and presents a sliding door to the backyard. The hallway bathroom features a marble countertop custom vanity  a tub fixtures and tile floor. The home has beautifully done and well-maintained landscaping in the front yard including turf grass and a covered patio in the backyard. The car garage has access through the alley and the property is enclosed with four sidewalls security cameras and a security alarm. There is a remote-controlled automatic gate to maintain easy access for cars to enter the garage. The backyard of this home is a perfect place to throw parties it is private and you can even fit multiple cars to park there too!,USD,2014.0,2014.0,sqft,2.0,4.0,0.0,1,2.0,1,Two,0,0,0,0,SINGLE_FAMILY,Los Angeles County
224,90701-247682242,9,2884,30267,USA,2021-06-25,0,1,Listing removed,1612828800000.0,1978001.0,384.0,Artesia,CA,1990,11620 187th St,90701.0,-118.08614349365234,33.861129760742195,0,Luxury Live Auction! Bidding to start from $1700000! SPECTACULAR pool home on an extra large corner lot! Recently remodeled with 5 bedrooms (including 1 downstairs) plus a private office and formal entry. Step through the grand front door entrance and see the gorgeous stacked stone wall vaulted ceilings a sweeping staircase and wood and tile floors throughout the first floor. The spacious gourmet kitchen features granite countertops a large breakfast bar cooktop stainless appliances and ample cabinet space. The large family room has a stone fireplace media niche built-in cabinetry and a doorway that leads to the wide-open rear patio area with private pool spa and firepit. Upstairs the huge master suite includes a master bath with luxurious soaking tub dual sinks large walk-in closet and a private balcony. Other amenities include a spacious 4 car garage elevator and entertaining wet bar. Just minutes from dining shopping and entertainment.,USD,5145.0,5145.0,sqft,6.0,5.0,0.0,1,4.0,1,Two,1,1,0,0,SINGLE_FAMILY,Los Angeles County
225,90701-21118992,9,2885,30267,USA,2021-06-18,0,0,Listing removed,1624320000000.0,649999.0,694.0,Artesia,CA,1952,18117 Elaine Ave,90701.0,-118.07707977294922,33.866317749023445,0,Welcome to a Beautiful East facing single family home located in the heart of Artesia and surrounded by the city of Cerritos. Excellent school district and award winning schools Easily accessible to Highway 91 605 and all shopping malls within minutes. This house was renovated recently. Brand NEW ROOF double pane WINDOWS and CONCRETE DRIVEWAY. All interior remodeled with New Laminated wood flooring kitchen with tiles main bathroom renovated completely as full bath with beautiful tiles and shower. AC and Heater are 3 years old only. The house is surrounded by beautiful flowers and vegetable garden completely landscaped with walk paths sitting deck to relax and for coffee anytime. All fruit trees were planted 2 years ago on the edge of the backyard with a separated ridge wall. The house interior and exterior was painted recently to give a great look and freshness to the new owner. Washer dryer is included. Refrigerator and furniture negotiable if interested. You will love this home and it is great for a family who likes gardening and is willing to live in a great place that is accessible to all visiting places within a short time. Must see to appreciate.,USD,936.0,936.0,sqft,2.0,2.0,0.0,0,0.0,0,One,0,0,0,0,SINGLE_FAMILY,Los Angeles County
226,90701-21121859,9,2886,30267,USA,2021-06-05,0,0,Listing removed,1624320000000.0,849999.0,325.0,Artesia,CA,1966,18503 Devlin Ave,90701.0,-118.07801055908205,33.86379623413086,0,Great Artesia Property Four bedrooms and 3 bathrooms. Two Master Bedrooms. The property has Two units (the second unit is a studio 400 ft ). Central Air Fire Place Granite Kitchen Top Floor Upstairs Bedroom. Patio Orange Fruits Trees Block Wall Fence With Rod Iron Gates. Alley and front entrance. Open floor plan city-approved to remove the wall between kitchen and family room upstairs bedroom attached bathroom and 2nd unit conversion also approved.,USD,2619.0,2619.0,sqft,2.0,4.0,0.0,0,0.0,0,One-Two,0,0,0,0,SINGLE_FAMILY,Los Angeles County
227,90701-2083507425,9,2887,30267,USA,2021-05-25,0,0,Listing removed,1624320000000.0,150000.0,0.0,Artesia,CA,0,0 170th St,90701.0,-118.07811737060548,33.876956939697266,0,"""ATTENTION AGENTS: This is a land sale! The land is located at the back of the property on 12058 169th street in the city of Artesia LA County. Seller has not verified if the land could be accessed or could be developed. Assessor record shows the lot size is 3521sqft. Buyer and buyers agent should please do their due diligence to verify availability of access to the land.""",USD,0.0,0.0,sqft,0.0,0.0,0.0,0,0.0,0,0,0,0,0,0,LOT,Los Angeles County
228,90701-21120631,9,2888,30267,USA,2021-05-25,0,0,Listing removed,1624320000000.0,399000.0,481.0,Artesia,CA,1978,17628 Alburtis Ave UNIT 33,90701.0,-118.08372497558594,33.87058639526367,0,First time on market since 1979!! Great location end unit only attached on one side. Located in the front of complex for easy access. 2 bedroom 1 bath ground level unit. Bathroom and kitchen were upgraded a few years ago. Spacious living room with nice size storage closet. Large south facing backyard/patio which is nice and sunny. This allows for a light and bright kitchen/dining area. Both bedrooms are very spacious with large floor to ceiling closets. This condo community is gated offering a community pool/spa community laundry and one designated space and one Covered carport space.,USD,829.0,829.0,Acres,1.0,2.0,0.0,1,1.0,1,One,0,0,0,0,CONDO,Los Angeles County
229,91214-20816264,9,2889,45457,USA,2021-07-11,0,0,Listed for sale,1625961600000.0,695000.0,694.0,Glendale,CA,1950,3751 Montrose Ave,91214.0,-118.2613525390625,34.229442596435554,0,Charming cape cod cottage with great floor plan & natural light. Home has newly refinished hardwood floors new interior paint LR DR galley kitchen with breakfast area updated full bath & separate laundry room with storage. There are two brick patios a spacious detached 2 car garage with storage & a large driveway allowing for extra off street parking. The property is close to La Crescenta dog Park YMCA at Lowell Verdugo city and Montrose village. Award winning N Glendale schools!,USD,1002.0,1002.0,sqft,1.0,2.0,0.0,1,2.0,1,One,0,0,0,0,SINGLE_FAMILY,Los Angeles County
230,91214-20815599,9,2890,45457,USA,2021-07-10,0,0,Listed for sale,1625875200000.0,699000.0,640.0,Glendale,CA,1919,4212 Dunsmore Ave,91214.0,-118.25714874267578,34.22916030883789,0,Located in the very popular area of La Crescenta this little cottage could be your next project. This 9400+ sq ft corner lot offers many possibilities. Current home is a 3+2. Property is being sold “as is” and is in need of a major renovation. Bring your vison board and make this property the home of your dreams.,USD,1092.0,1092.0,sqft,2.0,3.0,0.0,0,0.0,0,One,0,0,0,0,SINGLE_FAMILY,Los Angeles County
231,91214-20814566,9,2891,45457,USA,2021-07-10,0,0,Listed for sale,1625788800000.0,1249000.0,470.0,Glendale,CA,1955,4804 Lauderdale Ave,91214.0,-118.25934600830078,34.24190139770508,0,"""Located high above Foothill Blvd in sought after La Crescenta this spacious midcentury home is light bright and open. Step inside the front door and you are greeted by an inviting great room with beamed ceilings. The open concept flow of the living kitchen breakfast room and dining areas creates a massive entertainment space across the west side of the house. The huge formal dining room which features a cozy fireplace is the perfect place for hosting large dinners. It could also be easily be utilized as a den or play room. The upper south wing of the house includes the spacious primary suite complete with its own full bath and private balcony showcasing beautiful views of the foothills. An additional bedroom and full hall bath are located down a short hall. Off the great room at the north side of the house youll find a third large bedroom that adjoins to a beautiful new three-quarter bathroom and an office perfect for your work from home needs. The bottom portion of the home which features brand new vinyl flooring includes a flexible bonus space that is accessible through both the interior staircase and an exterior private entrance. This room has a closet and makes a great fourth bedroom screening room gym or studio space. With an additional large laundry room and storage area the downstairs also has the potential for a re-imagined suite for extended family. Outside youll find multiple entertainment areas including a beautiful stone patio with custom built benches that sits above the street and a secret garden at the north side of the house featuring fruit trees and vegetable planters. The lower level can be used as additional outdoor play space or could be utilized for RV or boat parking. Just a stones throw from Dunsmore Park and La Crescentas Blue Ribbon schools this beautiful house is ready for you to call home!""",USD,2660.0,2660.0,sqft,3.0,4.0,0.0,1,2.0,1,Two,0,0,0,0,SINGLE_FAMILY,Los Angeles County
232,91214-20899382,9,2892,396551,USA,2021-07-09,0,0,Listed for sale,1625788800000.0,789000.0,758.0,La Crescenta,CA,1955,4949 Ramsdell Ave,91214.0,-118.24449920654295,34.235824584960945,0,Opportunity knocks in La Crescenta. Starter home in desired La Crescenta neighborhood located close to award winning schools with lots of potential. This well-maintained vintage home offers a spacious kitchen living room with dining area and two spacious bedrooms. The home features a large central bath fireplace ample closet and storage space. Separate laundry room two car detached garage and forced heat and air are additional features.,USD,1041.0,1041.0,sqft,1.0,2.0,0.0,1,2.0,1,One,0,0,0,0,SINGLE_FAMILY,Los Angeles County
233,91214-88885962,9,2893,45457,USA,2021-07-09,0,0,Listed for sale,1625788800000.0,899000.0,443.0,La Crescenta,CA,2007,3974 Pennsylvania Ave UNIT 112,91214.0,-118.24819946289062,34.220237731933594,0,"""Spacious open floor plan clean and bright 3-bedroom 3 baths Townhouse in La Crescenta! The first floor opens up to the bright living and dining area also offering breakfast nook spacious kitchen a private patio for entertainment and gardening and a powder room. The second floor features a master bedroom with a walk-in closet and balcony two other bedrooms and a laundry room. Other features include high ceilings large kitchen recessed lights skylights crown moldings switch-operated fireplace 3 parking spaces easy access to the parking spaces storages in the garage! Great School Area in La Crescenta and Low HOA ($285). Hurry wont last!""",USD,2030.0,2030.0,Acres,3.0,3.0,0.0,1,3.0,1,Two,0,0,0,0,TOWNHOUSE,Los Angeles County
234,91214-20899839,9,2894,396551,USA,2021-07-09,0,0,Listed for sale,1625788800000.0,1580000.0,818.0,La Crescenta,CA,1946,4545 Dyer St,91214.0,-118.24120330810548,34.22645950317383,0,Prepare to fall in love with this Stunning Totally Remodeled Contemporary Home in the heart of La Crescenta. Remodeled in 2018 this 3 Bed/2 Bath Home has beautiful design touches throughout the entire home. Step through the gorgeous front yard with tons of flat space and a sitting porch next to the front door. The Bright and Airy Living Spaces have an open floor plan perfect for entertaining. Living Room is spacious with Built-In Shelves and Fireplace. The Beautiful Large Kitchen has Huge Waterfall Island with Farmhouse Sink Built-In Stove Updated Appliances Tons of Cabinet Space and adjacent Breakfast Nook overlooking the family room. Enjoy the Family Room with Wine Fridge Floor-to-ceiling Fireplace and direct access to the Outside Patio. Built-In Cabinets underneath the staircase offer plenty more storage. Master Bedroom Suite is upstairs for ultimate privacy and has lots of Closet Space. Modern Master Bathroom features His and Hers sinks and Oversized Shower with Bench.2Bedrooms and 1Bathroom is in downstairs. Separate Laundry Room has more built-ins and another door to the backyard. Enjoy outside with beautiful Covered Deck Patio Area and Large Playground Swing set is for children. This Stunning and Fresh Contemporary Home must be seen in person for all of its many beautiful and modern details! Award winning Schools.,USD,1931.0,1931.0,sqft,2.0,3.0,0.0,0,0.0,0,Two,0,0,0,0,SINGLE_FAMILY,Los Angeles County
235,91214-20924779,9,2895,396551,USA,2021-07-09,0,0,Listed for sale,1625788800000.0,1326000.0,694.0,La Crescenta,CA,1964,5328 Pineridge Dr,91214.0,-118.23646545410156,34.237308502197266,0,Highly sought after Mid Century Modern Home in the desirable hills of La Crescenta. This mid century double door atrium home invites you into the past with updates essential to modern living. Owners spared no expense adding solar without compromising the esthetics of the 1960s. Whether your drive is from DTLA the studios or just working locally…your home is ready for your family and friends. Upon entering the peaceful courtyard you will notice the charm with large windows and sliders giving you direct sight into your private home with a sparkle of the pool welcoming you after a long day. Very Chic Fireplace with Original T & G ceilings are charming and pristine. All the bedrooms have large almost walk-in closets. So many great esthetics’ from the past to list. Master Suite has easy access for swimming laps and both bathrooms reflect the futuristic styles of the 60s. The mature landscape encompassing the backyard make for your own private retreat to create memories to last a lifetime. This community was built with greatness in mind and it reflects in the Blue Ribbon School system with the elementary and middle school within walking distance for your family not to mention Two Strikes Park for family entertainment.,USD,1912.0,1912.0,sqft,2.0,3.0,0.0,1,2.0,1,One,1,0,0,0,SINGLE_FAMILY,Los Angeles County
236,91214-20816288,9,2896,45457,USA,2021-07-09,0,0,Listed for sale,1625702400000.0,1060000.0,497.0,Glendale,CA,1989,4013 Boston Ave,91214.0,-118.26219177246094,34.22960662841797,0,Built in1989 in the sought-after neighborhood of Crescenta Highlands this picturesque 2-story traditional home immediately captivates with a rock-faced front fresh paint and landscaping and a covered front porch. Step inside the open foyer to a spacious living area showcasing vaulted ceilings a fireplace and views of the verdant backyard. The stylish kitchen features stainless steel Kitchenaid range Samsung refrigerator Bosch dishwasher center island and casual dining area that leads to the family/dining room. The second floor offers a desirable floor plan of all bedrooms up starting with a generous loft office or sitting area with natural light. The Primary Suite 3 additional bedrooms and Hall Bath complete the private quarters. The fully fenced backyard provides plenty of room for dining and entertaining on the patio with mountain views. The attached 2 car garage offers the advantage of direct access into the kitchen and has hookups for washer and dryer and abundant storage cabinets. Conveniently located near Blue Ribbon schools family/pet friendly Crescenta valley park Montrose shopping and easy access to freeways.,USD,2132.0,2132.0,sqft,3.0,4.0,0.0,1,2.0,1,Two,0,0,0,0,SINGLE_FAMILY,Los Angeles County
237,91214-20899610,9,2897,396551,USA,2021-07-08,0,0,Listed for sale,1625702400000.0,649000.0,717.0,La Crescenta,CA,1987,2944 Fairmount Ave APT 8,91214.0,-118.24383544921876,34.22805404663086,0,Range Priced. Seller will entertain and respond to all offers between $589000 and $649000. Welcome to this model perfect 2-story home located in the highly desirable neighborhood of La Crescenta. Situated in a prime location in the community this unit offers wide open views across the street and has amazing curb appeal. This stunning 2 bed 2 bath home features an open floor plan and tasteful upgrades. Upon entering you are greeted by the light and bright spacious living room with recessed lighting custom fireplace & mantel. The remodeled kitchen has newer white shaker cabinets quartz countertops subway tile backsplash and stainless steel appliances. The open dining area has a storage closet perfect for additional pantry space and a slider leading to the balcony with mountain views. Upstairs you will find a spacious master suite with beautiful mountain views recessed lighting ceiling fan and an en-suite with a shower and updated vanity. There is a 2nd bedroom upstairs and a guest bathroom with a newer vanity and bathtub with newer custom tile. The laundry area is located inside the unit on the first floor. The side by side parking is conveniently located next to the unit for quick access and has extra storage units not to mention there is plenty of street parking! This community features a pool spa and beautiful lush greenery! Low HOA dues include water & trash. Located in Blue Ribbon Award schools.,USD,905.0,905.0,Acres,2.0,2.0,0.0,1,2.0,1,Two,0,1,0,0,TOWNHOUSE,Los Angeles County
238,91214-20899816,9,2898,396551,USA,2021-07-08,0,0,Listed for sale,1625702400000.0,949000.0,669.0,La Crescenta,CA,1931,4622 Dyer St,91214.0,-118.24071502685548,34.22751998901367,0,"""Welcome to 4622 Dyer Street a Spanish-style home in beautiful La Crescenta. Built in 1931 this three-bedroom two-bathroom home is full of character and charm. Upon entering through an arched doorway you will notice the living room featuring hardwood floors gas fireplace and a cove ceiling. The formal dining room provides ample space for family and friends to gather. The galley kitchen includes a breakfast nook laundry area and access to the spacious backyard patio which is perfect for entertaining. Down the hallway are two bedrooms and the luxurious full bathroom with a bathtub separate shower vanity sink and built-in dressing table. The third bedroom includes a half bathroom and opens out into the backyard. Other amenities include central heating and air ceiling fans in each of the bedrooms and a storage room behind the detached garage with a work area. Dont miss out on this opportunity to own a classic La Crescenta Spanish charmer!""",USD,1418.0,1418.0,sqft,2.0,3.0,0.0,1,2.0,1,One,0,0,0,0,SINGLE_FAMILY,Los Angeles County
239,91214-20898520,9,2899,396551,USA,2021-07-07,0,0,Listed for sale,1625616000000.0,995000.0,782.0,La Crescenta,CA,1929,3030 Altura Ave,91214.0,-118.24546813964844,34.22280502319336,0,Located one block from Crescenta Valley High School.This lovely English Tudor home has not been offered for sale for more than thirty years. Offering three bedrooms and two baths. copper plumbing charming fireplace and more. The current owner has maintained the home over the years. There is a two car garage and a lovely grassy backyard. The home is close to schools shopping and transportation. Backyard is fenced enclosed.,USD,1272.0,1272.0,sqft,2.0,3.0,0.0,1,2.0,1,One,0,0,0,0,SINGLE_FAMILY,Los Angeles County
240,91214-20899238,9,2900,396551,USA,2021-07-07,0,0,Sold,1493251200000.0,840000.0,478.0,La Crescenta,CA,1954,4619 Ramsdell Ave,91214.0,-118.24445343017578,34.22943878173828,0,Located in the hills above Foothill Boulevard sits this great corner property. The home features 4 bedrooms and 2.5 bathrooms open living/dining room and over 1700 SF! The master suite has both a jetted tub and free standing shower. The home has the beautiful original oak hardwood floors! The two car garage has a workbench. Nice landscaping in back yard irrigation system and security features. Recent HVAC.,USD,1757.0,1757.0,sqft,3.0,4.0,0.0,1,2.0,1,One,0,0,0,0,SINGLE_FAMILY,Los Angeles County
241,91214-20925760,9,2901,396551,USA,2021-07-07,0,0,Price change,1625702400000.0,1099000.0,822.0,La Crescenta,CA,1922,5624 Freeman Ave,91214.0,-118.22639465332031,34.239246368408196,0,THE BEST DEAL IN ALL OF LA CRESCENTA! AMAZING PRICE! Majestic La Crescenta UPPER BRIGGS TERRACE home. Totally transformed with all new EVERYTHING all the while maintaining the charm and character of its original cabin feel. Three bedrooms two baths approximately 1337 square feet of living space on a spacious 7000+ sq ft lot. Open concept floorplan with entry to the living room flowing to the center kitchen and opening to the dining/den area with wood beams – all leading to the magnificent back yard space and entertainers deck. This home has been completely remodeled and renovated with designer touches throughout including a built-in sound system and high end fixtures and finishes. BRAND NEW KITCHEN BEDROOMS and BATHROOMS. ALL NEW ROOF ELECTRICAL (all new wiring/panel and led fixtures) PLUMBING FLOORING WINDOWS WATER HEATER FENCING and DRAINAGE. Grand primary bedroom suite with vaulted wood beamed ceilings overlooking the backyard complete with large walk in closet area gorgeous ensuite bathroom. Two additional generously sized secondary bedrooms are adjacent to their own brand new designer bathroom. Fabulous chef’s kitchen with stone countertops custom backsplash and cabinetry stainless steel appliances and walk in pantry. Gorgeous tranquil backyard surrounded by soaring pine trees and nature’s beauty even a peek a boo view of the city lights along with tons of space for potential expansion or ADU. Parking for five vehicles in the driveway/courtyard. Don’t miss this incredible opportunity.,USD,1337.0,1337.0,sqft,2.0,3.0,0.0,0,0.0,0,One,0,0,0,0,SINGLE_FAMILY,Los Angeles County
242,91214-20898767,9,2902,396551,USA,2021-07-06,0,0,Listed for sale,1625529600000.0,949999.0,671.0,La Crescenta,CA,1978,2711 Altura Ave,91214.0,-118.23805236816406,34.21868133544922,0,Honey stop the car! One of the nicest homes you will ever see for the price! This 3 bedroom 2 bath home is nestled in the La Crescenta close to everything you could need! This home has been tastefully redone with no expense spared! This recently renovated delight features fresh paint inside & out with wood laminate flooring throughout. The main level is a mix of casual elegance and simplicity that never goes out of style. Living area showcases cathedral ceilings and a balcony leading from the living room. The kitchen is a statement in style without sacrificing on function. Classy cozy kitchen with appliances quartz counters and back splash recessed lighting & breakfast bar counters further highlighted by stylish pendant lighting! Home features central heat/AC double pane windows remodeled bathrooms brand new kitchen with breakfast bar seating area. You won’t want to miss out on this home! This home is located close to all amenities & centrally located only minutes to shopping restaurants parks the 210 & 2 freeway Descanso Gardens. This magnificent home is a rare find meant for those who truly value a sophisticated comfortable & chic living experience.,USD,1416.0,1416.0,sqft,2.0,3.0,0.0,1,2.0,1,Two,0,0,0,0,SINGLE_FAMILY,Los Angeles County
243,91214-82880444,9,2903,12447,USA,2021-07-06,0,0,Sold,1174435200000.0,557000.0,362.0,La Crescenta,CA,2006,6300 Honolulu Ave UNIT 201,91214.0,-118.2697982788086,34.23297882080078,0,3 Bed / 3 Bath / 1540 SF / Attached 2 Car Garage / Turn-Key - Low HOA,USD,1540.0,1540.0,Acres,3.0,3.0,0.0,0,0.0,0,Three Or More,0,0,0,0,TOWNHOUSE,Los Angeles County
244,91214-20814679,9,2904,45457,USA,2021-07-06,0,0,Listed for sale,1625529600000.0,750000.0,983.0,Glendale,CA,1947,3636 Virginia St,91214.0,-118.2587661743164,34.23653793334961,0,Great one story home mostly original on a beautiful tree lined street. Sold as-is,USD,763.0,763.0,sqft,1.0,2.0,0.0,1,2.0,1,One,0,0,0,0,SINGLE_FAMILY,Los Angeles County
245,91214-20814455,9,2905,45457,USA,2021-07-06,0,0,Listed for sale,1625529600000.0,1299999.0,703.0,Glendale,CA,1955,3837 El Caminito,91214.0,-118.26337432861328,34.24477386474609,0,28961 Sqft lot in a cul-de-sac in Crescenta Highlands! Great location above Foothill Blvd in La Crescenta area. Great neighborhood great schools and huge potential to build or add on! Most of the lot are flat. This 1848 Sqft house offers a great floor plan with 2 Bedrooms on the first level Living Room Family Room Dining Room and Kitchen on the second level with spectacular views! The oversized Family Room opens to large balcony which has almost 360 degree views and is the perfect place to relax and for family gatherings. There is a 6-car attached garage with plenty of room for all your collections! RV ground hookups in the front yard along with multi-car driveway parking. House overall in good condition need light TLC. Multi fruit trees on the property. Located near JPL Downtown LA Descanso Gardens Rose Bowl Dukmejian Park and the Americana on Brand. Possible to subdivide it to two lots to build another house there is enough space on the north side to create a flag lot.,USD,1848.0,1848.0,Acres,2.0,2.0,0.0,1,3.0,1,Two,0,0,0,0,SINGLE_FAMILY,Los Angeles County
246,91214-20813164,9,2906,45457,USA,2021-07-03,0,1,Listed for sale,1625270400000.0,800000.0,557.0,Glendale,CA,1955,3547 Burritt Way,91214.0,-118.25672149658205,34.243858337402344,0,"""Live Auction. Bidding starts @ $800000 Write offer to stop auction. Lovingly cared for this perfectly sized 3 bedroom 2 bath home has it all. The sellers green thumb is apparent from the first time you drive up and see the beautiful rose bushes and lush landscape. The covered porch beckons to all to sit and take in this beautiful tree-lined street. Once inside youll see original hardwood flooring that runs throughout all living areas and bedrooms beginning at the formal entry. If you enjoy cooking or entertaining youll love the tastefully updated kitchen with quality cabinetry and granite counters that also features a cozy breakfast nook and is open to the dining room/family room and amazing back yard. Head on out to the yard and feel the calm and serenity provided by the beautiful Deodars and the bubbling Koi pond filled with colorful Koi and delightful turtles. The covered patio provides the perfect respite from the cares of the day. Entertaining in the cooler months is just as inviting. Light a fire in the gorgeous custom mosaic fireplace and set the table and the mood for those long winter evenings. The spacious living room provides an additional space to entertain both family and friends. Down the hall you will discover a main retreat with an elegant spa-like attached bath. The ample-sized secondary bedrooms flank a hall bath that has also been beautifully updated. What are you waiting for? This amazing home will not last Auction date July 15""",USD,1437.0,1437.0,sqft,2.0,3.0,0.0,1,2.0,1,One,0,0,0,0,SINGLE_FAMILY,Los Angeles County
247,91214-20900519,9,2907,396551,USA,2021-07-02,0,0,Listed for sale,1625529600000.0,1599000.0,632.0,La Crescenta,CA,1953,2362 Chapman Rd,91214.0,-118.23018646240234,34.22960662841797,0,"""This large 2 story home sits high above Foothill Blvd on one of the most desirable cul-de-sacs in La Crescenta. With so many opportunities and amenities this 5 bedroom 3 bath home can be a dream for the perfect buyer. Situated on an 11250 square foot lot and 2500 square feet of livable space 2362 Chapman Road has been loved by one family for 40+ years. A private tranquil backyard graces the property along with living family and dining rooms to enjoy. There is a large bonus room at the back of the house that can be used as a gym office or perhaps an ADU. A large sunny kitchen with an island is perfect for gatherings. Dont miss this special property!""",USD,2530.0,2530.0,Acres,3.0,5.0,0.0,1,2.0,1,Two,0,1,0,0,SINGLE_FAMILY,Los Angeles County
248,91214-20898795,9,2908,396551,USA,2021-06-30,0,0,Listed for sale,1625011200000.0,850000.0,680.0,La Crescenta,CA,1926,2707 Prospect Ave,91214.0,-118.23786163330078,34.22039794921875,0,Fixer with great bones and nice sized lot. Great potential in a wonderful neighborhood. Nice 2-bedroom floorplan with a large living room and dining room. Small den off the kitchen and two bedrooms off the main hallway. Set back from the street with a large private front yard. charming front porch and large side yards. So much potential but this will need a buyer that is all cash. Wonderful potential to add on re0build or add and ADU or re-hab and have a beautiful home.,USD,1250.0,1250.0,sqft,1.0,2.0,0.0,0,0.0,0,One,0,0,0,0,SINGLE_FAMILY,Los Angeles County
249,91214-20816141,9,2909,45457,USA,2021-06-23,0,0,None,,0.0,0.0,Glendale,CA,1947,3422 Montrose Ave,91214.0,-118.25406646728516,34.224609375,0,Welcome to this rustic home located in the sought after area of Glendale where the community lifestyle is lovingly known and celebrated .This idyllic setting location set on a spacious lot with over 15000 sq ft of space the home features a living room with convenient access to the front private patio kitchen & breakfast area with a large dining make for an entertainers delight with open vaulted ceilings three bedrooms one with a master suite and two baths other feathers include a two car garage summer fun peace and recreation with an eclectic feeling really sum up this property. .,USD,1000.0,1000.0,Acres,2.0,3.0,0.0,1,2.0,1,One,0,0,0,0,SINGLE_FAMILY,Los Angeles County
250,91214-20924568,9,2910,396551,USA,2021-06-22,0,0,Listed for sale,1624320000000.0,1088000.0,725.0,La Crescenta,CA,1954,5045 La Crescenta Ave,91214.0,-118.24015045166016,34.23482131958008,0,Beautiful three bedroom and 2 bathroom house situated in the quiet northern part of La Crescenta. 2 large bedrooms on the first floor and your master bedroom upstairs. Recently remodeled all throughout the home is ready for the new owners to just move in. Numerous large windows makes this house naturally very bright all throughout. House faces east which makes the house cool even during the summer. A decent sized backyard makes this home a natural bliss. The landscaped front yard makes it possible for numerous cars to park and even an RV or boat will fit just fine. Welcome to the 5045 La Crescenta.,USD,1500.0,1500.0,sqft,2.0,3.0,0.0,1,2.0,1,Two,0,0,0,0,SINGLE_FAMILY,Los Angeles County
251,91214-20814478,9,2911,45457,USA,2021-06-12,0,0,Price change,1625788800000.0,1200000.0,694.0,Glendale,CA,1958,3800 El Caminito,91214.0,-118.26193237304688,34.24381256103516,0,This La Crescenta one-story cul-de-sac home offers quartz countertops and a two-car garage. This home has been virtually staged to illustrate its potential.,USD,1728.0,1728.0,sqft,3.0,4.0,0.0,1,2.0,1,0,0,0,0,0,SINGLE_FAMILY,Los Angeles County
252,91214-20815660,9,2912,45457,USA,2021-06-12,0,0,Price change,1625270400000.0,685000.0,974.0,Glendale,CA,1925,3256 Washington Pl,91214.0,-118.25071716308594,34.22912979125977,0,Incredible opportunity to own in the beautiful foothill community of La Crescenta! Large corner lot is surrounded by a privacy hedge has mature fruit trees and has nice views of the San Gabriel and Verdugo Mountains. This home is located within walking distance to not only one of Glendale’s top elementary schools but also to both Blue Ribbon high schools in the Crescenta Valley! It is also close to some of Crescenta Valleys beautiful parks and the shops & restaurants in downtown Montrose are a short 5 minute drive away. Easy access to the 210 freeway. Charming home with high ceilings in the living room and dual paned windows. Second bedroom has a slight split that could allow for two areas such as two children’s rooms or a bedroom area and office area. So bring your imagination and make this space your own.,USD,703.0,703.0,sqft,1.0,2.0,0.0,1,0.0,0,One,0,1,0,0,SINGLE_FAMILY,Los Angeles County
253,91214-20813777,9,2913,45457,USA,2021-06-10,0,0,Price change,1625961600000.0,1299000.0,409.0,Glendale,CA,1947,4508 Frederick Ave,91214.0,-118.25434112548828,34.233779907226555,0,"""This lovely 4 bedrooms + Den & 3 1/2 bath two story entertainers home was remodeled in 1985 and upgraded 2021. New floor and new Paint New gate. totally redone baths. Turn key conditions. it is located in a quiet private cul de sac on the edge of beautiful La Crescenta. New Auto private fence Gate and door. Very Private and safe.  very close to park. A grand unique staircase leads to the master suite with walk in closet separate shower and a Jacuzzi tub room. 2 spacious bedrooms and 1 full bath are on the lower level & 2 bedrooms with a balcony upper level. Built with mountain views and an open floor plan features include family room with built in entertainment shelves spacious formal living room with an elegant fireplace crown moldings and beautifully custom designed ceiling and hardwood floors. Featuring a step down formal dining room updated kitchen with granite counters and a back separate laundry room. Other features include central air/heat a large cemented driveway and detached garage. A must see for those looking for Award-winning La crescenta schools and a comfortable and quiet home.  Offer due date : all offers will be reviewd 7/20/2021""",USD,3176.0,3176.0,sqft,4.0,5.0,0.0,0,0.0,1,Two,0,0,0,0,SINGLE_FAMILY,Los Angeles County
254,91963-2075401001,9,2914,13378,USA,2021-05-25,0,0,Listing removed,1624320000000.0,750000.0,0.0,Potrero,CA,0,24823 Campo Rd,91963.0,-116.62017059326172,32.60977554321289,0,515 Total Acres. Own your own ranch. Only 40 miles from downtown San Diego. This property is 6 tax parcels. Perfect for a multi-family compound private hunting camp (deer quail duck pheasant & more) campground vineyard or subdivision. 4 seasonal ponds & 2 wells w/ high water table. Great for horses or off-roading amazing views in every direction. Escape the city & breathe! At $1500/acre this is well below the latest comps. Electricity to the property & direct access to Hwy 94 / Campo Rd. Complex Features: Sewer: Perc Test Required Frontage: Canyon,USD,0.0,0.0,Acres,0.0,0.0,0.0,0,0.0,0,0,0,0,0,0,LOT,San Diego County
255,91354-20193877,9,3158,54311,USA,2021-07-12,0,0,Listed for sale,1626048000000.0,639000.0,538.0,Valencia,CA,1995,27893 Skycrest Cir #34,91354.0,-118.55419921875,34.45056533813477,0,Darling 3 bedroom 2½ bath home on a desirable cul-de-sac lot with an extra-large yard for entertaining. Located in the wonderful Northpark area of Valencia. This home features a lovely open floor plan with a French door to the patio a gas log fireplace laminate wood floors custom window treatments and tons of natural light. The upper has three very nice sized bedrooms with gracious windows for even more light and two full baths as well as oversized custom closets for ample storage and an in-wall home security cabinet. The garage features a spacious laundry area a 220-volt outlet for electric vehicle (EV) charging room for two cars as well as plenty of storage. The area is quiet clean and great neighbors. Dove often can be heard cooing in the morning and quail calling in the afternoons. This beautiful home is surrounded by mature trees walking trails and features access to the community pools spas basketball and tennis courts. Close to schools shopping and restaurants. We look forward to your visit to this move-in ready home. It’s been a terrific family home for us.,USD,1187.0,1187.0,Acres,3.0,3.0,0.0,1,2.0,1,Two,0,1,0,0,CONDO,Los Angeles County
256,91354-20194175,9,3159,54311,USA,2021-07-12,0,0,Listed for sale,1626134400000.0,765000.0,416.0,Valencia,CA,1996,27822 Sandstone Ct,91354.0,-118.54756927490234,34.45098114013672,0,"""Immaculate 3 bed 3 bath in the highly desirable neighborhood of Northpark in Valencia! No Mello Roos & low HOA that includes a clubhouse sports courts & multiple pools!\xa0 Tucked away at the end of the cul de sac with a large drive way this home boasts privacy & space! Adorable kitchen to your right as you walk in which opens up to the spacious dining room that wraps around to the living room. Perfect home for entertaining with two sets of sliding doors downstairs leading you to the private well kept backyard. All rooms are upstairs and are in pristine\xa0condition! This home is truly one of a kind and shows real pride of ownership. Dont miss your opportunity to make this gem yours!""",USD,1840.0,1840.0,sqft,3.0,3.0,0.0,1,2.0,1,Two,0,1,0,0,SINGLE_FAMILY,Los Angeles County
257,91354-20196929,9,3160,54311,USA,2021-07-11,0,0,Listed for sale,1625961600000.0,479000.0,555.0,Santa Clarita,CA,1996,26927 Hillsborough Pkwy UNIT 101,91354.0,-118.5457534790039,34.429306030273445,0,"Beautiful Highly Sought After ""Rose Arbor"" Corner Townhome Unit with Extra Garage!!! This one you Don\t wan\t to miss! Light Bright & Turn Key! Located in the Valencia Northbridge Area & Close Proximity to Award Winning Schools Westfield Town Center Shops & Restaurants and Just Across the Street from Bridgeport Park! Paseos & Hiking Paths Surround this Area! This 2+2 Boasts Pride of Ownership Throughout! Newly painted with Crown Molding Stone Tile & Carpet Floors Upgraded Kitchen with Stainless Appliances & Granite Counter tops Guest Bathroom with Granite Counter & Newer Sink. The connected Garage Holds one car and the Laundry Area. There is an Additional Garage that belongs to this Unit on the side near the Pool. All Bedrooms & Bathrooms are Upstairs. A/C was Updated 2 years ago & Dishwasher is brand New!",USD,863.0,863.0,Acres,2.0,2.0,0.0,1,2.0,1,Two,0,1,0,0,TOWNHOUSE,Los Angeles County
258,91354-72096882,9,3161,54311,USA,2021-07-10,0,0,Listed for sale,1625875200000.0,929000.0,320.0,Santa Clarita,CA,2011,24229 La Montura Dr,91354.0,-118.56255340576172,34.457595825195305,0,Stunning former Model in West Creek Valencia! Corner Lot with Light & Bright Floor Plan and Loaded with Upgrades! Welcoming you with Gorgeous Wood Floors Designer Lighting Fixtures & Custom Window Treatments Wired for Sound Upstairs & Down Kitchen Open to Family Room with Large Island Stainless GE Profile Appliances Granite Counter Tops with Travertine back splash Pantry Butlers Pantry Laundry Room with Plenty of Storage & Sink 5 Bedrooms 3 Bathrooms and Great Yard! Upstairs includes Grandiose Loft Master Bedroom & Bathroom with His and Her Closets & Dual Vanities Granite Counter tops & Custom Tile Throughout 3 Guest Bedrooms Guest Bathroom w/Double Sinks & Granite Vanity Custom Tile Floor & Laundry Room. Downstairs includes Living Room Dining Room Family Room Kitchen Pantry Bedroom & Full Bathroom. 3 car Tandem Garage with Amazing Storage capabilities. Award Winning School District! Walking distance to Rio North Junior High School and 5 Minutes from the Valencia Westfield Town Center & Shops & Restaurants! With Access to three Community Pools & Recreational facilities Parks and Walking Paths this is Valencia Living at its Finest!!! SOLAR IS PAID OFF!!! Enjoy The Video & Matterport Step by Step!,USD,2905.0,2905.0,sqft,3.0,5.0,0.0,1,3.0,1,Two,0,1,0,0,SINGLE_FAMILY,Los Angeles County
259,91354-2122650743,9,3162,54311,USA,2021-07-10,0,0,Listed for sale,1625875200000.0,650000.0,362.0,Valencia,CA,2005,29266 Pilgrim Ct,91354.0,-118.55315399169922,34.47292709350586,0,This gorgeous home is located in Cantebury floorplan in the exclusive and highly sought-after Tesoro de Valle community. Over 1800 square that is fully detached house with attached 2 car garage. Downstairs you will enjoy the spacious living room with high ceilings fireplace media niche and a dining area which opens up to a spacious and bright kitchen with granite counters white cabinets and upgraded stainless steel appliances. Newly installed real Hardwood flooring throughout. Custom ledgerstone adorns fireplace. The master suite has a huge walk-in closet with a soaking tub and separate shower. 2 additonal bedrooms and full bathroom. The backyard is nicely landscaped and private. Just a short walk away from the recreation area pools tennis courts park shopping dining and Blue Ribbon Award winning schools. Home is conveniently located close to everything!! A MUST SEE!,USD,1798.0,1798.0,Acres,3.0,3.0,0.0,1,2.0,1,Two,0,1,0,0,SINGLE_FAMILY,Los Angeles County
260,91354-20193984,9,3163,54311,USA,2021-07-10,0,0,Listed for sale,1625875200000.0,799999.0,423.0,Santa Clarita,CA,1998,27906 Balsam Ct,91354.0,-118.5475616455078,34.45322799682617,0,"""Turn-Key 4 bedrooms 3 bathrooms NorthPark Cul-De-Sac home. Conveniently located within walking distance of NorthPark Elementary and Chesebrough Park. The community offers a clubhouse tennis ball courts basketball courts and 3 pools and spas to chose from! Fall in love with all the natural light illuminating the high vaulted ceilings spacious living room and updated fireplace. The kitchen was completely remodeled and ready for you to enjoy. Whether youd like to have a cup of coffee in the morning on your balcony or enjoy a relaxing drink in your private spa this is definitely the home youve been searching for!""",USD,1892.0,1892.0,sqft,3.0,4.0,0.0,1,2.0,1,Two,0,0,0,0,SINGLE_FAMILY,Los Angeles County
261,91354-2086366296,9,3164,54311,USA,2021-07-10,0,0,Listed for sale,1625875200000.0,599999.0,387.0,Valencia,CA,2018,28706 Jardineras,91354.0,-118.56414031982422,34.45920944213867,0,"""Fall in love with this immaculate as seen on TV turnkey 3 bedroom 3 bath home at Paloma in West Creek. Spacious open floor plan with a modern kitchen including white shaker style cabinets brushed nickel hardware granite counter tops stainless steal appliances and center island. The entire first floor boasts beautiful premium luxury vinyl plank flooring that is waterproof and very durable. Upstairs youll find upgraded carpeting with warranty as well as tile flooring in the bathrooms and laundry room. The Master Bedroom has a large walk in closet and barn door leading to the gorgeous master bathroom. This home is equipped with Ring doorbell Smart Home technology a whole house fan and plantation shutters throughout! Plus all appliances are less than three years old and the washer/dryer are included in the sale. A two car attached garage and hardscaped/landscaped patio round out this beautiful home.  A great location in a very desirable area with close proximity to West Creek Academy School. Enjoy access to 3 resort style pools parks bike path sport court and clubhouse. Close proximity to shopping and restaurants. What a wonderful place to call home!""",USD,1550.0,1550.0,sqft,3.0,3.0,0.0,1,2.0,1,Two,0,1,0,0,TOWNHOUSE,Los Angeles County
262,91354-81959062,9,3165,54311,USA,2021-07-10,0,0,Listed for sale,1625875200000.0,650900.0,434.0,Santa Clarita,CA,2014,28837 Camino De Cielo Dr,91354.0,-118.55657196044922,34.46160125732422,0,A lovely Valencia townhouse residing upon a most charming street! Well-manicured greenery and neat pathways lead up to the open front patio of this 3 bedroom 2.5 bathroom 1500-sqft home before a vibrant floorplan inside bids welcome. Highlighted by recessed lights the pale blonde tile flooring along the first level adjoins the airy dining room and living room with a perfectly sized kitchen featuring glossy stone countertops complimented by a tile backsplash pristine built-in cabinetry and a long kitchen island with breakfast bar while being fully equipped with stainless-steel appliances. The open feel of the first floor creates a cohesive flow when entertaining and is meant for all evening soirees to be enjoyed. As an added convenience this home includes a guest powder room plus direct access to the attached 2-car garage complete with plenty of extra space for storage. By ascending the staircase to the second level find dark laminate flooring spread throughout as it leads into the individual laundry room main bathroom offering a double sink vanity and sizable bedrooms housing built-in closets plus center ceiling fans. The spacious primary bedroom includes the exclusive benefit of a large walk-in closet with adjustable storage and an attached bathroom fitted with a dual sink vanity glass shower stall and a soothing bathtub. A delightful home meant to be cherished for years to come!,USD,1500.0,1500.0,Acres,3.0,3.0,0.0,1,2.0,0,0,0,0,0,0,CONDO,Los Angeles County
263,91354-79798742,9,3166,54311,USA,2021-07-09,0,0,Listed for sale,1625788800000.0,774900.0,363.0,Valencia,CA,2015,28491 Camino Del Arte Dr,91354.0,-118.56119537353516,34.45565414428711,0,Beautiful home located in the fantastic convenient Santa Clarita community of Valencia West Creek. This recently built home is located a short walk from the West Creek/West Hills community center in close close proximity to shopping schools and other amenities. Enjoy the community parkette adjacent to one side of the property instead of a neighbor.  This Lennar built home boasts 4 bedrooms and 3 full baths in an intelligent open floorplan  with a downstairs bedroom and full bath. The kitchen features stainless upgraded appliances with ample prep space for preparing wonderful meals. Eating areas are provided either at the large kitchen island counter in a spacious dining room or within an enclosed patio with concrete pavers for al fresco dining. This home also provides ample storage space and an attached rear facing 2 car garage accessed from an alleyway.,USD,2134.0,2134.0,sqft,3.0,4.0,0.0,1,2.0,1,Two,0,1,0,0,SINGLE_FAMILY,Los Angeles County
264,91354-114404165,9,3167,54311,USA,2021-07-09,0,0,Listed for sale,1625788800000.0,1025000.0,348.0,Valencia,CA,2014,28621 Stonegate Ct,91354.0,-118.57293701171876,34.45686721801758,0,"Looking for an Stunning Executive Home in the Prestigious West Hills Community of Valencia behind the gates where your children can attend the Award Winning West Creek Academy Rio Norte Jr. High and Valencia High School? We have the home for you! Step from the private courtyard through the front door and revel in the light and bright elegant two story Dining Room with beautiful 5"" crown moulding throughout where you can entertain your family and friends for hours. Your Chef\s Kitchen features stainless steel appliances double ovens large island with Alaskan White granite and handsome storage that opens to your Family Room featuring surround sound a warm fireplace and custom Slide-N-Pivot doors opening to your covered patio for continuous indoor/outdoor living for our wonderful California days and nights. Enjoy the peaceful outdoors with luscious landscaping. On the first floor find a light and bright bedroom with a private ensuite and private entrance for in-laws or guests. Downstairs also offers a lovely separate Powder Room. Upstairs your Primary Suite offers a wonderfully large balcony with mountain views where you can enjoy morning coffee. Back inside the Primary Suite features two separate closets and luxurious Primary Bathroom with a large seamless shower with attractive pebble bottom and relaxing soaking tub. You will find separate double sinks as well as a large vanity. Leaving the Primary Suite we find two Bedrooms sharing an ensuite with double sinks. This home features a truly rare surprise and provides many options with a hidden 5th Bedroom with a private ensuite. Laundry Room located upstairs includes sink and handsome cabinets. This home has unsurpassed high end upgrades and no expense has been spared. All Bathrooms have been customized with upgraded touch-less toilets. Don\t miss the finished three car garage with custom epoxy flooring tankless water heater and storage units. The desirable cul-de-sac location is another highlight of this lovely home. Did we mention the amenities? Three sparkling pools with jacuzzis fire pits BBQs Tot Lot desirable West Creek Park with basketball court covered lunch area playground Clubhouse bike trails and nearby paseos so children can walk to school not to mention close to shopping. This stellar community has it all and just minutes away from the freeway yet perched upon the secluded hillside community in a world all its own. Don\t miss this rare opportunity...make this Executive home yours!",USD,2942.0,2942.0,sqft,5.0,5.0,0.0,1,3.0,1,Two,0,1,0,0,SINGLE_FAMILY,Los Angeles County
265,91354-2069650951,9,3168,54311,USA,2021-07-09,0,0,Listed for sale,1625788800000.0,575000.0,399.0,Valencia,CA,2019,28678 Jardineras Ct,91354.0,-118.56365203857422,34.45890426635742,0,Stunning townhome located in the desirable area of West Creek! Enter into this home and notice the open concept. The family room flows to the dining area and kitchen. Kitchen contains top of the line appliances that are green friendly and a large kitchen island big enough for bar stool chairs. There is a lot of extra storage down stairs including a spacious walk in closet. Upstairs has three bedrooms and a laundry room. Primary bedroom has primary bathroom with large walk in closet soaker tub and walk in shower. This is a smart home equipped with smart switches smart HVAC control ring doorbell and controlled Alexa. Also there is a whole house fan which cools down the unit during those hot summer nights. This eco-friendly home helps save on monthly utility expenses. A two car garage is attached with a tank less water heater. West creek has a community pool park and award winning schools. Further there is access to Alta Vista and West Hills community pools. This is a must see!,USD,1440.0,1440.0,sqft,3.0,3.0,0.0,1,2.0,1,Two,0,1,0,0,TOWNHOUSE,Los Angeles County
266,91354-20195380,9,3169,54311,USA,2021-07-09,0,0,Listed for sale,1625788800000.0,699800.0,458.0,Santa Clarita,CA,1976,23011 Cuervo Dr,91354.0,-118.53792572021484,34.435733795166016,0,Welcome to this light & bright home in the featuring 3 bedrooms 2 bathrooms and 1529 square feet of living space. As soon as you walk in through the door you will notice the high ceilings and beautiful wood-like flooring. The living room welcomes you with its cozy fireplace with stone accent. The kitchen is equipped with granite countertops and plenty of cabinetry stainless steel appliances and separate dining area. Down the hall there are 2 spacious secondary bedrooms and a hallway bathroom that features a shower/tub combo. The master bedroom features high ceilings and direct access to the backyard. The Master bathroom features a walk-in shower and tile flooring. Step outside to your private backyard with covered sitting area with fruitful grapevines a garden area with fruits and vegetables an outdoor kitchen with built-in BBQ and a KOI pond with a waterfall feature. This family friendly community is perfect for those that want to be close to it all! Conveniently located near shopping parks restaurants top-rated schools city transportation and the freeway! Welcome Home!,USD,1529.0,1529.0,sqft,2.0,3.0,0.0,1,2.0,1,One,0,0,0,0,SINGLE_FAMILY,Los Angeles County
267,91354-20195026,9,3170,54311,USA,2021-07-09,0,0,Listed for sale,1625788800000.0,799000.0,404.0,Santa Clarita,CA,1969,26837 Las Mananitas Dr,91354.0,-118.5357894897461,34.43445587158203,0,Centrally located charming Monte Verde 4 bedroom plus 2.5 bath home. Private grassy backyard with covered patio. Updated over the years with remodeled kitchen bathrooms copper piping smooth ceilings plantation shutters and recently installed Anderson windows. Enter to a light and bright living room with vaulted ceilings which leads to the formal dining room and through to the kitchen. The kitchen features a breakfast bar walk-in pantry and opens to the family room. Glass sliders lead from the dining room and family room to a shady covered patio perfect for outdoor living. Upstairs boasts a large master bedroom with en suite bathroom walk-in closet and balcony as well as three additional bedrooms and a full hall bathroom. Nice sized grassy backyard with room for a pool and a large two-car garage. No Mello roos or HOA!,USD,1976.0,1976.0,sqft,3.0,4.0,0.0,1,2.0,1,Two,0,0,0,0,SINGLE_FAMILY,Los Angeles County
268,91354-113196543,9,3171,54311,USA,2021-07-08,0,0,Listed for sale,1625702400000.0,1075000.0,298.0,Santa Clarita,CA,2011,28824 Iron Village Dr,91354.0,-118.5708236694336,34.46131134033203,0,"""Welcome home to one of West Hills finest gems! Gorgeous traditional style 2-story home in a private gated community! This open floor plan also allows for easy entertaining both indoors and out with an elegant true California landscaped backyard with privacy views and a rectangular 6 x 3 fire pit. This 5 bedroom 4 bathroom home has plenty of space enclaves and rooms to entertain or enjoy alone time. The kitchen is just one of the centerpieces of this home with a quartz island & counters glass tiled backsplash and stainless steel appliances and showcases a large island with sink and breakfast bar. Contemporary light fixtures accent the breakfast bar. Recessed lighting and wood floors throughout. On the first floor you will find an ensuite bedroom as well as a deluxe pantry and well appointed office space ideal for a work from home situation. The open family room features a fireplace. The large master suite features plenty of room to relax and enjoy your sanctuary. Walk-in closet with tons of hanging bars shelves and drawers! The master bath showcases double sinks separate shower and tub and separate water closet. Plenty of highlights and space for you to grow in this fabulous view home! An additional spacious living area is also on the second floor in addition to 3 more large bedrooms complete with full bath. A laundry room and large linen closet complete the second floor. This property has it all and so much more. Close to bike trails shopping major freeways--- Live here. Work from here. Solar System is fully paid for. Enjoy life right here right now and forever!""",USD,3612.0,3612.0,sqft,4.0,5.0,0.0,1,2.0,1,Two,0,1,0,0,SINGLE_FAMILY,Los Angeles County
269,91354-20194996,9,3172,54311,USA,2021-07-08,0,0,Listed for sale,1625702400000.0,635000.0,481.0,Santa Clarita,CA,1975,26859 Lugar De Oro Dr,91354.0,-118.53443145751952,34.434677124023445,0,"""Clean 3+2 home with spacious living room pool-sized backyard and mancave-worthy garage - all in the desirable Valencia Monte Verde tract. The homes dual-pane vinyl windows newer A/C unit fresh neutral paint new carpet and tile new doors and new stove and dishwasher are the backdrop for you to add your custom touches and make this a home to truly enjoy. Conveniently located near transportation restaurants shopping and schools. You wont want to miss this one!""",USD,1319.0,1319.0,sqft,2.0,3.0,0.0,1,2.0,1,One,0,0,0,0,SINGLE_FAMILY,Los Angeles County
270,91354-65245516,9,3173,54311,USA,2021-07-08,0,0,Listed for sale,1625702400000.0,749000.0,442.0,Valencia,CA,2004,23821 Cherry Ct,91354.0,-118.55197143554688,34.45747756958008,0,Single story home on corner lot in the gorgeous 55 + Belcaro gated community in lovely Valencia. This guard gated complex has lush landscaping which transforms into a country club feeling. The detached 2 + den/office home is on a premium lot situated across from the club house and pool. Many upgrades adorn this home including plantation shutters laminate wood flooring and Caesar stone counters. Beautiful enclosed patio surround this home for dining alfresco and enjoying the outdoors. Home exterior was recently painted. New Water Heater. Community offers club house with fireplace indoor/outdoor seating area. Full gym/fitness center library basketball courts pool spa activities and much more.,USD,1693.0,1693.0,sqft,2.0,2.0,0.0,1,2.0,1,One,0,0,0,0,SINGLE_FAMILY,Los Angeles County
271,91354-20193145,9,3174,54311,USA,2021-07-08,0,0,Listed for sale,1625702400000.0,849000.0,430.0,Santa Clarita,CA,1993,27554 Courtview Dr,91354.0,-118.54800415039062,34.44467163085937,0,Spectacular Northbridge area single family home! This well appointed 4 bed/ 3 bath 3-car garage located in a cul-de-sac and in close proximity to the paseos is a must see! Downstairs you’ll find a fireplace in the family room with wood pellet stove inserted and custom built-in shelves partial plantation shutters and separate indoor laundry room. The kitchen offers stainless steel appliances upgraded countertops beautiful custom backsplash LED under counter lighting brand-new microwave refaced cabinets built-in desk and breakfast nook and new paint. Upgrades include new HVAC Water Heater & A/C partial new windows newly painted interior all new baseboards and laminate flooring downstairs recessed LED lighting throughout the house concrete roof and leased Solar Panels. Upstairs you’ll find brand new high quality neutral carpeting a whole house fan all bedrooms have ceiling fans and all bedroom closets have built-ins with walk-in closets in the master. As you walk to the back yard you’ll see a beautiful garden an adorable custom-made (5x7) playhouse/studio/remote office and a concrete pad for a jacuzzi with gas/electric installed! Amazing Community with Low HOA and no Mello Roos sparkling community pool and jacuzzi playground tennis courts and clubhouse amenities.,USD,1975.0,1975.0,sqft,3.0,4.0,0.0,1,3.0,1,Two,0,0,0,0,SINGLE_FAMILY,Los Angeles County
272,91354-99402472,9,3175,54311,USA,2021-07-02,0,0,Listed for sale,1625184000000.0,675000.0,323.0,Valencia,CA,2011,28618 Pietro Dr,91354.0,-118.55733489990234,34.458919525146484,0,"This gorgeous two story ""Artisan Village"" end unit townhome sits on one of the most prized locations overlooking San Fancisquito creek and the famed Valencia ""Paseos”. Walk to beautiful park and community recreation center with pool. Award winning schools nearby include Rio Norte Jr. High Valencia High and the one of a kind ""West Creek Academy"" elementary school. Featuring 3 bedrooms 2 1/2 baths + large loft all in 2090 square feet. Entering you are greeted by 9\ ceilings loads of windows & french doors onto your outdoor patio bringing in lots of light beautiful distress look wood floors are carried throughout the downstairs including the massive gourmet kitchen & powder room plantation blinds & ceiling fans in all rooms add a designer touch. Kitchen upgrades include dark stained maple cabinets extensive granite countertops appliances include refrigerator & tons of cabinets direct access to the 2 car garage. Thick upgraded carpet leads upstairs to the large open loft 2 oversized secondary bedrooms with mirrored wardrobe doors large 2nd bath with dual vanities laundry area with washer & dryer included and the luxurious Master Suite which has a covered balcony overlooking the creek huge walk-in closet oversized tub and separate shower stone look tile floor and dual vanities with cultured marble counters. Only minutes to: the 5 freeway Valencia\s Town Center numerous restaurants and all the other amenities Valencia has to offer.",USD,2090.0,2090.0,Acres,3.0,3.0,0.0,1,2.0,1,Two,0,1,0,0,TOWNHOUSE,Los Angeles County
273,91354-65245061,9,3176,54311,USA,2021-06-30,0,0,Listed for sale,1625011200000.0,799888.0,344.0,Valencia,CA,2004,23749 Aspen Meadow Ct,91354.0,-118.55192565917969,34.455856323242195,0,"""Welcome home to Aspen Meadow. A gorgeous 55+ Belcaro home in Valencia. Enter through your wrought iron gate to front flagstone courtyard. The desirable Casita is on your left with a full bed & full bath designer flooring and an abundance of light! Enter to your main home through a mahogany front door with a gorgeous leaded glass insert. Note the beautifully designed office/den to your left with perfect custom built-ins & full sliding glass door to front courtyard. To your right a stunner of a wrought iron stair case leads you up to a huge loft and a full bed and full bath with tons of natural light as well. Back downstairs youll find a large dining/living area completely open to your kitchen which boasts Wolf appliances over-sized one bowl sink designer detailed back-splash and custom roll out drawers in several cabinets as well. The dishwasher is a double drawer style & the interior of fridge lights up just by tapping on the glass! The living room has a built-in media niche fireplace sliding glass doors to rear yard and the entire living/dining/kitchen areas all have plantation shutters & crown molding throughout as well! Head towards the primary downstairs bedroom and find more plantation shutters for the windows and door that lead out to rear living space. The en-suite bath boasts a huge soaking tub separate shower double vanities all with custom tile inlay. In the closet find a complete organizer system with drawers cabinetry shelves and racks! The downstairs is completed with an indoor laundry room & a guest powder. Outside youll find beautiful roses palms and lovely planter areas with even more greenery. A large enough yard for your al-fresco dining but not too big to take care of. There is LED lighting in this home crown molding galore a surround sound speaker system designer fans cabinetry built-ins for the garage the HVAC is only about 2 years old and the exterior of house was painted just 3 years ago! Looking for quality living in Belcaro? This is it!""",USD,2323.0,2323.0,sqft,3.0,2.0,0.0,1,2.0,1,Two,0,1,0,0,SINGLE_FAMILY,Los Angeles County
274,91354-65251524,9,3177,54311,USA,2021-06-28,0,0,Listed for sale,1625788800000.0,550000.0,414.0,Valencia,CA,2005,24056 Meadowbrook Ln,91354.0,-118.55775451660156,34.43488311767578,0,Location Location Location. Townhome close to Parks restaurants shopping. Great schools bicycle route public transportation... complex amenities such as 2 private pools BBQ area nearby Tennis Court and more! This unit offers 3 bedrooms 2.5 baths open floor plan and 2 car garage.,USD,1330.0,1330.0,Acres,3.0,3.0,0.0,1,2.0,1,Two,0,1,0,0,CONDO,Los Angeles County
275,91354-65245619,9,3178,54311,USA,2021-06-26,0,0,Listed for sale,1625097600000.0,699000.0,387.0,Valencia,CA,2004,27390 Coldwater Dr,91354.0,-118.55787658691406,34.437435150146484,0,"""This beautiful 3 bedroom 3 bathroom single-family home located in the desirable community of Creekside with NO Mello-Roos! The main level offers an amazing open-floor-plan living room and dining area with a lot of natural light. Gorgeous newly-remodeled kitchen with European-style cabinets and quartz countertops. It comes equipped with a GE SmartHQ built-In self-cleaning oven. The massive master bedroom has French doors and an en-suite bathroom with a step-in shower whirlpool tub two vanities and a large walk-in closet with custom built-ins. This energy-efficient home features an Ecobee thermostat upgraded LED lights double-pane windows & sliding glass door with plantation shutters. Direct access two-car garage with washer and dryer hook ups. Walking distance to pool parks playground bike paths and hiking trails. Moments to restaurants and award-winning schools. Nearby freeway access College of the Canyons and Valencias finest amenities. Included with professional photos are virtually staged photos. Don’t miss out on this amazing turn-key ready home.""",USD,1804.0,1804.0,sqft,3.0,3.0,0.0,1,2.0,1,Two,0,0,0,0,SINGLE_FAMILY,Los Angeles County
276,91354-20194776,9,3179,54311,USA,2021-06-26,0,0,Price change,1625788800000.0,935000.0,398.0,Valencia,CA,1999,28457 Calex Dr,91354.0,-118.54805755615234,34.46594619750977,0,Beautiful North Park Executive VIEW home nestled on a treelined street with picture perfect paseos nearby! This Move in Ready home is exquisitely upgraded throughout and offers an ideal floor plan that flows from the living and dining room right to the gorgeously updated kitchen and family room! With downstairs office (possible 5th bedroom) indoor laundry room and cathedral vaulted ceilings! Incredibly spacious kitchen with beautiful quartz counters stunning tile backsplash timeless white cabinetry stainless steel appliances and a farmhouse sink that gazes over the picturesque and incredibly private backyard with views of epic sunsets and Tesoro de Valle city lights plus plenty of grass for kids and pets to play! The elegant staircase leads you to a spacious loft 3 private bedrooms hall bathroom with double sink vanity and Fabulous Master Suite with Private Bathroom Vanity Area featuring expanded dual shower spacious Walk In Closet and incredible Views overlooking the Stunning Backyard! Highly sought after Valencia North Park HOA Amenities walking distance to North Park Elementary and low HOA and NO MELLO ROOS and OWNER Solar!,USD,2350.0,2350.0,sqft,3.0,5.0,0.0,1,2.0,1,Two,0,1,0,0,SINGLE_FAMILY,Los Angeles County
277,91354-20195911,9,3180,54311,USA,2021-06-25,0,0,Listed for sale,1624579200000.0,760000.0,484.0,Santa Clarita,CA,1989,27218 Sanford Way,91354.0,-118.54854583740234,34.43644332885742,0,"""Enchant your senses in this sweeping single story Valencia property nestled in the peaceful and sought after Country Gate tract of Northbridge! Enter to find a cheerful light-filled home with high ceilings and large sunny windows. The casual dining area creates an effortless transition from the main living space with cozy fireplace to the generous family room with glass slider and backyard views. The functional kitchen boasts granite countertops breakfast bar dining and ample cabinet space. An airy oversized master bedroom offers large walk-in closet and slider access to the backyard while the ensuite bath invites you with a peaceful space to soak your cares away. Two additional secondary bedrooms are quite spacious and comfortable making family and guests feel right at home. The guest bath boasts both form and function with granite countertops and large tub/shower combo for the adjacent bedrooms. Notable home features include all new exterior and interior paint stamped concrete in backyard wood flooring updated fixtures interior laundry area window blinds cul de sac location and easy access to Valencias popular Paseos parks nearby hiking trails and Bridgeport Marketplace . Enjoy HOA amenities such as pools recreation center sports courts and parks as well as attendance boundaries in award-winning local schools. All this with low HOA dues and no Mello Roos! Welcome home to 27218 Sanford Way!""",USD,1570.0,1570.0,sqft,2.0,3.0,0.0,1,2.0,1,One,0,1,0,0,SINGLE_FAMILY,Los Angeles County
278,91354-20194674,9,3181,54311,USA,2021-06-25,0,0,Price change,1625875200000.0,1100000.0,353.0,Santa Clarita,CA,1997,28128 Angelica Pl,91354.0,-118.5432357788086,34.459503173828125,0,Valencia’s popular Willows tract rarely has homes for sale and this is the largest model with a pool-sized private lot! Desirable location on the cul-de-sac and this gorgeous home has been updated and remodeled throughout! So many nice touches - plank style ceramic tile flooring remodeled kitchen in custom granite with limed oak cabinets and high end appliances. Shutters and tasteful window treatments and the master bath is a showplace. Completely gutted with large walk-in shower huge sunken tub and nice neutral stone finishes. Truly impressive! The walk-in master closet is also oversized with laminate floors and organizers throughout. Nice! Equally so is the hall bath redone in quartz finishes and showing the pride of ownership you see at every turn in this special home. Best of all the floor plan offers great flexibility with full bed and bath down 4 up including an oversized secondary bedroom with private bath and balcony. Plus a huge upstairs family room that some convert to a sixth bedroom but here is used as a nice open space perfect as an office or home gym. The yard offers multiple patio areas large trees and no homes behind - total privacy. The 2-car garage has extra storage/cabinets and this great neighborhood features a clubhouse with pool tennis award winning schools parks paseos and everything people look for in Valencia all with No Mello Roos and a very low HOA. Better hurry on this one!,USD,3117.0,3117.0,sqft,4.0,5.0,0.0,1,2.0,1,Two,0,1,0,0,SINGLE_FAMILY,Los Angeles County
279,91354-114404029,9,3182,54311,USA,2021-06-25,0,0,Listed for sale,1624579200000.0,1550000.0,392.0,Santa Clarita,CA,2013,28429 Farrier Dr,91354.0,-118.57070922851562,34.453990936279304,0,"""Exquisite Turn-Key former Monument Model home with tons of upgrades and largest floor plan! Located in the exclusive gated community of West Hills this gorgeous Mediterranean-style home has it all! Complete with 5 bedrooms (plus office/additional downstairs suite)+ 5 bathrooms this home is built to impress. Step into the luxurious main entryway feeling a great sense of warmth and space - opening up into a great open plan living area with high ceilings and a beautiful iron spiral staircase. Entertain in the family room complete with huge windows a large seating area and a centrally focused fireplace that opens to the elegantly styled kitchen with raised panel doors a huge custom island with barstool space sophisticated appliances with three ovens and sleek granite countertops with designer glass subway tile backsplash. The downstairs office can be accessed from sliding glass doors to the front of the home or can be utilized as a bedroom with its own en-suite bathroom. Relax and enjoy glistening city light views of Valencia with your favorite drink from the master bedroom balcony and expansive views from the other balconies and the back yard perfect for outdoor entertaining with no neighbors to the front or rear of the home. The single garage has been fully finished and could be utilized as a gym/office/or whatever your creative needs are. The side yard bears 5 fruit trees with a pathway to the wide-open backyard for kids and pets to enjoy and play. Walk across the street to the Lodge community pool without the hassle of pool maintenance. West Hills Valencia offers residents paseos a community pool/spa clubhouse expansive parks near Gold Ribbon award-winning schools easy freeway access shopping and dining. Dont Delay call today!""",USD,3959.0,3959.0,sqft,5.0,5.0,0.0,1,3.0,1,Two,0,0,0,0,SINGLE_FAMILY,Los Angeles County
280,95815-26079140,9,3659,20288,USA,2021-07-10,0,0,Listed for sale,1625875200000.0,295000.0,266.0,Sacramento,CA,1946,1054 Acacia Ave,95815.0,-121.443115234375,38.62170028686523,0,Great location in older established neighborhood. Nice 3 bedroom 1 bath home. Come in and make this home your very own. Original hardwood flooring underneath the carpet. A nice sized back yard with gorgeous trees gardening sheds and an above ground pool that can stay or go. There is even an already producing orange tree! The front yard has two large trees that provide lots of shade.,USD,1110.0,1110.0,sqft,1.0,3.0,0.0,1,0.0,0,0,0,0,0,0,SINGLE_FAMILY,Sacramento County
281,95815-26058999,9,3660,20288,USA,2021-07-10,0,0,Listed for sale,1625875200000.0,324950.0,247.0,Sacramento,CA,1953,1411 Arcade Blvd,95815.0,-121.43498229980469,38.62622833251953,0,"""Looking for a home with character and charm? This 1950s Bungalow has it! Plus a 2nd bathroom:-)Home has been freshly painted the red oak hardwood floors are gorgeous and will be stunning when refinished! Kitchen and bathrooms have original tile and are in great condition. Trey ceilings in formal dining room and the living room are a unique feature. Spend cozy winter nights in front of the wood burning brick fireplace. Detached garage has a great workshop. And something you cant see? A brand new sewer line was just installed. Great location close to downtown Arden Mall shopping and public transportation""",USD,1314.0,1314.0,sqft,2.0,2.0,0.0,1,0.0,0,0,0,0,0,0,SINGLE_FAMILY,Sacramento County
282,95815-26090654,9,3661,20288,USA,2021-07-09,0,0,Listed for sale,1625788800000.0,419000.0,302.0,Sacramento,CA,1955,2112 Surrey Rd,95815.0,-121.42093658447266,38.60386276245117,0,"""Great curb appeal in a quiet neighborhood! Low profile fireplace keeps you cozy in the Winter. Newer appliances in kitchen w/tons of storage & counter space. Great pantry cabinets w/built-in coffee bar keep your main cooking areas clear. Two first-floor bedrooms share downstairs full bath & upstairs bedrooms share updated bath with walk-in shower. One of the best features of this home is its large multi-use room. Architectural features separate the two halves making this ideal for formal dining plus a family room entertainment area or game room! Gorgeous wood walls and ceiling add character & charm. In these hot Summer months youll be glad to have a built-in pool of your very own! A large patio has room for lounging & outdoor dining. Theres plenty of room for some garden boxes if farm-to-fork is your thing. Close to shopping restaurants & more plus minutes to Downtown!""",USD,1387.0,1387.0,sqft,2.0,4.0,0.0,1,0.0,0,0,1,0,0,0,SINGLE_FAMILY,Sacramento County
283,95815-148553694,9,3662,20288,USA,2021-07-09,0,0,Listed for sale,1625788800000.0,1319000.0,291.0,Sacramento,CA,1959,2605 Albatross Way,95815.0,-121.42357635498048,38.61316680908203,0,This 4536 square foot multi family home has 7 bedrooms and 0.0 bathrooms. This home is located at 2605 Albatross Way Sacramento CA 95815.,USD,4536.0,4536.0,Acres,0.0,7.0,0.0,1,0.0,0,0,0,0,0,0,MULTI_FAMILY,Sacramento County
284,95815-26080975,9,3663,20288,USA,2021-07-09,0,0,Listed for sale,1625788800000.0,1319000.0,1065.0,Sacramento,CA,1948,2601 Albatross Way,95815.0,-121.4234390258789,38.61305618286133,0,This 1238 square foot multi family home has 2 bedrooms and 0.0 bathrooms. This home is located at 2601 Albatross Way Sacramento CA 95815.,USD,1238.0,1238.0,sqft,0.0,2.0,0.0,1,0.0,0,0,0,0,0,0,MULTI_FAMILY,Sacramento County
285,95815-26080777,9,3664,20288,USA,2021-07-09,0,1,None,,0.0,0.0,Sacramento,CA,1955,2732 Plover St,95815.0,-121.42475128173828,38.61575317382813,0,This 1620 square foot multi family home has 4 bedrooms and 0.0 bathrooms. This home is located at 2732 Plover St Sacramento CA 95815.,USD,1620.0,1620.0,Acres,0.0,4.0,0.0,1,0.0,0,0,0,0,0,0,MULTI_FAMILY,Sacramento County
286,95815-26080745,9,3665,20288,USA,2021-07-09,0,1,Sold,1208217600000.0,100000.0,121.0,Sacramento,CA,1954,2713 Plover St,95815.0,-121.42574310302734,38.61515426635742,0,"""Amazing opportunity to own for first-time buyers or investors! Single-family residence with 3 bedrooms and 1 bath. This property is occupied with long-term tenants and has an extremely high occupancy rate. Dont miss your chance to buy this three-bedroom home at a great price!""",USD,825.0,825.0,sqft,1.0,3.0,0.0,1,0.0,0,0,0,0,0,0,SINGLE_FAMILY,Sacramento County
287,95815-26080617,9,3666,20288,USA,2021-07-09,0,1,Sold,848016000000.0,35000.0,42.0,Sacramento,CA,1945,1815 Helena Ave,95815.0,-121.42466735839844,38.61681747436523,0,"""Amazing opportunity to own for a first-time buyer or investor! Single-family residence with 2 bedrooms and 1 bath. This property is occupied with long-term tenants and has an extremely high occupancy rate. Dont miss your chance to buy this two-bedroom home at a great price!""",USD,840.0,840.0,sqft,1.0,2.0,0.0,1,0.0,0,0,0,0,0,0,SINGLE_FAMILY,Sacramento County
288,95815-26080741,9,3667,20288,USA,2021-07-09,0,1,Sold,1196035200000.0,110000.0,176.0,Sacramento,CA,1930,2737 Plover St,95815.0,-121.42579650878906,38.61582946777344,0,"""Amazing opportunity to own for first-time buyers or investors! Single-family residence with 1 bedroom and 1 bath. This property is occupied with long-term tenants and has an extremely high occupancy rate. Dont miss your chance to buy this 1 bedroom home at a great price!""",USD,625.0,625.0,sqft,1.0,1.0,0.0,1,0.0,0,0,0,0,0,0,SINGLE_FAMILY,Sacramento County
289,95815-26089641,9,3668,20288,USA,2021-07-08,0,0,Listed for sale,1625702400000.0,449000.0,404.0,Sacramento,CA,1947,2196 Forrest St,95815.0,-121.4540023803711,38.60602188110352,0,"""Check out this fantastic Woodlake home! Inside youll find beautiful wide plank hardwood floors laundry room off the kitchen remote bedroom with built in storage and its own backyard access separate shower and tub in bathroom tile counters and gas range in kitchen sunlit living room and adjoining formal dining room. Outside you have brand new exterior paint serene landscaping and gardens with drip irrigation and water feature to enjoy. Plenty of parking and possibility for your RV. The detached garage and backyard have additional covered storage areas. Right across the street is Woodlake Park with playgrounds open grassy fields for Fido tennis and a baseball diamond. Convenient location! Close to public transit half mile for a bite at Chandos Tacos 10 minute drive to Downtowns Golden 1 Center and less than half mile to Woodlake Elementary. Dont forget nearby Woodlake Swim Club pool to beat the heat!""",USD,1112.0,1112.0,sqft,1.0,3.0,0.0,1,0.0,0,0,0,0,0,0,SINGLE_FAMILY,Sacramento County
290,95815-26080610,9,3669,20288,USA,2021-07-08,0,0,Listed for sale,1625702400000.0,299000.0,343.0,Sacramento,CA,1947,2813 Albatross Way,95815.0,-121.42344665527344,38.61695098876953,0,"""The PERFECT North Sacramento Cottage that has been wonderfully maintained and updated! This little piece of heaven has all that you could ever imagine ~ NEW roof NEW HVAC/Furnace unit real hardwood flooring beautiful moldings and 5.25-inch baseboards that fill the home with that classic Cottage-like character upgraded LARGE and SPACIOUS kitchen that includes granite countertops and stainless steel appliances along with tons of cabinets & countertop space - having a smaller home definitely does not mean a small kitchen at 2813 Albatross! Other upgrades include newer exterior paint newer interior paint ALL dual-pane windows with newer window coverings and all new landscaping in the front + backyard along with automatic sprinklers installed. Dont forget the gorgeous outdoor extra room toward the end of the backyard thats perfect for a workshop or an extra bedroom fully completed as too! All of this close to Downtown Sac Arden Fair Mall parks shopping and freeway access!""",USD,872.0,872.0,sqft,1.0,2.0,0.0,0,0.0,0,0,0,1,0,0,SINGLE_FAMILY,Sacramento County
291,95815-26090461,9,3670,20288,USA,2021-07-08,0,0,Listed for sale,1625702400000.0,405000.0,399.0,Sacramento,CA,1955,1920 Bowling Green Dr,95815.0,-121.4219970703125,38.606666564941406,0,Centrally located to shopping. freeway access schools. Updated interior with upgraded materials; wood & tile flooring. Tastefully landscaped backyard with mature trees covered patio. Roof HW Tank & HVAC 3 yrs. New. Seller MOTIVATED! In Contract on replacement property so this home needs to Sell TODAY!! Bring ALL offers.,USD,1014.0,1014.0,sqft,1.0,3.0,0.0,1,0.0,0,0,0,0,0,0,SINGLE_FAMILY,Sacramento County
292,95815-26090217,9,3671,20288,USA,2021-07-07,0,0,Listed for sale,1625616000000.0,470000.0,230.0,Sacramento,CA,1960,2387 Boxwood St,95815.0,-121.44651794433594,38.60902404785156,0,This 2040 square foot multi family home has 3 bedrooms and 0.0 bathrooms. This home is located at 2387 Boxwood St Sacramento CA 95815.,USD,2040.0,2040.0,sqft,0.0,3.0,0.0,1,0.0,0,0,0,0,0,0,MULTI_FAMILY,Sacramento County
293,95815-26078179,9,3672,20288,USA,2021-07-05,0,0,Listed for sale,1625443200000.0,335000.0,206.0,Sacramento,CA,1948,536 Santiago Ave,95815.0,-121.45489501953124,38.611778259277344,0,Good investment property with long term tenants.,USD,1623.0,1623.0,sqft,2.0,4.0,0.0,0,0.0,0,0,0,0,0,0,SINGLE_FAMILY,Sacramento County
294,95815-26079920,9,3673,20288,USA,2021-07-05,0,0,Listed for sale,1625443200000.0,329000.0,239.0,Sacramento,CA,1937,2684 Clay St,95815.0,-121.43888854980469,38.61417007446289,0,"""2 units on one lot. Unit A has 3 bedrm/1 bath with laundry hookups. Unit B one bedroom painted with updated kitchen and bath. Large yard and iron gate allows parking in the units area""",USD,1378.0,1378.0,sqft,2.0,3.0,0.0,0,0.0,0,0,0,0,0,0,SINGLE_FAMILY,Sacramento County
295,95815-2069747109,9,3674,20288,USA,2021-07-05,0,0,Listed for sale,1625443200000.0,435000.0,137.0,Sacramento,CA,1920,715 Dixieanne Ave,95815.0,-121.45042419433594,38.60956573486328,0,This 3180 square foot multi family home has 5 bedrooms and 0.0 bathrooms. This home is located at 715 Dixieanne Ave Sacramento CA 95815.,USD,3180.0,3180.0,sqft,0.0,5.0,0.0,1,0.0,0,0,0,0,0,0,MULTI_FAMILY,Sacramento County
296,95815-26079570,9,3675,20288,USA,2021-07-02,0,0,Listed for sale,1625184000000.0,549950.0,239.0,Sacramento,CA,1928,2841 Del Paso Blvd,95815.0,-121.43980407714844,38.61852264404297,0,Classic brick Tudor style 6 bdrm 2 bath home with old world charm. Spacious Kitchen has all the new modern touches. Has been beautifully remodeled with tons of cabinets and abundance of marble counter space. Kitchen features all new elegant appliances-- new stove microwave and dishwasher. Very open design with kitchen flowing into formal dining room and onto living room. Dining living room and bath done in custom faux finish. Beautiful hardwood floors throughout 1st floor with new carpet in the 3 bedrooms upstairs. There are three bedrooms and one bath downstairs. Three bedrooms and bath upstairs. This home features six bedrooms and two baths. Dual pane windows throughout and numerous ceiling fans. The brick constructions helps keep house cool CH&A both floors. A must see.,USD,2300.0,2300.0,sqft,2.0,6.0,0.0,1,0.0,0,0,0,0,0,0,SINGLE_FAMILY,Sacramento County
297,95815-26078756,9,3676,20288,USA,2021-07-02,0,0,Listed for sale,1625184000000.0,385900.0,280.0,Sacramento,CA,1924,1240 Arcade Blvd,95815.0,-121.43815612792969,38.62620162963867,0,"Unlimited Potential!! This jewel ""Bungalow"" style home sits back on a 7405 sq ft. lot away from Arcade Blvd. which offers privacy. Huge front yard & backyard spacious enough to add a pool future garden or personal oasis. RV and boat access on both sides of home. Covered front porch with newly installed beautiful white fence. Upstairs spacious loft area that offers dual functions as an office/exercise room or 3rd bedroom option. New water heater new dual pane windows hunter douglas blinds new toilet laminate flooring and much more!Offer As Is requiring a little TLC. Owner Occupied. Please do not disturb occupants or trespass on property.",USD,1376.0,1376.0,sqft,1.0,3.0,0.0,1,0.0,0,0,0,0,0,0,SINGLE_FAMILY,Sacramento County
298,95815-26079200,9,3677,20288,USA,2021-06-30,0,0,Listed for sale,1625011200000.0,1535000.0,1802.0,Sacramento,CA,1960,1246 Acacia Ave,95815.0,-121.43821716308594,38.621482849121094,0,This 852 square foot multi family home has 7 bedrooms and 0.0 bathrooms. This home is located at 1246 Acacia Ave Sacramento CA 95815.,USD,852.0,852.0,Acres,0.0,7.0,0.0,1,0.0,0,0,0,0,0,0,MULTI_FAMILY,Sacramento County
299,95815-26077109,9,3678,20288,USA,2021-06-25,0,0,Listed for sale,1624579200000.0,265000.0,265.0,Sacramento,CA,1955,75 Arcade Blvd,95815.0,-121.46662139892578,38.61891174316406,0,NEEDS WORK and yet still a great Opportunity for a first time home buyer or an investor! Located in Wills Acres neighborhood in Sacramento. Close to the 160 freeway. This single story home features 3 bedrooms 2 baths and 1001 sq ft of living space. Spacious front and back yard! This home needs flooring paint and a good amount of other work lots of TLC and is priced accordingly. This home is a fixer upper and has tons of potential! This home is being sold As-Is and no repairs or credits are being made.,USD,1001.0,1001.0,sqft,2.0,3.0,0.0,1,0.0,0,0,0,0,0,0,SINGLE_FAMILY,Sacramento County
300,95815-26078209,9,3679,20288,USA,2021-06-23,0,0,Listed for sale,1624406400000.0,374950.0,290.0,Sacramento,CA,1954,689 Santiago Ave,95815.0,-121.45108032226562,38.61217498779297,0,This 1292 square foot multi family home has 2 bedrooms and 0.0 bathrooms. This home is located at 689 Santiago Ave Sacramento CA 95815.,USD,1292.0,1292.0,sqft,0.0,2.0,0.0,1,0.0,0,0,0,0,0,0,MULTI_FAMILY,Sacramento County
301,95815-26079374,9,3680,20288,USA,2021-06-22,0,0,Listed for sale,1624320000000.0,290000.0,326.0,Sacramento,CA,1939,2810 Branch St,95815.0,-121.44356536865234,38.61865997314453,0,Charming 2 bd / 1 ba home with an updated bath new stucco siding and new dual/triple pane windows for noise reduction! The fenced-in yard with rockscape is low maintenance and perfect for entertaining while the interior has room to customize. The property also includes newer Central A/C and heating and a one car detached garage with room for a workshop. Located near Arden Fair Mall the American River and Downtown Sacramento!,USD,889.0,889.0,sqft,1.0,2.0,0.0,1,0.0,0,0,0,0,0,0,SINGLE_FAMILY,Sacramento County
302,95815-26079855,9,3681,20288,USA,2021-06-19,0,0,Listed for sale,1624060800000.0,109999.0,127.0,Sacramento,CA,1948,1029 Frienza Ave,95815.0,-121.44244384765624,38.61317443847656,0,Ready to build! Come check out the level lot to build your home! Power nearby public water sewer line near just need a home!,USD,865.0,865.0,sqft,0.0,2.0,0.0,0,0.0,0,0,0,0,0,0,LOT,Sacramento County
303,95815-26077038,9,3682,20288,USA,2021-06-16,0,0,Price change,1625702400000.0,290000.0,355.0,Sacramento,CA,1951,700 Arcade Blvd,95815.0,-121.4494400024414,38.62421417236328,0,Come and make this 2 bedroom 1.5 bathroom home your dream home. Large workshop in the backyard. Rheem Eco Sense waterheater Kenmore water softner. Security system. Walking distance to the elementary school.,USD,816.0,816.0,sqft,2.0,2.0,0.0,0,0.0,0,One,0,0,0,0,SINGLE_FAMILY,Sacramento County
304,95815-26089463,9,3683,20288,USA,2021-06-15,0,0,Listed for sale,1623715200000.0,489900.0,222.0,Sacramento,CA,1950,1503 El Monte Ave,95815.0,-121.46038055419922,38.60706329345703,0,This 2205 square foot multi family home has 3 bedrooms and 0.0 bathrooms. This home is located at 1503 El Monte Ave Sacramento CA 95815.,USD,2205.0,2205.0,sqft,0.0,3.0,0.0,1,0.0,0,0,0,0,0,0,MULTI_FAMILY,Sacramento County
305,94062-15574449,9,3688,20128,USA,2021-07-12,0,0,Listed for sale,1626048000000.0,2295950.0,1351.0,Redwood City,CA,1950,933 Hillcrest Dr,94062.0,-122.25782012939452,37.4755973815918,0,NESTLED ON A QUIET STREET THIS CHARMING 3 BEDROOM/2 BATH RANCHER HAS POTENTIAL GALORE. BOASTING OVER 19000 SQ.FT SPANNING ACROSS TWO LOTS AND WITH A MODERN STUDIO/1 BATH COTTAGE - WITH AN EXPANSIVE DECK - AT THE REAR OF THE PROPERTY THE POSSIBILITIES ARE ENDLESS FOR YOU TO EXPAND OR REBUILD. LIGHT & BRIGHT WITH HARDWOOD FLOORS YOULL LOVE THE VIEWS OF THE EDGEWOOD PRESERVE AND PULGAS RIDGE. THE OVERSIZED FAMILY ROOM FEATURES A LAUNDRY AREA CRAFT ROOM AND A SLIDING DOOR TO THE BRICK PATIO! AN OUTDOOR WORKSHOP/GARDEN SHED PROVIDES EVEN MORE SPACE TO GET CREATIVE OR HONE YOUR GREEN THUMB. WITH TONS OF CLOSET & STORAGE SPACES THERE IS A PLACE FOR EVERYTHING HERE AND PERFECT FOR AN EXTENDED FAMILY. GREAT ACCESSIBILITY TO WALKING TRAILS WITH EASY ACCESS TO FREEWAYS DONT MISS THIS WONDERFUL OPPORTUNITY IN REDWOOD CITY HILLS.,USD,1700.0,1700.0,Acres,2.0,3.0,0.0,0,0.0,0,0,0,0,0,0,SINGLE_FAMILY,San Mateo County
306,94062-15574380,9,3689,20128,USA,2021-07-12,0,0,Listed for sale,1626048000000.0,2198000.0,931.0,Redwood City,CA,1971,2832 Brewster Ave,94062.0,-122.25205993652344,37.47480392456055,0,Are you looking for a spacious home with privacy serene setting expansive view and flexible living space? If so hunt no further and come visit this amazing home! On the upper level you will find a great room encompassing the gourmet kitchen vaulted ceiling and a wall of glass making your deck part of your daily living space! The kitchen has been remodeled w/wood cabinets granite counters large island oversized Sub-Zero Miele steam oven and 8 burner professional grade Thermidor gas range. Plus a master bedroom suite with private bath two secondary bedrooms hall bath with double basins and laundry area. Downstairs you will find another 1-2 bedrooms full-size kitchen living room dining area and another room ideal for home office wine or exercise room. The two spaces connect via the formal entryway or you can have them as separate living spaces with guest house/au pair suite downstairs. All this in an amazing setting with privacy and views. You will LOVE LIVING here!,USD,2360.0,2360.0,sqft,3.0,5.0,0.0,0,0.0,0,0,0,0,0,0,SINGLE_FAMILY,San Mateo County
307,94062-124159054,9,3690,114956,USA,2021-07-12,0,0,Listed for sale,1626048000000.0,4595000.0,945.0,Redwood City,CA,2015,934 Far Creek Way,94062.0,-122.26032257080078,37.45681381225586,0,"""On more than one-half acre of complete privacy beyond double gates this rare contemporary home in the Far Creek Estates community was newly constructed just 6 years ago; offers vast outdoor living space including ample room for a pool. Inside sleek dramatic interiors unfold at the entrance w/a glass & polished stainless steel-framed staircase w/ encircling balcony allowing for an open airy floor plan. Venetian plaster lines the stairwell & defines accent walls around linear gas fireplaces & media in both the living & family room. White oak floors extend throughout while two-story walls of glass & numerous skylights add amazing natural light. There are 4 bedrooms in the main residence plus a separate but attached 1bd 1ba apartment with a full kitchen and own address. Access to acclaimed Roy Cloud School (K-8) easy access to Highway 280 to San Francisco/Silicon Valley & proximity to downtown Redwood City restaurants shops and theatre as well as SFO & San Jose Intl Airport.""",USD,4860.0,4860.0,Acres,5.0,5.0,0.0,1,0.0,0,0,0,0,0,0,SINGLE_FAMILY,San Mateo County
308,94062-15573550,9,3691,20128,USA,2021-07-11,0,0,Listed for sale,1625961600000.0,1695000.0,731.0,Redwood City,CA,1923,500 Quartz St,94062.0,-122.24468994140624,37.47311401367188,0,Opportunitys knocking. 500 and 502 Quartz Street includes a 4 bed 2 bath plus office MAIN HOME plus a SEPARATE 1 bed 1 bath cottage. The 7500+/- sf lot spurs outdoor entertaining. Amazing versatility: Perfect for Gracious Everyday Living Multi-Generational Dynamic Investors Work from Home Small Business Space (think Etsy eBay) or Art/Maker Studio. The kitchen dining room and bright living room could be opened up to create an inviting open arrangement... or leave as is. This homes potential is limitless. Main home has a two-car garage with very large storage/work space. Cottage has its own off-street parking. A convenient Mid-Peninsula location (less then 2 mi. from downtown Redwood City Hwy. 101 & 280) and a floor plan that flexes to your personal lifestyle means this property wont last long on the market. Use the rental income from the cottage to help pay your mortgage and as needs change it could be an ADU for guests or family.,USD,2320.0,2320.0,sqft,3.0,5.0,0.0,0,0.0,0,0,0,1,0,0,SINGLE_FAMILY,San Mateo County
309,94062-15597047,9,3692,34907,USA,2021-07-10,0,0,Listed for sale,1625875200000.0,24800000.0,2158.0,Woodside,CA,1935,234 Albion Ave,94062.0,-122.26312255859376,37.4301643371582,0,"This estate (known as ""Hilltop House"") is a masterful combination of timeless French architecture and luxurious updates for 21st century living. Spanning ~3.31 acres the setting is quintessential Woodside set far back from the street with added layers of privacy from redwood groves and a vast meadow adjoining a conservation easement with unobstructed views. The lower and upper level have been freshly painted. This classically appointed home has hardwood floors refined millwork grand formal rooms complimented by a parlor entertainment bar library and chef\s kitchen. Personal quarters are many with 8 bedrooms including a multi-room master suite plus extended family quarters with full kitchen and lower-level staff quarters. The impressive grounds include a pool tennis court and sun-swept lawns ready to host family or philanthropic events. Located in the heart of central Woodside just minutes to Stanford Silicon Valley and 2 international airports. Woodside Elementary",USD,11490.0,11490.0,Acres,9.0,8.0,0.0,0,0.0,0,0,1,0,0,0,SINGLE_FAMILY,San Mateo County
310,94062-15589553,9,3693,114956,USA,2021-07-10,0,0,Listed for sale,1625875200000.0,1950000.0,1048.0,Redwood City,CA,1976,629 Glenloch Way,94062.0,-122.27222442626952,37.465476989746094,0,"""Incredible opportunity in beautiful Emerald Hills! Tastefully updated throughout this custom home offers great space a flexible floor plan and features GORGEOUS VIEWS in a serene natural setting surrounded by native Oaks. At the center of the home the dramatic vaulted ceiling Living Room with fireplace opens to a sunny deck with views. Fantastic remodeled chefs Kitchen and spacious Dining Room share a vaulted beamed ceiling and offer the perfect venue for casual dining or entertaining. Outstanding Primary Bedroom suite features spacious bedroom & bathroom and French Doors to a huge deck with more beautiful tree & hill views. Two additional good sized bedrooms share a large hall bathroom. A separate laundry room is conveniently located off the bedroom hallway. Separate BONUS ROOM could be used as an OFFICE workout room or artist studio. Close to trails Edgewood Park and award winning Roy Cloud School!""",USD,1860.0,1860.0,sqft,3.0,3.0,0.0,0,0.0,0,0,0,0,0,0,SINGLE_FAMILY,San Mateo County