company_id,company_title,company_link,description,vacancy_count,staff_count,industry_ids,industry_titles,client_logo,is_blocked
4887815,Социальный фонд России,https://www.superjob.ru/clients/socialnyj-fond-rossii-4887815/vacancies.html,"Фонд пенсионного и социального страхования Российской Федерации — один из государственных внебюджетных фондов. Создан федеральным законом от 14.07.2022 № 236-ФЗ «О Фонде пенсионного и социального страхования Российской Федерации» путем реорганизации Пенсионного фонда Российской Федерации с одновременным присоединением к нему Фонда социального страхования Российской Федерации.

Датой создания Фонда считается 1 января 2023 года.

СФР создан для осуществления государством пенсионного обеспечения, обязательного пенсионного страхования, обязательного социального страхования на случай временной нетрудоспособности и в связи с материнством, обязательного социального страхования от несчастных случаев на производстве и профессиональных заболеваний, социального обеспечения, предоставления мер социальной защиты (поддержки) отдельным категориям граждан.

Функции и полномочия учредителя СФР осуществляет Правительство Российской Федерации.

Органами управления Фонда являются председатель Фонда и правление Фонда. Организационно-техническое и документационное обеспечение деятельности правления Фонда осуществляется центральным аппаратом Фонда. В структуру Социального фонда также входят территориальные Отделения СФР в субъектах РФ, а также подведомственные Фонду учреждения, включая реабилитационные центры.

Председатель Фонда назначается на должность и освобождается от должности Правительством Российской Федерации по представлению руководителя уполномоченного федерального органа исполнительной власти.

Правление Фонда является коллегиальным органом управления Фонда. Численность правления Фонда составляет 35 человек.

Для осуществления контроля за финансово-хозяйственной деятельностью Фонда, территориальных органов Фонда, обособленных подразделений Фонда и подведомственных Фонду учреждений создается контрольно-ревизионная комиссия Фонда.

Среди социально значимых функций Социального фонда:

- назначение и выплата пенсий по обязательному пенсионному страхованию и государственному пенсионному обеспечению;

- назначение и выплата государственных пособий, обеспечение по обязательному социальному страхованию и иных видов обеспечения;

- организация ведения индивидуального (персонифицированного) учета в системах обязательного пенсионного страхования и обязательного социального страхования;

- организация инвестирования средств пенсионных накоплений;

- актуарное оценивание финансового состояния систем обязательного пенсионного страхования и обязательного социального страхования, долгосрочное прогнозирование их развития;

- предоставление государственных гарантий, мер социальной защиты (поддержки), социальных услуг отдельным категориям граждан, в том числе в рамках оказания государственной социальной помощи;
организация мероприятий в области медицинской, социальной и профессиональной реабилитации застрахованных лиц.

- организация мероприятий в области медицинской, социальной и профессиональной реабилитации застрахованных лиц.",230,более 5000,,,https://public.superjob.ru/images/clients_logos.ru/4887815_caf453aa2f09cbc394a2e8cd0855c450.png,False
4942874,Точка банк,https://www.superjob.ru/clients/tochka-bank-4942874/vacancies.html,"Точка – полностью онлайновый банковский сервис для предпринимателей.
Сервис запустился на базе филиала финансовой группы «Открытие» в декабре 2014 года. В 2017 на базе международного банка ""Qiwi""
В результате проб и ошибок, бесконечных попыток «перекроить себя» получился настоящий банковский сервис для предпринимателей.

Быть с нами — это возможность стать первооткрывателем. Но самое крутое — это возможность стать частью dream team, которая потрясет банковский сектор и оставит след в душе каждого клиента.
Точка больше похожа на айтишную компанию, чем на обычный банк. Мы живём по аджайлу — это весело, наглядно и очень удобно.
Методология гибкой разработки позволяет каждый день создавать новое, быстро внедрять изменения и видеть результат каждой команды. Упорядоченный хаос, доля фана и ответственность каждого за результат.

Попробовав один раз, уже трудно жить по-другому.",0,менее 50,,,,False
4944790,Лаборатория Касперского,https://www.superjob.ru/clients/laboratoriya-kasperskogo-4944790/vacancies.html,"«Лаборатория Касперского» – международная компания, разрабатывающая решения для кибербезопасности, защищающие от вирусов, спама, хакерских атак, фишинга и других киберугроз для частных лиц, бизнеса и государственных структур.",5,менее 50,,,,False
4905942,OZON: Старт карьеры,https://www.superjob.ru/clients/ozon-start-karery-4905942/vacancies.html,Ozon — ведущая площадка электронной коммерции и одна из крупнейших российских интернет компаний.,0,более 5000,,,,False
4907133,МТС: Старт карьеры,https://www.superjob.ru/clients/mts-start-karery-4907133/vacancies.html,"Стажировки в МТС.
Погрузись в цифровую экосистему МТС, участвуй в создании технологичных продуктов и получай опыт на оплачиваемых стажировках.",4,менее 50,,,,False
11714,Филиал ФКУ «Налог-Сервис» ФНС России по ЦОД в г. Москве,https://www.superjob.ru/clients/filial-fku-nalog-servis-fns-rossii-po-cod-v-g-moskve-11714/vacancies.html,"Федеральный казённое учреждение, подведомственное Федеральной налоговой службе.

Мы занимаемся администрированием технического, программного и информационного обеспечения автоматизированной информационной системы ФНС России.
Обеспечиваем непрерывное и отказоустойчивое функционирование информационно-технологической инфраструктуры центров обработки данных, подведомственных ФНС России, и обеспечиваем эксплуатацию инженерных систем.",71,100 — 500,,,https://public.superjob.ru/images/clients_logos.ru/11714_52bf35e17ada2ff7ce3d2c91242b10e0.png,False
4932954,Apple,https://www.superjob.ru/clients/apple-4932954/vacancies.html,"Технологическая корпорация, разрабатывающая и продающая персональные компьютеры, смартфоны, планшеты, программное обеспечение и онлайн-сервисы.",4,менее 50,,,,False
4944244,Контур,https://www.superjob.ru/clients/kontur-4944244/vacancies.html,"Кассовое оборудование, Удостоверяющий центр. Программа для бизнеса.",9,менее 50,,,,False
4944476,КРОК,https://www.superjob.ru/clients/krok-4944476/vacancies.html,"Комплексная экспертиза в области ИТ-инфраструктуры, внедрении информационных систем, создании программных решений и сервисной поддержки.",15,менее 50,,,,False
874575,ГК Русагро,https://www.superjob.ru/clients/gk-rusagro-874575/vacancies.html,"Группа Компаний «РУСАГРО» - это крупнейший вертикальный агрохолдинг России. В настоящее время занимает лидирующие позиции в производстве сахара, свиноводстве, растениеводстве и масложировом бизнесе. Земельный банк Группы – более 600 тыс. га. В 2015 г. по версии ряда инвестиционных банков Группа Компаний «Русагро» была признана одной из самых прибыльных и быстрорастущих компаний мира в потребительском сегменте в СНГ. Акции Компании торгуются на Лондонской и Московской биржах.

Основные активы Группы Компаний «Русагро» расположены в Белгородской, Тамбовской, Свердловской, Воронежской, Самарской, Курской и Орловской областях, а также в Приморском крае, что обеспечивает региональную диверсификацию бизнеса. Штаб-квартира холдинга находится в Москве.

Во всех бизнес-направлениях Группа активно внедряет современные мировые технологии как с точки зрения оборудования, так и с точки зрения управленческих практик.

География продаж «Русагро» постоянно расширяется. В настоящее время Компания реализует продукцию более чем в 80 регионах России и более чем в 15 странах мира.

Продукция «Русагро» продается под следующими торговыми марками:

""Русский сахар"", ""Чайкофский"", ""Брауни"", ""Mon Cafe"", ""Теплые традиции"" (рис, крупа), ""Мечта хозяйки"", ""Щедрое лето"", ""Провансаль ЕЖК"", ""ЕЖК Готовим дома"", ""Маслава"", ""Soya&Co, ""Слово мясника"".

В компании работают более 20 тысяч человек. Группа рассматривает своих сотрудников как главную и самостоятельную ценность и предоставляет им возможность реализовать свой потенциал, совершенствовать имеющиеся знания и навыки, а также участвовать в интересных инновационных проектах.

Неотъемлемой и важной частью деятельности Группы Компаний «Русагро» является корпоративная социальная ответственность. Компания способствует развитию регионов своего присутствия, заботится о защите окружающей среды, осуществляет профессиональное управление охраной здоровья сотрудников и безопасностью труда, своевременно выплачивает налоги и заработную плату, а также осуществляет широкую благотворительную деятельность, направленную на развитие образования.",8136,1000 — 5000,,,https://public.superjob.ru/images/clients_logos.ru/874575_68d27dd6e751cec595c21d483dcef279.jpg,False
4957734,Disney,https://www.superjob.ru/clients/disney-4957734/vacancies.html,"Крупнейший международный медиаконгломерат, работающий в сферах развлечений, кинопроизводства, стриминга и туризма.",18,более 5000,,,,False
14449,SuperJob,https://www.superjob.ru/clients/superjob-14449/vacancies.html,"Мы — IT-компания с 25-летней историей, создающая технологии для поиска работы и подбора персонала. Наши решения делают рынок труда прозрачнее, быстрее и удобнее для всех.
Работодатели получают проверенные резюме, актуальную аналитику рынка труда и инструменты для эффективного подбора — включая рекламу вакансий. Сотрудничать с SuperJob выгодно и надёжно: с нами работают как крупные компании, так и представители малого и среднего бизнеса.

Наш офис расположен в одном из самых удобных бизнес-парков Москвы — с большой территорией, зеленью и продуманной инфраструктурой. Здесь есть несколько столовых и ресторанов на любой вкус. Рядом — ТЦ «Гагаринский», где есть фудкорт, «Ашан», бесплатная парковка и множество магазинов.
У нас нет строгого дресс-кода — важно, чтобы вам было комфортно на рабочем месте.

Мы серьёзно относимся к развитию: каждый новый коллега получает наставника, а доступ к корпоративной библиотеке, внутренним тренингам и обучающим ресурсам помогает расти профессионально и строить осознанную карьеру.

Работать в SuperJob — значит быть частью команды, которая меняет рынок труда, и при этом чувствовать себя комфортно каждый день.",9,100 — 500,,,https://public.superjob.ru/images/clients_logos.ru/14449_053c6a49662dbe67adba26b57ca21b1a.jpg,False
191494,НПФ Благосостояние,https://www.superjob.ru/clients/npf-blagosostoyanie-191494/vacancies.html,"Негосударственный пенсионный фонд «БЛАГОСОСТОЯНИЕ» работает на рынке пенсионных услуг с 1996 года. Фонд реализует корпоративные и индивидуальные программы негосударственного пенсионного обеспечения и осуществляет деятельность по обязательному пенсионному страхованию и формированию долгосрочных сбережений.
НПФ «БЛАГОСОСТОЯНИЕ» реализует корпоративные пенсионные программы более 360 компаний и организаций.
Ключевой клиент фонда – ОАО «РЖД». 27 лет Фонд обслуживает корпоративную программу негосударственного пенсионного обеспечения работников холдинга «Российские железные дороги», выплачивает отраслевые пенсии железнодорожникам.

НПФ «БЛАГОСОСТОЯНИЕ» является одним из лидеров по негосударственному пенсионному обеспечению: число участников фонда по программам НПО составляет 1,3 млн человек, число получающих негосударственную пенсию – 350 тыс. человек. По состоянию на 1 января 2026 года объем пенсионных резервов составляет 645 млрд рублей.
Региональная сеть фонда включает 70 структурных подразделений. Подразделения фонда реализуют полный набор услуг по пенсионному обеспечению и формированию долгосрочных сбережений по единым корпоративным стандартам.

Мы создаем основу для финансового благополучия клиентов на пенсии и служим надежной опорой компаниям, в которых социальная защита работников строится системно, справедливо и долгосрочно.

Мы работаем для того, чтобы в новый жизненный этап — пенсионный возраст — люди вступали с ощущениями независимости, защищенности и комфорта.

Присоединяйтесь к нашей команде профессионалов!",8,500 — 1000,,,,False
4959545,DreamWorks,https://www.superjob.ru/clients/dreamworks-4959545/vacancies.html,"Ведущая американская киностудия, специализирующаяся на создании полнометражных и короткометражных компьютерных анимационных фильмов. Компания разрабатывает, продюсирует и выпускает популярные мультфильмы, включая франшизы «Шрэк», «Мадагаскар» и «Кунг-фу Панда», ориентируясь на семейную аудиторию.",6,менее 50,,,,False
4959764,Amazon,https://www.superjob.ru/clients/amazon-4959764/vacancies.html,"Транснациональная технологическая корпорация, мировой лидер в электронной коммерции, облачных вычислениях (AWS), стриминговых сервисах и искусственном интеллекте.",5,менее 50,,,,False
2963005,Хантфлоу,https://www.superjob.ru/clients/hantflou-2963005/vacancies.html,"О продукте

Хантфлоу — главный инструмент для более чем 5000 рекрутеров в тысячах компаний от малого бизнеса до известных корпораций. Здесь они общаются с кандидатами, ведут историю своей работы, обсуждают резюме с коллегами и делают отчеты. В Хантфлоу ведут подбор крупнейшие компании — VK, Avito, Leroy Merlin, Selectel и многие другие.

За восемь лет работы мы стали лидером рынка и в 2021 году заняли первое место в исследовании TAdviser.

О компании

Хантфлоу — IT-компания, создающая инновационные рекрутинговые инструменты. У нас есть сложные задачи и комфортные условия работы, при этом нет лишней бюрократии и работы ради галочки.

Мы самоокупаемая компания, которую основали продуктовый дизайнер и разработчик. Мы никогда не привлекали инвестиции, чтобы сохранить независимость во взглядах на развитие продукта.

В Хантфлоу работают более 100 специалистов в разных сферах: разработчики, редакторы, дизайнеры, тестировщики, маркетологи, сейлзы, менеджеры, девопсы и специалисты сервиса.

Почему вам понравится работать в Хантфлоу:

Прозрачные процессы
Доверительные отношения
Поддерживаем инициативы
Нетерпимость к бюрократии",1,100 — 500,,,https://public.superjob.ru/images/clients_logos.ru/2963005_5558faac31ecba2b935a1d8ca9f311be.png,False
4961511,Туту,https://www.superjob.ru/clients/tutu-4961511/vacancies.html,"Ведущий российский онлайн-сервис для путешественников, основанный в 2003 году. Основная деятельность заключается в поиске и продаже билетов на поезда, самолеты, автобусы, а также бронировании отелей, туров и экскурсий. Сервис работает как платформа-агрегатор.",6,менее 50,,,,False
4962080,Netflix,https://www.superjob.ru/clients/netflix-4962080/vacancies.html,"Netflix — один из ведущих мировых развлекательных сервисов, насчитывающий более 300 миллионов платных подписчиков в более чем 190 странах. Зрители смотрят сериалы, фильмы и игры самых разных жанров и на разных языках. Участники могут ставить воспроизведение на паузу, перематывать и продолжать смотреть в любом месте и в любое время, а также менять свой тарифный план.

Более 108 миллионов человек смотрели бой Джейка Пола и Майка Тайсона, а более 65 миллионов — прямые трансляции матчей НФЛ в Рождество 2024 года. В Netflix наши живые события становятся культурными моментами, и в ближайшие годы нас ждёт множество захватывающих прямых эфиров.",7,менее 50,,,,False
3046437,ИРЗ,https://www.superjob.ru/clients/irz-3046437/vacancies.html,"ИЖЕВСКИЙ РАДИОЗАВОД — предприятие приборостроительной отрасли России, выпускающее уникальные наукоёмкие изделия. Наша аппаратура участвует в космических программах, обеспечивает безопасность и связь на железной дороге, сотовую связь в удалённых и труднодоступных местах, работает на нефтедобывающих месторождениях.

ИРЗ — это место работы, где каждый сотрудник может найти свою зону роста и внести вклад в создание крупных отраслевых проектов",6,более 5000,,,https://public.superjob.ru/images/clients_logos.ru/3046437_fa61dee1472cfe9f622ae44b495b40c9.png,False
4243646,Таттелеком,https://www.superjob.ru/clients/tattelekom-4243646/vacancies.html,ПАО «Таттелеком» - один из ключевых операторов связи в Татарстане.,126,более 5000,,,https://public.superjob.ru/images/clients_logos.ru/4243646_5d7ae220626d7763c94b04b74c4f8abe.png,False
3845930,"ФГУП ""ГосНИИАС""",https://www.superjob.ru/clients/fgup-gosniias-3845930/vacancies.html,"Основные направления деятельности:

Интеграция и отработка комплексов радиоэлектронного бортового оборудования и вооружения самолётов и вертолётов

Анализ эффективности, формирование обликов, типажа и парков авиационных комплексов и внешнее проектирование

Программно-алгоритмическое обеспечение бортовых вычислительных систем

Разработка бортовых и наземных систем информационного обеспечения

Разработка авионики гражданской авиации

Дистанционное зондирование, построение цифровых карт местности

Спутниковая навигация, передача данных и наблюдение в системах организации воздушного движения

Методическое и информационное обеспечение лётных испытаний

Компьютерные технологии специального назначения

Математическое и полунатурное моделирование авиационных комплексов.",0,1000 — 5000,,,https://public.superjob.ru/images/clients_logos.ru/3845930_f7a07ac58a208f9e64ce6e0e91b557f7.jpg,False
4070787,Аэропорт Казань,https://www.superjob.ru/clients/aeroport-kazan-4070787/vacancies.html,"Международный аэропорт «Казань» — это стратегически важный объект федерального значения и один из крупнейших авиаузлов России. Это целый город в городе, где работают более 1500 специалистов самых разных профессий! Наша миссия — соединять людей и города, осуществляя эффективную совместную работу в целях обеспечения безопасности полетов наших пассажиров.

Нам есть чем гордиться и к чему стремиться:
- В 2026 году мы откроем новый современный терминал - нас ждут новые вызовы и новые объемы!
- Мы регулярно участвуем в организации мероприятий мирового уровня, поэтому для на важно всегда развиваться и совершенствовать уровень сервиса.
- Для нас важна работа каждого, потому что мы единый механизм, влияющий на безопасность полетов наших пассажиров.

Мы предлагаем не просто работу, а надёжное место в сильной команде!
1. Полностью белая заработная плата, которую вы получаете вовремя, каждый месяц, без задержек. Этот принцип не нарушался ни разу за всю историю предприятия.
2. Дополнительные премии по результатам работы.
3. Полный социальный пакет: материальная поддержка сотрудников и их семей, корпоративные программы, праздничные мероприятия и внимание к каждому.
4. Мы с уважением отмечаем наши профессионаьные праздники, потому что ценим труд каждого.

Мы рады как опытным специалистам, так и тем, кто хочет начать карьеру с нуля.

Мы ценим зрелый опыт и ответственность и в то же время готовы инвестировать в молодые кадры, обучать и растить профессионалов будущего внутри своей команды. Для нас важна не только ваша квалификация, но и ваше отношение к делу.

Присоединяйтесь к команде одного из ключевых аэропортов страны!
Постройте карьеру в месте, где ценят ваш труд, уважают вашу преданность делу и гарантируют стабильность вашей семье!",35,1000 — 5000,,,https://public.superjob.ru/images/clients_logos.ru/4070787_46d488ace55effa2d64f0199dec213c4.jpg,False
237125,ГАУ МО НИиПИ градостроительства,https://www.superjob.ru/clients/gau-mo-niipi-gradostroitelstva-237125/vacancies.html,"Государственное автономное учреждение Московской области ""Научно-исследовательский и проектный институт градостроительства"". Подведомственное учреждение Мособлархитектуры.
Институт - лидер в сфере градостроительного проектирования в регионе и осуществляет подготовку всех видов градостроительной документации.",12,100 — 500,,,https://public.superjob.ru/images/clients_logos.ru/237125_98cb37efddf85b1dc1116b82612087cc.jpg,False
4959197,"Санаторий ""Лесное""",https://www.superjob.ru/clients/sanatorij-lesnoe-4959197/vacancies.html,"Наш санаторий расположен на территории лесопарковой зоны г. о. Тольяттии Самарской области, является естественной природной, оздоровительной силой и наполняет жизненной энергией пациентов, которые находятся у нас на лечении.",1,менее 50,,,,False
4905642,Альфа-Банк: Старт карьеры,https://www.superjob.ru/clients/alfa-bank-start-karery-4905642/vacancies.html,"Альфа-Банк — это более 40 тысяч сотрудников, которые создают цифровые сервисы и заботятся о клиентах. Мы phygital-банк: сочетаем современные технологии с физическим присутствием и живым общением.",13,менее 50,,,,False
4885069,Лукин Леонид Сергеевич,https://www.superjob.ru/clients/lukin-leonid-sergeevich-4885069/vacancies.html,Разработка ПО.,1,менее 50,,,,False
4904563,VK: Старт карьеры,https://www.superjob.ru/clients/vk-start-karery-4904563/vacancies.html,"VK — российская технологическая компания и лидер по аудиторным показателям в Рунете.
Каждый день наши сервисы помогают миллионам людей общаться, развлекаться, узнавать новое, получать впечатления и осваивать профессии.",0,более 5000,,,,False
3595643,Урюпинский крановый завод,https://www.superjob.ru/clients/uryupinskij-kranovyj-zavod-3595643/vacancies.html,"В сентябре 2024г. АО ""Урюпинский крановый завод"" отмечает свое 115-летие со времени основания. Завод специализируется на выпуске кранов и талей. Предприятие с многолетней историей, опытом работы и большими перспективами. Находится в небольшом уютном городке и каждый, кто приезжал к нам хоть раз, обязательно возвращается. У нас хорошо как жить, так и работать.",3,100 — 500,,,https://public.superjob.ru/images/clients_logos.ru/3595643_4f83600386b26665b1627f8358ee1c36.jpg,False
4346970,НИИП имени В. В. Тихомирова.,https://www.superjob.ru/clients/niip-imeni-v-v-tihomirova-4346970/vacancies.html,"АО «НИИП имени В. В. Тихомирова» – уникальное предприятие оборонно-промышленного комплекса России, разработчик зенитных ракетных комплексов средней дальности (ЗРК СД) ПВО Сухопутных войск, разработчик систем управления вооружением (СУВ) истребительной авиации, разработчик автоматизированных систем управления, диагностики и безопасности электропоездов и поездов метро. АО «НИИП имени В. В. Тихомирова» также специализируется на разработке гидроакустического оборудования для морских изысканий, поисковых работ на акваториях.",17,1000 — 5000,,,https://public.superjob.ru/images/clients_logos.ru/4346970_fb1e17c5929864237bd4e41fd4cf4822.jpg,False
4859700,"СПб ГКУ ""Организатор перевозок""",https://www.superjob.ru/clients/spb-gku-organizator-perevozok-4859700/vacancies.html,"«Организатор перевозок» – сердце наземного общественного транспорта СПб. Мы обеспечиваем работу наземного пассажирского транспорта: развиваем маршрутную сеть, планируем перевозки, создаем инфраструктуру, контролируем оплату проезда, проводим мониторинг режима работы транспорта, развиваем информирование пассажиров, развиваем электронные системы оплаты проезда.",27,1000 — 5000,,,https://public.superjob.ru/images/clients_logos.ru/4859700_1a9829ae22cfadf47898878cc1f385c8.png,False
267938,АНО ВО Санкт-Петербургская юридическая академия,https://www.superjob.ru/clients/ano-vo-sankt-peterburgskaya-yuridicheskaya-akademiya-267938/vacancies.html,"Образовательные услуги в сфере высшего профессионального образования (очная и заочная формы обучения), аспирантура, дополнительное образование.",1,50 — 100,,,https://public.superjob.ru/images/clients_logos.ru/267938_9d7d66d6243b7f98e64f3fc4123c0bcc.jpg,False
4959724,Википедия,https://www.superjob.ru/clients/vikipediya-4959724/vacancies.html,"Фонд Викимедиа (Wikimedia Foundation) — некоммерческая организация, управляющая Википедией и другими проектами свободных знаний. Наша цель — мир, в котором каждый человек может свободно делиться суммой всех знаний. Мы создаем программное обеспечение, поддерживаем сообщество волонтеров и выступаем за политику, способствующую развитию свободных знаний.",3,менее 50,,,,False
4961508,Википедия,https://www.superjob.ru/clients/vikipediya-4961508/vacancies.html,"Фонд Викимедиа (Wikimedia Foundation) — некоммерческая организация, управляющая Википедией и другими проектами свободных знаний. Наша цель — мир, в котором каждый человек может свободно делиться суммой всех знаний. Мы создаем программное обеспечение, подд.",0,менее 50,,,,False
4952362,Магнит: Старт Карьеры,https://www.superjob.ru/clients/magnit-start-karery-4952362/vacancies.html,"«Магнит» является одной из ведущих розничных сетей в России по торговле продуктами питания, лидером по количеству магазинов и географии их расположения.

Компания представлена в 4 756 населенных пунктах, ежедневно магазины компании посещают около 19 миллионов человек. «Магнит» работает в мультиформатной модели, которая включает в себя магазины у дома, супермаркеты, аптеки и магазины дрогери. На 30 июня 2025 года компания насчитывала 32 589 торговых точек в 72 регионах России. Участниками кросс-форматной программы лояльности сети являются 85 млн человек.

«Магнит» является уникальной компанией в российском ритейле. Наряду с продажей товаров розничная сеть занимается производством продуктов питания под собственными торговыми марками. Компания управляет несколькими предприятиями по выращиванию овощей, производству бакалеи и кондитерских изделий. В контуре Компании действуют 13 промышленных и семь агропредприятий, которые являются одними из крупнейших в России. Логистическая инфраструктура компании включает в себя 55 распределительных центров и 7877 автомобилей.",4,менее 50,,,,False
89813,Ассоциация ВАСТ,https://www.superjob.ru/clients/associaciya-vast-89813/vacancies.html,"Ассоциация ВАСТ (ВиброАкустические Системы и Технологии) - одна из ведущих Российских компаний, направлением деятельности, которой является техническая диагностика и наладка машин и оборудования.
Основная специализация ВАСТ - вибродиагностика, балансировка и лазерная центровка.
Компания оказывает весь комплекс услуг по разработке, поставке и обслуживанию систем вибрационного контроля, мониторинга, диагностики и балансировки оборудования. В настоящее время Ассоциация ВАСТ - это группа предприятий с центральным офисом в Санкт-Петербурге, имеет 10 региональных партнеров в России, СНГ, Европе, Америке и Азии, более 400 клиентов в 15 отраслях промышленности.
Компания является лауреатом премии ""Российский Национальный Олимп"" в номинации ""Выдающиеся предприятия среднего и малого бизнеса"", дипломантом Всероссийского конкурса 2023 г. Программы «100 лучших товаров России» в номинации «Продукция производственно-технического назначения», победителем в номинации «Лучшее предприятие-экспортер в сфере промышленного производства» 2023 г. По итогам исследования, проведенного порталом SuperJob.ru среди работающих компаний-работодателей, компания получила статус «Привлекательный работодатель — 2024».",2,50 — 100,,,https://public.superjob.ru/images/clients_logos.ru/89813_95548e0e0f5d461f6a86148f76878d72.jpg,False
4922230,Сhanel,https://www.superjob.ru/clients/shanel-4922230/vacancies.html,"Chanel — мировой лидер в создании, производстве и дистрибуции предметов роскоши, включая готовую одежду, аксессуары, парфюмерию, косметику, средства по уходу за кожей, ювелирные изделия и часы. Основанный Габриэль Шанель в 1910 году, Дом моды по-прежнему привержен высочайшему качеству и созданию эксклюзивных творений. В настоящее время в Chanel по всему миру работает более 32 000 человек.",2,менее 50,,,,False
235578,Банк ВТБ,https://www.superjob.ru/clients/bank-vtb-235578/vacancies.html,"Банк ВТБ является одним из лидеров национального банковского сектора и занимает прочные конкурентные позиции на всех сегментах рынка банковских услуг.

Главным акционером ВТБ с долей в 77,5% является Правительство РФ. В ходе проведенного в мае 2007 года IPO среди российских и международных инвесторов было размещено 22,5% акций ВТБ. Общий объем средств, привлеченных в рамках дополнительной эмиссий акций, составил около $8 млрд., что сделало IPO ВТБ крупнейшим публичным размещением акций в мире в 2007 году.

Кроме того, оно стало самым ""народным IPO"" в России за всю историю национального фондового рынка, по его итогам акционерами ВТБ стали более 120 тыс. россиян. Рыночная капитализация ВТБ, акции которого обращаются на ММВБ и РТС, а также на Лондонской фондовой бирже в форме Глобальных депозитарных расписок, по итогам размещения акций превысила $35,5 млрд. Размер уставного капитала ВТБ составляет 67,2 млрд. рублей.
ВТБ имеет наивысший для российских банков рейтинг международных рейтинговых агентств Moody`s Investors Service, Standard & Poor`s и Fitch. Российские рейтинговые агентства традиционно относят ВТБ к высшей группе надежности.

Диверсифицируя свою деятельность, ВТБ постоянно расширяет круг проводимых на российском рынке операций и предоставляет клиентам широкий комплекс услуг, принятых в международной банковской практике.",65,более 5000,,,https://public.superjob.ru/images/clients_logos.ru/235578_94e8efbcca860a6a0147c0c1ad02b209.png,False
4876809,БУЗ ВО «Вологодская областная клиническая больница»,https://www.superjob.ru/clients/buz-vo-vologodskaya-oblastnaya-klinicheskaya-bolnica-4876809/vacancies.html,Больница,98,менее 50,,,,False
173974,Мечел,https://www.superjob.ru/clients/mechel-173974/vacancies.html,"«Мечел» – глобальная горнодобывающая и металлургическая компания, в которой работают более 70 тысяч человек. Продукция компании поставляется в Европу, Азию, Северную и Южную Америку, Африку. «Мечел» объединяет производителей угля, железной руды, стали, проката, ферросплавов, тепловой и электрической энергии. Все предприятия работают в единой производственной цепочке: от сырья до продукции с высокой добавленной стоимостью.

Направления деятельности компаний, входящих в Группу компаний Мечел:
• Горная добыча
• Металлургия
• Ферросплавы
• Энергетика
• Логистика
• Сбыт продукции

ООО «Мечел-Сервис» осуществляет сбыт продукции предприятий металлургического направления на российском рынке.

ОАО ХК «Якутуголь» – одно из крупнейших угледобывающих предприятий России.",255,более 5000,,,,False
291920,ФГБОУ ВО Санкт-Петербургский государственный университет,https://www.superjob.ru/clients/fgbou-vo-sankt-peterburgskij-gosudarstvennyj-universitet-291920/vacancies.html,"Санкт-Петербургский государственный университет — один из крупнейших научно-образовательных центров в Европе и мире. Сегодня здесь учатся более 20 тысяч студентов, созданы более 15 крупных лабораторий и 23 ресурсных центра, входящих в ведущий Научный парк страны. Выпускники университета неоднократно становились лауреатами Нобелевской и Филдсовской премий. Университет обладает богатейшей историей — только СПбГУ может по праву носить имя первого университета России.",158,более 5000,,,https://public.superjob.ru/images/clients_logos.ru/291920_f562a2855aa31ffc434a15f0052b44de.png,False
13775,Setl Group,https://www.superjob.ru/clients/setl-group-13775/vacancies.html,"Setl Group — ведущий девелоперский холдинг с более чем 30-летним опытом работы, лидер рынка строящегося жилья Санкт‑Петербурга и Ленинградской области. Наши проекты — это объекты премиум- и бизнес-класса. В нашей команде работает более 2000 сотрудников.

География строительства — Санкт‑Петербург, Ленинградская область, Калининград и Калининградская область.",21,1000 — 5000,,,https://public.superjob.ru/images/clients_logos.ru/13775_ca3ced2ba964d569462d283cfb5bd91f.jpg,False
154674,ТК Наша игрушка,https://www.superjob.ru/clients/tk-nasha-igrushka-154674/vacancies.html,"Уже более 30 лет торговая компания «Наша игрушка» осуществляет продажу игрушек и других детских товаров крупным и мелким оптом. Сегодня ТК «Наша игрушка» входит в десятку самых крупных компаний-поставщиков российского рынка детских игрушек.
21 000 наименований составляют ассортиментный перечень Компании. Среди них: развивающие и обучающие игрушки для малышей, детские велосипеды и самокаты, новогодние украшения и сувениры, наборы для творчества, мягкие и интерактивные игрушки, детские спортивные товары и многое другое. В ассортименте ТК «Наша игрушка» также широко представлены товары известных европейских брендов.
Выступая в роли производителя, Компания выпускает различные линейки товаров под собственными торговыми марками, среди которых железные дороги «Голубая стрела», спортивные товары X-MATCH, игровые куклы Mary Poppins, велосипеды и самокаты Moby Kids и другие товары, рассчитанные на самую «капризную» аудиторию. В 2012 году высокое качество наших товаров было отмечено дипломами и сертификатами международных выставок «Лучшее – детям» и «Мир детства».
Слаженная и оперативная работа на всех уровнях бизнес-процесса формирует положительный имидж Компании и делает Компанию надежным партнером для других участников рынка. В нашем коллективе царит теплая и дружественная атмосфера, мы поощряем личный рост и профессиональное развитие своих сотрудников.
Мы видим свое предназначение в том, чтобы предоставить потребителю максимально широкий выбор детских игрушек и других товаров российского и зарубежного производства.
Рынок детских игрушек стремительно растет и меняется. Мы постоянно следим за этими изменениями и своевременно реагируем на них, предоставляя нашим покупателям тот ассортимент, который будет интересен не только сегодня, но и завтра. Мы стремимся идти в ногу со временем и активно развиваемся, открывая новые перспективы в развитии бизнеса и для наших партнеров!",52,100 — 500,,,https://public.superjob.ru/images/clients_logos.ru/154674_fcde257df2bc02ca4e7ceb494845fd36.jpg,False
4894541,ГБУ ДПО ЦОПП СПб,https://www.superjob.ru/clients/gbu-dpo-copp-spb-4894541/vacancies.html,Центр повышения квалификации.,8,50 — 100,,,https://public.superjob.ru/images/clients_logos.ru/4894541_2a558e9914f9482808ae08705945512d.png,False
4959207,Шалин Оскар Андреевич,https://www.superjob.ru/clients/shalin-oskar-andreevich-4959207/vacancies.html,"Мы занимается сопровождением и поддержкой операционных процессов.
Основные направления — обработка данных, взаимодействие с клиентами и партнёрами, а также поддержка внутренних бизнес-процессов.",6,менее 50,,,,False
4564603,"ГКУ ЯНАО ""ИАЦ""",https://www.superjob.ru/clients/gku-yanao-iac-4564603/vacancies.html,Государственное казённое учреждение Ямало-Ненецкого автономного округа «Информационно-аналитический центр»,5,менее 50,,,,False
108428,Дальэнергомаш,https://www.superjob.ru/clients/dalenergomash-108428/vacancies.html,"АО «Дальэнергомаш» (г. Хабаровск, Россия) – это современное, динамично развивающееся предприятие, специализирующееся на производстве, продаже и сервисном обслуживании энергетического оборудования для различных отраслей промышленности.

Приоритетной целью деятельности нашего завода является максимальное удовлетворение растущего спроса потребителей на высокотехнологичную продукцию машиностроения посредством ее разработки, выпуска и послепродажного обслуживания.

В состав завода «Дальэнергомаш» входят: производственные цеха, испытательные стенды (компрессорного, турбинного и тягодутьевого оборудования), испытательная лаборатория, ремонтные, строительные и вспомогательные подразделения.

Наша продукция:
Газовые технологические турбины;
Центробежные компрессорные машины;
Тягодутьевые машины;
​
Сегодня АО «Дальэнергомаш» нацелен на повышение эффективности внутренних бизнес-процессов, усиление своих конкурентных преимуществ на российском и зарубежных рынках, наращивание объемов выпуска и освоение новых видов продукции.",5,100 — 500,,,https://public.superjob.ru/images/clients_logos.ru/108428_30ec7300cce8f726c490f66cb4ac0113.jpg,False
3797376,JOBCART.RU,https://www.superjob.ru/clients/jobcart-ru-3797376/vacancies.html,"Вакансии от прямых работодателей. В вакансии указано название компании работодателя и контактные данные представителя.

JOBCART.RU - сервис для автоматизации подбора персонала, помогающий компаниям найти персонал и ускорить процесс подбора.

В вакансии указано название компании работодателя и контактные данные представителя.
Все вакансии размещены от прямых работодателей или по их заказу.

Джобкарт не взимает с соискателей никаких оплат, комиссий подтверждений и прочего, вы связываетесь напрямую с работодателем.",227,менее 50,,,https://public.superjob.ru/images/clients_logos.ru/3797376_5b6fc8bd3bbc3a6c7b137ea989035937.png,False
4059878,"СПб ГКУ ""Городской центр управления парковками Санкт-Петербурга""",https://www.superjob.ru/clients/spb-gku-gorodskoj-centr-upravleniya-parkovkami-sankt-peterburga-4059878/vacancies.html,"Деятельность учреждения направлена на модернизацию объектов транспортной инфраструктуры Санкт-Петербурга в части снижения трафика в центре города за счет создания и эксплуатации городских и перехватывающих автостоянок, а также зоны платного паркования. С 15 мая 2017 года Учреждение также обеспечивает размещение и текущий ремонт велосипедных дорожек и участвует в мероприятиях, направленных на создание условий для беспрепятственного доступа инвалидов к объектам транспортной инфраструктуры.",5,500 — 1000,,,https://public.superjob.ru/images/clients_logos.ru/4059878_99593b2742d277aef32feb6a3ff59ba3.png,False
2914805,"ГБОУ города Москвы ""Школа № 2053""",https://www.superjob.ru/clients/gbou-goroda-moskvy-shkola-2053-2914805/vacancies.html,Государственное бюджетное общеобразовательное учреждение города Москвы юго-восточный административный округ.,3,50 — 100,,,https://public.superjob.ru/images/clients_logos.ru/2914805_3de480e2b6ca89302ce336278c64845d.jpg,False
860291,ФГБУ Президентская библиотека им. Б. Н. Ельцина,https://www.superjob.ru/clients/fgbu-prezidentskaya-biblioteka-im-b-n-elcina-860291/vacancies.html,Электронная библиотека.,0,100 — 500,,,,False
4953872,ГБОУ Школа № 657,https://www.superjob.ru/clients/gbou-shkola-657-4953872/vacancies.html,"Наша Школа - это пространство возможностей, творчества
и вдохновения, где каждый ребенок для нас - самая большая ценность!

Именно здесь ребята получают возможность раскрыть свои таланты, развить способности и приобрести знания, необходимые для успешной жизни в современном мире.

Приглашаем Вас стать частью нашей большой Семьи!",1,менее 50,,,,False
4451620,РЕШЕТНЁВ,https://www.superjob.ru/clients/reshetnjov-4451620/vacancies.html,"АО «Информационные спутниковые системы» имени академика М. Ф. Решетнёва» – одно из ведущих предприятий российской космической отрасли.

За 60 лет специалистами компании создано более 1280 космических аппаратов, введено в эксплуатацию свыше 40 космических систем и комплексов.

В настоящее время половина орбитальной группировки России – это спутники разработки и производства АО «РЕШЕТНЁВ»:

на 1 февраля 2023 года в её составе 99 космических аппаратов АО «РЕШЕТНЁВ», 95 из них работают по целевому назначению.",4,более 5000,,,https://public.superjob.ru/images/clients_logos.ru/4451620_b2da077c4d2e094d4faeb5d243f516e8.png,False
3551066,Твой Дом,https://www.superjob.ru/clients/tvoj-dom-3551066/vacancies.html,"ТВОЙ ДОМ - не имеющая аналогов по товарному ассортименту, сеть гипермаркетов, входящая в состав крупнейшего российского холдинга CROCUS GROUP. По истине уникальная торговая площадка, сочетающая 7 гипермаркетов под одной крышей! Тысячи брендов. Более 300 тысяч наименований товаров различных категорий: товары для дома, ремонта, дизайна, мебельный салон, оранжерея, гастроном и многое другое. Здесь каждый соискатель найдет для себя сферу для профессионального развития и личностного роста. Стань частью амбициозной команды ТВОЙ ДОМ!",41,более 5000,,,https://public.superjob.ru/images/clients_logos.ru/3551066_94be401bd1a7d01a024b299f78c14683.jpg,False
35359,ВЕРТЕК,https://www.superjob.ru/clients/vertek-35359/vacancies.html,"VERTEK - инжиниринговая компания, которая 20 лет успешно специализируется на разработке и производстве оборудования для автоматизации технологических процессов и предлагает широкий спектр решений для различных отраслей промышленности.

Направления деятельности:
- Автоматизированные системы управления (АСУ ТП)
- Производство конвейерных систем
- Решения и оборудование для дозирования
- Укладка и робототехника

Собственное производство: электромонтажный и механосборочный участки.

Компания постоянно совершенствует свои продукты и услуги, чтобы соответствовать требованиям современного рынка.

В 2024 году мы успешно прошли аккредитацию в качестве IT-компании. Это открывает новые возможности для сотрудников и позволяет им воспользоваться рядом преимуществ. Теперь сотрудники могут претендовать на получение льгот и преференций, предусмотренных законодательством для IT-специалистов.

Новый офис VERTEK расположен в бизнес-центре «Мельник», в 15 минутах пешком от станции метро «Площадь Александра Невского». В компании работает 50 человек.",4,менее 50,,,https://public.superjob.ru/images/clients_logos.ru/35359_a2d7013b0438d666de6a1cc17c3b8185.jpg,False
2722945,ФТС,https://www.superjob.ru/clients/fts-2722945/vacancies.html,"Государственная служба.
Региональное таможенное управление радиоэлектронной безопасности объектов таможенной инфраструктуры.",33,100 — 500,,,,False
4412294,Шанхай спецтехника,https://www.superjob.ru/clients/shanhaj-spectehnika-4412294/vacancies.html,"ООО ""Шанхай спецтехника"" - официальный эксклюзивный дистрибьютор в России по Сибирскому и Дальневосточному Федеральному округу. Основная деятельность компании - это продажа и обслуживание экскаваторов, дорожно-строительной техники, фронтальных погрузчиков, карьерных самосвалов и другого оборудования.",7,100 — 500,,,,False
2962986,АРМК,https://www.superjob.ru/clients/armk-2962986/vacancies.html,"Компания «АРМК» работает с 2014 года. Одним из приоритетных направлений деятельности компании являются комплексные решения для предприятий в сфере информационных технологий (IT). Благодаря использованию различных современных технологий, решений и подходов мы помогаем получить масштабируемую и эффективную инфраструктуру, готовую меняться с течением времени, и обладающую единым центром управления.

Сегодня деятельность компании охватывает все перспективные направления современного IT-бизнеса:

Создание корпоративных информационных систем

Серверные комплексы
Системы хранения и архивирования данных
Системы связи и вычислительные сети
Информационная безопасность
Виртуализация
Центры обработки данных (ЦОД)
Программное обеспечение

Управление и мониторинг ИТ-инфраструктуры
Инженерное обеспечение

Электронные системы безопасности
СКС и компьютерные сети
Системы кондиционирования и вентиляции
Сервисная поддержка
Проектирование, монтаж, наладочные работы
Наши преимущества

Команда грамотных консультантов и высококвалифицированных и сертифицированных инженеров. Мы развиваем долгосрочные взаимовыгодные отношения с нашими партнерами и придаем огромное значение принятию решений, позволяющих добиться желаемого результата каждому нашему клиенту. Партнерство с ведущими мировыми производителями позволяет предоставлять оборудование и ПО ведущих мировых производителей по конкурентоспособным ценам, а так же гибким финансовым условиям.",2,менее 50,,,https://public.superjob.ru/images/clients_logos.ru/2962986_d329ceda8530dacc73fce9773107e4f8.jpg,False
4763170,СПбГЭУ,https://www.superjob.ru/clients/spbgeu-4763170/vacancies.html,"Федеральное государственное бюджетное образовательное учреждение высшего образования «Санкт-Петербургский государственный экономический университет» (далее СПбГЭУ) – один из крупнейших экономических вузов страны и лидеров экономического образования в России, новейшая история которого тесно связана с интеграционными процессами в высшем образовании современной России.",29,1000 — 5000,,,https://public.superjob.ru/images/clients_logos.ru/4763170_c2fc997dbbbc624b7d7d15789a48c79e.png,False
1975482,Российский государственный художественно-промышленный университет им. С. Г. Строганова,https://www.superjob.ru/clients/rossijskij-gosudarstvennyj-hudozhestvenno-promyshlennyj-universitet-im-s-g-stroganova-1975482/vacancies.html,,1,500 — 1000,,,https://public.superjob.ru/images/clients_logos.ru/1975482_4167d6e9277d17d851059df19c670ad7.jpg,False
71817,ЭКО центр,https://www.superjob.ru/clients/eko-centr-71817/vacancies.html,"Клиника включает в себя научно-исследовательский центр и специализируется на следующих направлениях:

диагностика бесплодия (эндокринного бесплодия, трубно-перитонеального бесплодия, маточной формы бесплодия, иммунологического бесплодия, мужского бесплодия);
лечение мужского бесплодия;
лечение женского бесплодия;
экстракорпоральное оплодотворение (ЭКО);
искусственное оплодотворение без гормональной стимуляции (в естественном менструальном цикле);
другие современные методы лечения мужского и женского бесплодия (использование донорских яйцеклеток, банк донорской спермы суррогатное материнство и др.).",22,100 — 500,,,https://public.superjob.ru/images/clients_logos.ru/71817_84f6a9ab900a1f17f3d8fe32d36dc9aa.png,False
51445,Союзснаб,https://www.superjob.ru/clients/soyuzsnab-51445/vacancies.html,"Торгово-промышленная группа компаний Союзснаб - группа вертикально интегрированных компаний, предоставляющих полный спектр услуг предприятиям пищевой, химической и легкой промышленности. В настоящее время предприятия группы являются лидирующими в своей отрасли.
Одним из важнейших конкурентных преимуществ группы является ее уникальный ассортимент, включающий в себя сырье и ингредиенты для молочной, мясной, кондитерской, масложировой, хлебопекарной промышленности.",27,1000 — 5000,,,https://public.superjob.ru/images/clients_logos.ru/51445_da455b809bbbb7524ca7cb3832dd9f07.png,False
2631007,ЦЕМРОС,https://www.superjob.ru/clients/cemros-2631007/vacancies.html,"«ЦЕМРОС» — промышленный холдинг, лидер отечественного производства строительных материалов. «ЦЕМРОС» входит в пятерку крупнейших мировых цементных компаний, объединяет цементные заводы, заводы по производству бетона, ЖБИ, карьеры по добыче нерудных материалов. Производственная мощность предприятий холдинга составляет более 60 млн тонн цемента и более 11 млн куб. м бетона. Запасы нерудных материалов составляют свыше 5,5 млрд тонн. Холдинг включен в перечень системообразующих предприятий России, утвержденный решением Правительства Российской Федерации.

42 региональных торговых представительства АО «ЦЕМРОС» образуют разветвленную филиальную сеть, благодаря которой в кратчайшие сроки осуществляются поставки навального и тарированного цемента автомобильным, железнодорожным и водным транспортом клиентам в России, странах СНГ и Прибалтики. Более 300 млн человек являются потребителями продукции «ЦЕМРОС».

Обеспечивая строительными материалами крупные инфраструктурные объекты, холдинг «ЦЕМРОС» изменяет облик современных городов. Мощности холдинга позволяют ежегодно возводить до 100 млн кв. м жилья, 70 млн кв. м промышленной архитектуры, прокладывать 20 тыс. км дорог. На стройматериалах «ЦЕМРОС» возводятся жилые здания, промышленная и дорожная инфраструктура, спортивные, социальные и культурные объекты, среди которых взлетно-посадочные полосы аэропортов «Пулково» и «Казань», космодромы «Плесецк» и «Байконур», станции метрополитена Москвы, Санкт-Петербурга и Самары, олимпийские объекты в Сочи, стадионы Чемпионата мира по футболу 2018, высотные здания «Москва-Сити», Храм Христа Спасителя в Москве и многие другие сооружения.

До 2023 года холдинг «ЦЕМРОС» существовал под брендом «ЕВРОЦЕМЕНТ груп».

В 2023 холдинг ""ЦЕМРОС"" стал победителем в номинации ""Прорыв года"" премии TEAM AWARDS c проектом по внедрению бережливого производства.",267,более 5000,,,https://public.superjob.ru/images/clients_logos.ru/2631007_e34378a7c6b098f28cd953ee7756df8f.png,False
3001379,ИТ-Холдинг Т1,https://www.superjob.ru/clients/it-holding-t1-3001379/vacancies.html,"ИТ-холдинг Т1 – многопрофильный холдинг, один из лидеров российского ИТ-рынка, является партнером ключевых производителей и разработчиков в сфере информационных технологий. Компании холдинга начинают историю с 1992 года. В штате — более 26 тысяч сотрудников. В 2024 году выручка холдинга составила 249,6 млрд рублей без НДС. По версии аналитических агентств CNews Analytics и RAEX, Т1 является крупнейшей ИТ-компанией в России.

Т1 предоставляет полный спектр ИТ-услуг для реализации высокотехнологичных проектов с учетом отраслевой специфики заказчиков. В состав холдинга входят бизнес-направления Т1 Интеграция, Т1 Облако, Т1 Искусственный Интеллект, Т1 Сервионика, Т1 Иннотех, Мультикарта и вендор НОТА от Т1. Также у холдинга есть собственный образовательный сервис для подготовки квалифицированных ИТ-кадров – Т1 Цифровая Академия. Компании холдинга обладают профессиональной экспертизой в области разработки ПО, системной интеграции, Big Data и машинного обучения, облачных сервисов, информационной безопасности, консалтинга, сервисной поддержки и аутсорсинга, процессинга, дистанционного зондирования Земли (ДЗЗ).

Компетенции холдинга позволяют проектировать и реализовывать комплексные проекты в области цифровой трансформации для заказчиков любой отрасли, уровня развития инфраструктуры и масштаба. Среди заказчиков Т1 – государственные структуры и крупнейшие компании ключевых отраслей экономики: операторы связи, финансовые организации, промышленные, топливно-энергетические, транспортные и торговые предприятия. Подробнее: t1.ru.",5,более 5000,,,https://public.superjob.ru/images/clients_logos.ru/3001379_17f3718548910d167bd4b930c951bc0a.png,False
314091,"ФГБОУ ВО РГСУ, РГСУ, РОССИЙСКИЙ ГОСУДАРСТВЕННЫЙ СОЦИАЛЬНЫЙ УНИВЕРСИТЕТ",https://www.superjob.ru/clients/fgbou-vo-rgsu-rgsu-rossijskij-gosudarstvennyj-socialnyj-universitet-314091/vacancies.html,"Российский государственный социальный университет (РГСУ) – эффективный, технологичный, стабильно и динамично развивающийся университет, полноправный участник глобального научно- образовательного пространства, лидер российского социального образования и социальной науки, сплочённая команда которого интегрирована в международное образование, науку, бизнес, российский государственный сектор и создает профильные инновации.

РГСУ был первым и остается единственным социальным университетом России, стран Балтии и СНГ, имеющим государственный статус.

Основан в 1991 году.",5,1000 — 5000,,,https://public.superjob.ru/images/clients_logos.ru/314091_d23951ec2881c17f94a01acddb6bdcc5.png,False
542741,Российские космические системы,https://www.superjob.ru/clients/rossijskie-kosmicheskie-sistemy-542741/vacancies.html,"АО «Российские космические системы» (РКС, входит в Госкорпорацию ""Роскосмос"") - один из лидеров мирового космического приборостроения, разрабатывает, производит, испытывает, поставляет и эксплуатирует бортовую и наземную аппаратуру и информационные системы космического назначения на протяжении 75 лет.

Продукты и услуги РКС для государственных и коммерческих заказчиков в России и мире задают новые стандарты в области глобальной спутниковой навигации, безопасности, телекоммуникации, метеорологии, изучения природных ресурсов Земли и научных исследований дальнего космоса. Мы создали и развиваем глобальную навигационную спутниковую систему ГЛОНАСС.

Уникальные компетенции РКС реализованы в наземных системах управления орбитальной группировкой. Новейшие разработки обеспечивают безопасность запусков, полетов транспортных грузовых и пилотируемых космических кораблей. Благодаря коллективу специалистов высочайшего уровня, уникальному опыту и передовому производству мы являемся одним из ведущих поставщиков бортовой аппаратуры и интеллектуальных систем для МКС и абсолютного большинства проектов национальной космической программы.

В холдинге космического приборостроения мы объединили опыт предприятий-лидеров отрасли: Научно-исследовательского института точных приборов (АО ""НИИ ТП""), Научно-производственного объединения измерительной техники (АО ""НПО ИТ""), Научно-исследовательского института физических измерений (АО ""НИИФИ""), Особого конструкторского бюро МЭИ (АО ""ОКБ МЭИ"") и Научно-производственного объединения ""Орион"" (АО ""НПО ""Орион"").

АО «Терра Тех» – дочернее предприятие АО «Российские космические системы», коммерческий оператор услуг дистанционного зондирования Земли (ДЗЗ) и геоинформационных сервисов на их основе. Компания создана в декабре 2017 г. по инициативе Госкорпорации «Роскосмос».

Основное направление деятельности компании – разработка геосервисов, направленных на решение задач автоматизации бизнес-процессов заказчика, связанных с поиском и анализом любой доступной геопространственной информации, в интересах государственных структур, коммерческих организаций и физических лиц. Информационно-аналитические сервисы АО «Терра Тех» на территории земного шара за любой период времени.

АО «Терра Тех» в рамках своей деятельности принимает активное участие в цифровой трансформации Российской Федерации, разрабатывая решения на базе данных ДЗЗ для планирования и принятия управленческих решений в экономике, государственном управлении, предпринимательстве, социальной деятельности и гражданской активности на основе точных и актуальных данных об имеющихся на территории активах, ресурсах, их количественных и качественных характеристиках, динамике их изменения во времени.

АО «Терра Тех» разрабатывает продукты с учетом актуальных тенденций, комбинируя классические и самые передовые информационные геотехнологии с ориентацией на облачные решения и опорой на методы обработки больших данных (bigdata), технологии искусственного интеллекта и машинного обучения, нейросетевые технологии, технологии дополненной и виртуальной реальности.

Компания заинтересована в сотрудничестве как с опытными, так и начинающими специалистами в сфере геоинформационных технологий. АО «Терра Тех» приглашает специалистов в области применения методов искусственного интеллекта, разработчиков алгоритмов машинного обучения на основе нейронных сетей, аналитиков Big Data, специалистов по данным (data scientists) и VR-технологиям присоединиться к команде профессионалов в геоинформатике.",10,более 5000,,,,False
1977505,ТЕЛЛУР-ИНТЕХ,https://www.superjob.ru/clients/tellur-inteh-1977505/vacancies.html,"Контрольно-кассовая техника.
Комплексная автоматизация предприятий розничной и оптовой торговли, сферы общественного питания, услуг, аптек, складов. 1С франчайзи.
Продажа, обслуживание, ремонт кассовой, банковской, компьютерной техники, оргтехники.",1,менее 50,,,,False
15563,Дом Моды HENDERSON,https://www.superjob.ru/clients/dom-mody-henderson-15563/vacancies.html,"Дом моды HENDERSON более 20 лет предлагает мужчинам элегантную и стильную одежду для работы и отдыха. Сегодня HENDERSON присутствует более чем в 150 крупнейших торговых центрах, расположенных более чем в 50 городах России.

Корпоративная культура HENDERSON основана на сложившейся системе ценностей: вере, уважении, сотрудничестве, знании и ответственности. Мы рады предложить нашим сотрудникам благоприятные условия труда на основе взаимного уважения, возможность внести свой вклад в дальнейший успех нашей компании, а также уникальные преимущества и широкие возможности для личного и профессионального роста.

ГК HENDERSON-Россия относится с уважением к своим ценностям и с уверенностью смотрит в будущее. В нашей компании всегда найдется место для умных, целеустремленных, ответственных сотрудников, умеющих работать в команде.

Выбирайте карьеру вместе с HENDERSON!",47,1000 — 5000,,,https://public.superjob.ru/images/clients_logos.ru/15563_d0342541a88700e11c47856f583d6634.jpg,False
4954737,SKIMS,https://www.superjob.ru/clients/skims-4954737/vacancies.html,"SKIMS — бренд, основанный в 2019 году Ким Кардашьян и Йенсом Греде. Бренд стал символом инклюзивности и любви к себе. SKIMS предлагает одежду и аксессуары, которые подходят для женщин с разными типами фигур и оттенков кожи.",8,менее 50,,,,False
4398800,"Фирма ""Колбико""",https://www.superjob.ru/clients/firma-kolbiko-4398800/vacancies.html,Производство.,4,500 — 1000,,,,False
100593,"Группа ""М. Видео-Эльдорадо""",https://www.superjob.ru/clients/gruppa-m-video-eldorado-100593/vacancies.html,"Группа «М. Видео-Эльдорадо» — лидер среди розничных сетей по продаже электроники и бытовой техники в России и одна из крупнейших европейских компаний в этом сегменте. Наш оборот измеряется в сотнях миллиардов рублей, количество проданных товаров – в миллионах, ассортимент – в десятках тысяч наименований, магазины – в сотнях, а история – в десятилетиях. Мы вместе учились и добивались успеха шаг за шагом. Первый магазин «М. Видео» открылся в 1993, а ""Эльдорадо"" в 1994 году. Сегодня мы представлены 800 магазинами в 200 крупнейших городах. Благодаря нашей настойчивости, оптимизму и вере в себя мы входим в топ-200 крупнейших ритейлеров в мире, согласно данным отчета «Мировая розничная торговля в 2016 году» международной консалтинговой компании Deloitte.Мы – это 28 000 людей, искренне влюблённых в свою работу. Мы очень разные, но нас объединяет то, что мы верим в силу команды и успех нашего бизнеса!",298,более 5000,,,https://public.superjob.ru/images/clients_logos.ru/100593_865ae17a791e15d1203d2a40b1435c04.png,False
2756555,Санкт-Петербургский морской рыбопромышленный колледж,https://www.superjob.ru/clients/sankt-peterburgskij-morskoj-rybopromyshlennyj-kolledzh-2756555/vacancies.html,Образовательная деятельность.,5,50 — 100,,,https://public.superjob.ru/images/clients_logos.ru/2756555_7a3b669d3efbbb6ddc028528c4f94cd7.png,False
3758350,Государственная библиотека,https://www.superjob.ru/clients/gosudarstvennaya-biblioteka-3758350/vacancies.html,Государственная библиотека,2,менее 50,,,,False
4942854,Аэрофлот,https://www.superjob.ru/clients/aeroflot-4942854/vacancies.html,"Аэрофлот — национальный перевозчик России. Компания работает с 1923 г., является одной из старейших в мире и крупнейшей на рынке российских авиаперевозок.",4,менее 50,,,,False
4957726,Добрый,https://www.superjob.ru/clients/dobryj-4957726/vacancies.html,"Ведущий российский бренд безалкогольных напитков, созданный в 1998 году. Является лидером рынка с высокой долей популярности, предлагая качественную продукцию для всей семьи.",0,более 5000,,,,False
3959568,"СПб ГКУ ""Центр организации социального обслуживания""",https://www.superjob.ru/clients/spb-gku-centr-organizacii-socialnogo-obsluzhivaniya-3959568/vacancies.html,"СПб ГКУ ""Центр организации социального обслуживания""",16,100 — 500,,,https://public.superjob.ru/images/clients_logos.ru/3959568_daba38d0fa6e20b95b635945271956eb.png,False
678972,ГОУ СОШ № 1270,https://www.superjob.ru/clients/gou-sosh-1270-678972/vacancies.html,"Государственное бюджетное общеобразовательное учреждение ""Школа № 1270 ""Вектор""",2,50 — 100,,,,False
335586,«Оборонэнерго»,https://www.superjob.ru/clients/oboronenergo-335586/vacancies.html,"АО «Оборонэнерго» занимается эксплуатацией, передачей, распределением, обслуживанием и развитием электрических сетей на территории 80 субъектов Российской Федерации.
Направления и виды деятельности АО ""Оборонэнерго"":

• Передача и распределение электрической энергии;

• Эксплуатация, ремонт, обслуживание, диагностика электрических сетей и иных объектов электросетевого хозяйства и технологическое управление ими;

• Организация энергоснабжения воинских частей и других организаций, подведомственных Министерству обороны РФ, государственных и иных заказчиков;

• Развитие электрических сетей и иных объектов электросетевого генерирующего хозяйства, включая проектирование, инженерные изыскания, строительство, реконструкцию, техническое перевооружение, монтаж и наладку;

• Эксплуатация, ремонт, обслуживание, диагностика сетей технологической связи, оборудования релейной защиты и противоаварийной автоматики и иного, связанного с функционированием электросетевого хозяйства, технологического оборудования, а также технологическое управление ими;

• Развитие сетей технологической связи, средств измерений и учета, оборудования релейной защиты и противоаварийной автоматики и иного технологического оборудования, связанного с функционированием электросетевого хозяйства, включая проектирование, инженерные изыскания, строительство, реконструкцию, техническое перевооружение, монтаж и наладку.

Большой охват территории обслуживания и динамичное развитие позволяют предприятию обеспечивать большое количество рабочих мест с комфортными условиями труда. В настоящее время мы приглашаем к сотрудничеству как опытных, так и начинающих специалистов рабочих и инженерно-технических позиций: электромонтеров, водителей, мастеров производственных участков, инженеров – энергетиков и др.
АО «Оборонэнерго» предоставляет возможность обучения за счет предприятия: курсы повышения квалификации, подготовка и переподготовка по профессиям.
Работа в АО «Оборонэнерго» - это соблюдение всех гарантий ТК РФ, стабильная заработная плата, карьерный рост, работа в команде высококвалифицированных специалистов, ежегодная индексация заработной платы, премии и дополнительные выплаты, обеспечение спецодеждой, корпоративные программы и многое другое.",270,более 5000,,,https://public.superjob.ru/images/clients_logos.ru/335586_c7add19d51c370ea89f57f8c716de04a.jpg,False
4140409,Тульские машины,https://www.superjob.ru/clients/tulskie-mashiny-4140409/vacancies.html,"Наша компания занимается производством дробилок, промышленных мешалок, конвейеров, осуществляет разработку дробильно-сортировочных комплексов.",6,менее 50,,,https://public.superjob.ru/images/clients_logos.ru/4140409_511273847648921ac43cc2a564641d20.jpg,False
4853605,Мега-Рост,https://www.superjob.ru/clients/mega-rost-4853605/vacancies.html,Розничная торговля продуктами питания.,4,менее 50,,,,False
298376,СПб ГБУЗ МИАЦ,https://www.superjob.ru/clients/spb-gbuz-miac-298376/vacancies.html,"Медицинские информационные системы, статистические данные, оформление квот, фармацевтическая справочная служба.",5,100 — 500,,,,False
272717,Московский завод ФИЗПРИБОР,https://www.superjob.ru/clients/moskovskij-zavod-fizpribor-272717/vacancies.html,"ООО ""Московский завод ""ФИЗПРИБОР"" - ведущий разработчик и производитель комплексных систем автоматизации производственных процессов.
- Разработка и производство комплексных систем автоматизации производства в различных отраслях, как на территории РФ, так и за рубежом;
- проектирование и разработка новых решений для АЭС;
- замена выработавшего ресурс оборудования УКТС на атомных станциях.",23,100 — 500,,,,False
4745650,ФГБУ Российский научный центр рентгенорадиологии Минздрава РФ,https://www.superjob.ru/clients/fgbu-rossijskij-nauchnyj-centr-rentgenoradiologii-minzdrava-rf-4745650/vacancies.html,"Прием онкологических пациентов, лучевая и химиотерапия.",6,менее 50,,,https://public.superjob.ru/images/clients_logos.ru/4745650_f4c1832d5295c4b23aa693b9cac3ca29.jpg,False
3597464,Городская поликлиника №23 ДПО №21,https://www.superjob.ru/clients/gorodskaya-poliklinika-23-dpo-21-3597464/vacancies.html,Медицинская деятельность.,4,менее 50,,,https://public.superjob.ru/images/clients_logos.ru/3597464_1db725aeb0f8e31d781f36f2da5a93d4.jpg,False
4353589,Jobers,https://www.superjob.ru/clients/jobers-4353589/vacancies.html,"JOBERS – ваш надежный партнер в мире занятости! Уже более 5 лет мы помогаем успешному бизнесу в России находить лучших сотрудников, а соискателям – достойные предложения. Только у нас вы сможете ознакомиться с проверенными вакансиями от проверенных работодателей без риска нарушить законодательство РФ. На данной странице вы найдете актуальные предложения от ведущих компаний, размещающих свои вакансии через наш сервис. Откликайтесь на интересные предложения, воспользовавшись формой отклика под каждым объявлением. 

Не забывайте, что JOBERS не является агентством по подбору персонала и не взимает никаких комиссий с соискателей! Мы тщательно проверяем каждое объявление до его публикации. Однако, мы не можем контролировать информацию, которую работодатель может донести до вас. 

Выбирайте лучшие предложения и меняйте свою жизнь к лучшему с JOBERS!",2250,менее 50,,,https://public.superjob.ru/images/clients_logos.ru/4353589_55ab67a08949ff582ee4f8aba911608f.jpg,False
2230116,Уральский клинический лечебно-реабилитационный центр им. В. В. Тетюхина,https://www.superjob.ru/clients/uralskij-klinicheskij-lechebno-reabilitacionnyj-centr-im-v-v-tetyuhina-2230116/vacancies.html,"Уральский клинический лечебно-реабилитационный центр (г. Нижний Тагил, Свердловская область) является профессиональной, инновационной, высокотехнологичной и обучающейся компанией, ориентированный в области своей компетенции на мировые стандарты, взаимодействующий для повышения своей квалификации с авторитетными научно – практическими учреждениями в России и за рубежом.

Администрация медицинского центра среди своих приоритетных задач в реализации кадровой политики видит следующее:
—обеспечение надежности и безопасности работы и отдыха сотрудников;
—экономическую и экологическую безопасность производственного и лечебного процессов;
—повышение качества жизни сотрудников и их семей;
—обеспечение профессионального развития персонала, в том числе, за счет непрерывного обучения, его научного и практического совершенствования;
—внедрение оптимальных схем мотивации персонала, направленных, с одной стороны, на повышение производительности, с другой стороны, на повышение эффективности и результативности лечебного процесса и, как следствие, максимальной удовлетворенности пациентов.",16,100 — 500,,,https://public.superjob.ru/images/clients_logos.ru/2230116_a339cf11bdae16db8ffe3d47807a8730.jpg,False
528217,Народный доверительный банк,https://www.superjob.ru/clients/narodnyj-doveritelnyj-bank-528217/vacancies.html,"Банк зарегистрирован и внесён в Книгу ЦБ РФ ГРКО в 1993 году.
Участие в системе страхования вкладов:
Свидетельство о включении банка в реестр банков - участников системы обязательного страхования вкладов от 03 марта 2005 г. № 733
Банк имеет лицензии:
На осуществление банковских операций (для юр. лиц):
- Привлечение денежных средств юридических лиц во вклады (до востребования и на определенный срок).
- Размещение привлеченных во вклады (до востребования и на определенный срок) денежных средств юридических лиц от своего имени и за свой счет.
- Открытие и ведение банковских счетов юридических лиц.
- Осуществление переводов денежных средств по поручению юридических лиц, в том числе банков-корреспондентов, по их банковским счетам.
- Инкасация денежных средств, векселей, платежных и расчетных документов и кассовое обслуживание физических и юридических лиц.
- Купля-продажа иностранной валюты в наличной и безналичной формах.
- Выдача банковских гарантий.
- Осуществление переводов денежных средств без открытия банковских счетов, в том числе электронных денежных средств (за исключением почтовых переводов).

Лицензия на осуществление банковских операций (для физ. лиц):
- Привлечение денежных средств физических лиц во вклады (до востребования и на определенный срок);
- Размещение привлеченных во вклады (до востребования и на определенный срок) денежных средств физических лиц от своего имени и за свой счет;
- Открытие и ведение банковских счетов физических лиц;
- Осуществление переводов денежных средств по поручению физических лиц по их банковским счетам.",1,50 — 100,,,https://public.superjob.ru/images/clients_logos.ru/528217_4ea4195635e39788020d89df4e395be3.png,False
4596048,Породзинский Андрей Владимирович,https://www.superjob.ru/clients/porodzinskij-andrej-vladimirovich-4596048/vacancies.html,Юридические консультации,1,менее 50,,,,False
4029196,Завод по переработке пластмасс ПЛАРУС,https://www.superjob.ru/clients/zavod-po-pererabotke-plastmass-plarus-4029196/vacancies.html,"Завод по переработке пластмасс «ПЛАРУС» - единственный завод в России, использующий уникальную технологию переработки ПЭТ «bottle-to-bottle». Это означает, что из использованных ПЭТ бутылок на предприятии получают гранулят «Clear PET», из которого опять изготавливают новые ПЭТ-бутылки.

Основной особенностью данной технологии является полная идентичность характеристик качества получаемой продукции (восстановленного ПЭТ или РеПЭТ марки «Clear PET») с первичным ПЭТ-сырьем пищевого назначения. «Clear PET» сертифицирован центром гигиены и эпидемиологии Московский области для использования в производстве пищевой упаковки.

Освоение технологии «bottle-to-bottle» открывает перспективы для безотходной переработки ПЭТ-упаковки.

Высокотехнологичное и высокопроизводительное оборудование, произведенное лидерами в своих отраслях из Швейцарии, Германии и Италии, позволяет выпускать до 10 тыс. тонн готовой продукции в год.",8,менее 50,,,https://public.superjob.ru/images/clients_logos.ru/4029196_b5083bf473ba8671df7f820223d01fd5.png,False
2081428,"ФГБУ ""НМИЦ AГП им. В. И. Кулакова"" Минздрава России",https://www.superjob.ru/clients/fgbu-nmic-agp-im-v-i-kulakova-minzdrava-rossii-2081428/vacancies.html,"<div><br></div><div><p>Наша миссия - помочь каждой семье быть здоровыми!</p>Мы крупнейшее национальное акушерско-гинекологическое учреждение России.&nbsp;</div><div>Наша миссия –<b> помочь </b>каждой семье быть<b> здоровыми</b>. Наша забота распространяется на детей, на молодых женщин и мужчин, страдающих бесплодием, на беременных женщин и на женщин зрелого возраста, которым мы помогаем сохранить здоровье, энергию и красоту.</div><div><br><p>Для вас в Центре работают<b> 53 подразделения</b> и <b>28 лабораторий</b>, в которых трудится 2800 высококвалифицированных сотрудников, в том числе 4 академика РАН, 1 член-корреспондент РАН, 3 профессора РАН, 77 докторов наук, 235 кандидатов наук и 28 профессоров.&nbsp;</p><p>Ежегодно стационарную и амбулаторную помощь у нас получают более 200 тысяч человек.</p><p><br></p><div>Государственное учреждение.</div><div>Есть салон красоты.</div><div><br></div></div>",49,1000 — 5000,,,https://public.superjob.ru/images/clients_logos.ru/2081428_3114bd8ee981b744d4e3e59af43fe864.png,False
4891649,СПБ ГБ ПОУ «Колледж Петербургской моды»,https://www.superjob.ru/clients/spb-gb-pou-kolledzh-peterburgskoj-mody-4891649/vacancies.html,Образовательное учреждение.,1,менее 50,,,,False
4273213,Черногорская ГРК,https://www.superjob.ru/clients/chernogorskaya-grk-4273213/vacancies.html,"Основанная в 2021 году ООО «Черногорская ГРК» реализует проект по строительству горно-обогатительного комплекса в Норильском промышленном регионе. Уникальное месторождение расположено в 15 километрах к юго-востоку от Норильска в Красноярском крае. Сегодня это место стало мощной точкой роста для экономики страны.

Для своих сотрудников мы создаем комфортные условия труда и придерживаемся установки: работать должно быть интересно и перспективно.

В компании корпоративная культура строится на принципах командного духа, взаимной поддержки и профессионального роста. Эти ценности охватывают все аспекты работы, создавая среду, где сотрудники объединены общими целями и ориентированы на долгосрочное развитие. Это способствует формированию атмосферы доверия и сотрудничества.",2238,500 — 1000,,,,False
2416642,МВД России по Ростовской области,https://www.superjob.ru/clients/mvd-rossii-po-rostovskoj-oblasti-2416642/vacancies.html,Правоохранительная деятельность.,3,менее 50,,,,False
4918750,"Научно-производственная фирма ""Пакер""",https://www.superjob.ru/clients/nauchno-proizvodstvennaya-firma-paker-4918750/vacancies.html,"Научно-производственная фирма «Пакер» - лидер на рынке пакерно-якорного оборудования России и стран СНГ. На сегодняшний день мы работаем почти со всеми нефтегазодобывающими и сервисными предприятиями РФ и стран СНГ. НПФ «Пакер» осуществляет поставки пакерно-клапанного оборудования, компоновок для добычи нефти, системы ППД, бурения, ремонта и освоения скважин. Кроме этого компания предоставляет широкий спектр услуг по подбору, инженерному сопровождению, ремонту, прокату, осуществляет проектирование новой техники и технологий по техническому заданию Заказчика, оказывает услуги по металлообработке.

НПФ «Пакер» также оказывает услуги по грузоперевозкам, метрологическому обеспечению и неразрушающему контролю. Метрологическая служба НПФ «Пакер» аккредитована на право калибровки и имеет лицензию на ремонт средств измерений геометрических величин. Центральная заводская лаборатория предприятия осуществляет контроль качества сырья, материалов, металлопроката и готовой продукции.

Самое главное достояние компании – команда профессионалов, состоящая из специалистов машиностроения, скважинных технологов, конструкторов и других специальностей, решающих как универсальные, так и самые сложные задачи. На сегодняшний день в компании работают более 700 квалифицированных специалистов, имеются сервисные центры и представительства в городах: Октябрьский, Нижневартовск, Бузулук.",32,500 — 1000,,,https://public.superjob.ru/images/clients_logos.ru/4918750_55df360c0e253ae6ad37eb7c8f6f0c89.jpg,False
4572294,АГД ДАЙМОНДС,https://www.superjob.ru/clients/agd-dajmonds-4572294/vacancies.html,Добыча алмазов,0,менее 50,,,,False
3974341,РТРС,https://www.superjob.ru/clients/rtrs-3974341/vacancies.html,"Федеральное государственное унитарное предприятие «Российская телевизионная и радиовещательная сеть» (РТРС) создано согласно Указу Президента Российской Федерации от 13.08.2001 №1031.

РТРС – стратегическое предприятие в целях обеспечения обороноспособности и безопасности государства.

РТРС совместно с ВГТРК, Первым каналом, Телецентром «Останкино» и ГПКС составляет основу государственной системы телерадиовещания.

РТРС – естественная монополия в области связи, осуществляющая эфирную наземную трансляцию общероссийских обязательных общедоступных теле- и радиоканалов на всей территории Российской Федерации.

РТРС – единственный исполнитель мероприятий по развитию сети цифрового эфирного телерадиовещания и последовательного отключения аналогового в рамках федеральной целевой программы (ФЦП) «Развитие телерадиовещания в Российской Федерации на 2009-2015 годах».

РТРС входит в международный консорциум Digital Video Broadcasting Project. DVB Project – это объединение отрасли связи, в котором состоят организации более чем из 35 стран мира.

Структура РТРС включает 80 региональных филиалов: республиканских, краевых и областных радиотелепередающих центров.

Услугами телерадиопередающих центров в России пользуются около 900 телевизионных вещательных компаний и более 500 радиовещательных станций, в том числе все общероссийские обязательные общедоступные телеканалы и радиоканалы.",11,более 5000,,,https://public.superjob.ru/images/clients_logos.ru/3974341_e1372e0522952e909762a59905029f34.png,False
196244,Металл Профиль,https://www.superjob.ru/clients/metall-profil-196244/vacancies.html,"Компания Металл Профиль — мировой лидер в производстве строительных материалов из тонколистовой стали с покрытием. На протяжении многих лет мы удерживаем прочные позиции на рынке благодаря внедрению передовых технологий, высокому качеству продукции и четкому соблюдению отраслевых стандартов.

Мы работаем по принципам бережливого производства, непрерывно совершенствуя все процессы — от выпуска продукции до организации логистики. Это позволяет нам гарантировать нашим клиентам поставки продукции без задержек и с безупречным качеством.

Мы уверены — главный ресурс компании — это люди. Наши сотрудники — залог успеха и движущая сила развития. Мы создаем комфортную и стабильную рабочую среду, где каждый может чувствовать уверенность в завтрашнем дне и реализовывать свои профессиональные цели.

Лидирующие позиции «Металл Профиль» обеспечивают:
• 30-летний опыт на рынке
• современные производственные комплексы, высокотехнологичное оборудование
• ассортиментный ряд, удовлетворяющий потребности разных типов клиентов
• инновационные разработки и проверенные временем продукты
• актуальные сервисы для покупателей
• 
Мы сегодня это:
• 5 стран
• 18 заводов
• 80+ офисов продаж
• более 4 000 сотрудников
• 10 000+ постоянных клиентов

Преимущества работы в нашей команде:
• Официальное трудоустройство с первого дня
• Основательный социальный пакет
• Комфортные условия труда
• Помощь с адаптацией
• Обучение и профессиональное развитие
• Быстрый карьерный рост
• Эксклюзивные скидки на продукцию компании

Присоединяйтесь к нам и станьте частью команды, которая создает ведущие решения для строительства будущего!",601,более 5000,,,https://public.superjob.ru/images/clients_logos.ru/196244_24d635c6b878747dc7213945674423e5.png,False
514997,Миассмебель-Центр,https://www.superjob.ru/clients/miassmebel-centr-514997/vacancies.html,Компания Miassmobili производит и продает мебель для дома в классическом и современном стиле. Средняя численность штата компании на сегодняшний день составляет 150 человек.,1,100 — 500,,,https://public.superjob.ru/images/clients_logos.ru/514997_86c90fa2323b95dc92f86232d99f015f.png,False
2063869,МФК Минфина России,https://www.superjob.ru/clients/mfk-minfina-rossii-2063869/vacancies.html,Лечебно-оздоровительная деятельность.,5,100 — 500,,,https://public.superjob.ru/images/clients_logos.ru/2063869_f06afd64aa8f3d35338dc88620f82832.png,False
38260,Билайн,https://www.superjob.ru/clients/bilajn-38260/vacancies.html,"<div>Билайн — это современный и открытый работодатель с возможностями развития для сотрудников разных направлений.</div><div><br></div><div>Самым ценным активом компании для развития и достижения стратегических целей является ее команда. В билайне работает более 30 тысяч человек — это можно сравнить с населением небольшого города. Сегодня структура управления проектами в компании становится более плоской: отдаем ресурсы и полномочия владельцу продукта и его команде, внедряем Agile-подход в операционные процессы.</div><div><br></div><div>Мы активно используем технологии ИИ и BigData как для решения задач собственного бизнеса, так и для социально-значимых проектов.</div><div><br></div><div>В билайне работают более 3000 IT-специалистов, основной стек — Kafka, Python, Java, Django, Spring. По многим направлениям сформированы активные комьюнити. Развивается направление Data Science и анализа данных: мы строим модели на больших данных (сотни Тб), у нас своя внутренняя MLOps-платформа на базе JupyterHub, MLflow, Argo. Все это позволяет нам закрывать полный жизненный цикл моделей машинного обучения.</div><div><br></div><div>Желания наших клиентов — источник творческого и технологического развития компании, поддержки предпринимательского духа и бесконечного вдохновения.</div><div>У нас принято считать, что наши клиенты — это не только мобильные абоненты с симкой нашего цвета, но и наши сотрудники. Поэтому мы предоставляем им множество возможностей для развития и реализации своего потенциала:</div><div><br></div><div>Если ты такой же, как мы – яркий, инициативный, веселый, добрый и целеустремленный – присоединяйся к нашей команде, мы будем рады тебе!</div>",444,более 5000,,,https://public.superjob.ru/images/clients_logos.ru/38260_631431f81707443cd83c352711ae1585.png,False
2464328,Хабаровский аэропорт,https://www.superjob.ru/clients/habarovskij-aeroport-2464328/vacancies.html,"Транспортные услуги.
Наша компания изменила политику работы с персоналом - главной ценностью являются сотрудники.",42,1000 — 5000,,,https://public.superjob.ru/images/clients_logos.ru/2464328_b90f8e7c078f60c416f844d2d7cc8bb5.png,False
4957440,Tesla,https://www.superjob.ru/clients/tesla-4957440/vacancies.html,"Американская компания основанная в 2003 году, мировой лидер в производстве электромобилей, солнечных панелей и решений для хранения энергии (аккумуляторов). Под руководством Илона Маска компания стремится к переходу на устойчивую энергию, развивает автопилот и прямые продажи, являясь одной из самых дорогих автокомпаний мира.",8,более 5000,,,,False
4451188,КОМАНДА Ф5,https://www.superjob.ru/clients/komanda-f5-4451188/vacancies.html,"«Команда F5» — это IT-компания, ТОП-1 компания-интеграторов amoCRM. Автоматизируем отдел продаж и бизнес-процессы. Помогаем бизнесу продавать больше и развиваться быстрее.

Работаем с 2012 года. Офисы компании есть в Чебоксарах и Дубае.
Сегодня в команде больше 150 человек, работающих как удаленно, так и в офисе, страстно любящих свое дело.

НАШИ КЛИЕНТЫ
Обслуживаем больше 10.000 клиентов.
Среди наших клиентов Skyeng, Skill Box, Нетология, Skolkovo resident, Ланит, Selectel, Яндекс, Технониколь, СБЕР, Тинькофф, Совкомбанк, ВКонтакте, Mail.ru group и еще 150+ довольных сетей❤️

НАША КОМАНДА
Наша команда — это молодые и неунывающие профессионалы (средний возраст 26 лет). С коллегами легко найти общий язык, приятно работать и не скучно отдыхать. Команда будет рада помочь, поделиться опытом. Коллектив растет и развивается вместе.
Найдется место и экстравертам, и интровертам: не навязываемся, ценим личное пространство.

ЧТО ЦЕНЯТ СОТРУДНИКИ
— Интересные задачи.
Нестандартные и масштабные проекты. Выездные мероприятия и конференции. И много новых знакомств.

— Хорошая зарплата.
Оплата труда выше среднерыночной, без верхнего потолка. Заработок зависит только от тебя — чем больше усилий прикладываешь, тем больше получаешь.

— Комфортные условия.
В графике нет строгих регламентов. Разрешается отойти, отпроситься с работы или даже в теннис поиграть.

КАРЬЕРНЫЙ РОСТ
Компания заинтересована в развитии сотрудников. Каждую неделю проводятся планерки, тренинги, конференции. Уже за год можешь подняться по карьерной лестнице, стать руководителем отдела или старшим аналитиком.

ЧТО ПРЕДЛАГАЕМ
Атмосфера:
- Просторный и уютный офис в центре города;
- Дресс-код описан одной фразой: на работу приходите одетыми.
- Регулярные веселые мероприятия, вылазки на природу, ночные просмотры фильмов, компьютерные игры и настолки;

Условия:
- Корпоративы, подарки, бонусы;
- Понятная CRM для общения с клиентами и коллегами;
- Оформление по ТК РФ с 1 дня выхода на работу;
- Плавающий график работы — мы не стоим с таймером, когда сотрудник ушел на обед;

Образование:
- Скидки в образовательных платформах 50% (Skillbox, SkillFactory);
- Доступ к корпоративной библиотеке;
- Наставничество опытных сотрудников;
- Корпоративное повышение квалификации;

«Команда F5» — это аккредитованная IT-компания.
Поэтому сотрудники имеют право на льготы по ипотеке (ставка до 5% годовых) и отсрочку от срочной военной службы и частичной мобилизации (при должном образовании).",1,100 — 500,,,https://public.superjob.ru/images/clients_logos.ru/4451188_4257b595cf8e6c54dfd51a5563fcf616.png,False
3316052,"СЗРЦ ""Гарант Интернэшнл""",https://www.superjob.ru/clients/szrc-garant-interneshnl-3316052/vacancies.html,"СЗРЦ ""ГАРАНТ ИНТЕРНЭШНЛ"" — аккредитованная IT-организация РФ, официальный партнер компании ""Гарант"" на территории Санкт-Петербурга, Ленинградской и Новгородской областей.
В настоящее время при помощи ИПО ГАРАНТ свои задачи решают сотни тысяч специалистов по всей стране. Доступ к открытым информационным правовым ресурсам, поддерживаемым компанией, имеют миллионы граждан. Компанией реализованы инновационные решения с применением новейших компьютерных технологий, интернета, мобильных устройств, интерактивного формата представления данных, спутниковых технологий. Это позволяет всем, кому необходима правовая информация, быстро и точно находить ее, будучи при этом в любой точке страны.
СЗРЦ ""ГАРАНТ ИНТЕРНЭШНЛ"" - ваш надёжный поставщик правовой информации.",1,менее 50,,,https://public.superjob.ru/images/clients_logos.ru/3316052_ffebe7df52a79ed4cb89f41f7c64007c.png,False
4957980,Отель Югра,https://www.superjob.ru/clients/otel-yugra-4957980/vacancies.html,Гостиница Югра - это новая гостиница 4* в центре Ханты-Мансийска. Идет набор сотрудников к открытию.,3,менее 50,,,,False
2466656,Российские железные дороги,https://www.superjob.ru/clients/rossijskie-zheleznye-dorogi-2466656/vacancies.html,"ОАО ""РЖД"" учреждено Правительством РФ.
Хозяйственная деятельность компании началась 1 октября 2003 года. Сегодня она входит в тройку самых крупных транспортных компаний мира.

Компания занимает 2-е место в народном рейтинге привлекательных работодателей ВЦИОМ.

Миссия компании состоит в удовлетворении рыночного спроса на перевозки, повышение эффективности деятельности, качества услуг и глубокой интеграции в Евроазиатскую транспортную систему.
Главные цели деятельности общества - обеспечение потребностей государства, юридических и физических лиц в железнодорожных перевозках, работах и услугах, оказываемых железнодорожным транспортом, а также извлечение прибыли.

Стратегические цели компании:

увеличение масштаба транспортного бизнеса;
повышение производственно-экономической эффективности;
повышение качества работы и безопасности перевозок;
глубокая интеграция в Евроазиатскую транспортную систему;
повышение финансовой устойчивости и эффективности.
Имущество компании было сформировано путем внесения в уставной капитал ОАО ""РЖД"" по балансовой стоимости активов 987 организаций федерального железнодорожного транспорта, принадлежащих государству.

Единственным акционером ОАО ""РЖД"" является Российская Федерация.

Виды деятельности:

грузовые перевозки;

пассажирские перевозки в дальнем сообщении;

пассажирские перевозки в пригородном сообщении;

предоставление услуг инфраструктуры;

предоставление услуг локомотивной тяги;

ремонт подвижного состава;

строительство объектов инфраструктуры;

научно-исследовательские и опытно-конструкторские работы;

содержание социальной сферы.

Корпоративная структура включает в себя филиалы и представительства компании, дочерние и зависимые общества, чьи акции и доли были внесены в уставной капитал компании при ее создании, а так же дочерние общества, созданные в процессе реформирования.

По видам осуществляемой деятельности филиалы компании подразделяются:
филиалы – железные дороги;
функциональные филиалы;
филиалы – перевозочные компании;
филиалы в области технико-экономического и финансового обеспечения;
филиалы в области капитального строительства;
филиалы в области ремонта подвижного состава;
филиалы в области путевого хозяйства;
филиалы в области информатизации и связи;
филиалы в области социальной сферы;
филиалы – проектные бюро;
иные филиалы.

Среди дочерних обществ наиболее значимы для ОАО ""РЖД"" являются строительно-ипотечная компания ЗАО ""Желдорипотека"", телекоммуникационная компания ЗАО ""Компания ТрансТелеКом"", электротехнические заводы ОАО ""ЭЛТЕЗА"".

Российские железные дороги являются одной из крупнейших транспортных систем мира - эксплутационная длина – 85,5 тыс. км.

ОАО ""РЖД"" занимает первое место в мире по протяженности электрифицированных линий – 42,3 тыс. км.

Парк подвижного состава:
грузовые локомотивы – 19 636;
грузовые вагоны всех типов – 624 095;
пассажирские локомотивы – 2 539;
пассажирские вагоны дальнего следования – 26 245;
пассажирские вагоны пригородных поездов – 15 340.",3161,более 5000,,,https://public.superjob.ru/images/clients_logos.ru/2466656_2a04a6e1bf62bb537f347ba6a662e0ae.jpg,False
2727860,ТД ЗОЛОТАЯ РУСЬ,https://www.superjob.ru/clients/td-zolotaya-rus-2727860/vacancies.html,Розничная торговля ювелирными украшениями.,1,500 — 1000,,,https://public.superjob.ru/images/clients_logos.ru/2727860_58af66d859bef50dfd6d39312a180924.jpg,False
3440179,Росжелдорпроект,https://www.superjob.ru/clients/roszheldorproekt-3440179/vacancies.html,"АО «Росжелдорпроект» — крупнейшая российская компания, выполняющая проектно-изыскательские работы для строительства, капитального ремонта и реконструкции объектов железнодорожной, промышленной, социально-культурной, жилищной сферы и коммерческой недвижимости.

Наши институты готовы выполнить изыскательские и проектные работы в любых геолого-климатических условиях, районах распространения специфических грунтов, развития опасных природных процессов, сейсмической активности. Ведется постоянный поиск наиболее оптимальных решений с индивидуальным подходом к каждому объекту. Коллектив АО «Росжелдорпроект» насчитывает более 6,5 тысяч сотрудников, среди которых высококвалифицированные профессионалы различных областей проектно-изыскательской деятельности.

Мы уделяем большое внимание сохранению квалифицированного и профессионального кадрового состава, занимаемся привлечением и развитием молодых специалистов, предоставляем возможности для каждого сотрудника реализовать свои профессиональные знания, индивидуальные способности и навыки.",0,1000 — 5000,,,,False
4236166,"АНО ДПО ""АДПО""",https://www.superjob.ru/clients/ano-dpo-adpo-4236166/vacancies.html,"Академия дополнительного профессионального образования является старейшим учебным заведением России – создано в 1949 году как ведомственный Учебный комбинат (центр), которому было поручено заниматься подготовкой кадров для народного хозяйства, а в дальнейшем – созданием в стране школьных Учебно-производственных комбинатов (УПК).

В настоящее время Академия является некоммерческой организацией, имущество которой является общественной собственностью. С момента своего основания здесь уделяется серьезное внимание профориентационной работе со школьниками и подготовке их к осознанному выбору профессии, обращая особенное внимание на получение социально значимой и востребованной в обществе рабочей профессии без отрыва от занятий в общеобразовательной школе. Для успешного освоения программ по выбранному направлению обучения школьникам предлагаются дополнительные развивающие программы по профильным предметам школьной подготовки.",2,менее 50,,,,False
289488,Союзцветметавтоматика им. Топчаева В. П.,https://www.superjob.ru/clients/soyuzcvetmetavtomatika-im-topchaeva-v-p-289488/vacancies.html,"Разработка, изготовление и поставка уникальных приборов и систем автоматизации промышленным предприятиям металлургической, химической и других отраслей промышленности. Научные изыскания.
Выполнение сложных проектных работ по ТЗ Заказчика.
Монтаж и наладка приборов и систем автоматизации на промышленных объектах у Заказчика.
Номенклатура и оказываемые услуги на сайте: www.scma.ru.",5,100 — 500,,,https://public.superjob.ru/images/clients_logos.ru/289488_7967f4515c5e0b3a79208e123d8c36b4.jpg,False
4941795,RT,https://www.superjob.ru/clients/rt-4941795/vacancies.html,"Компания RT — информационный телеканал.

Ежедневно и круглосуточно — самые важные новости политики, экономики, общественной жизни.

Репортажи телеканала цитируют СМИ, эксклюзивные кадры телеканала регулярно появляются на экранах крупнейших российских и мировых вещательных компаний.

В числе неоспоримых достижений телеканала — оперативные и качественные прямые трансляции с мест важнейших событий, эксклюзивные интервью с высокопоставленными лицами, ведущими экономистами и политиками, известными деятелями культуры, искусства, спорта.",9,1000 — 5000,,,https://public.superjob.ru/images/clients_logos.ru/4941795_ce47b8b53f7f471352cc8aad500e0e22.jpg,False
24172,Ростелеком,https://www.superjob.ru/clients/rostelekom-24172/vacancies.html,"<p>ПАО «Ростелеком» — крупнейший в России интегрированный провайдер цифровых услуг и решений, который присутствует во всех сегментах рынка и обслуживает миллионы домохозяйств, государственных и частных организаций.</p><p></p><p>Компания занимает лидирующие позиции на рынке услуг:<br>- высокоскоростного доступа в интернет (первое место с 13 млн клиентов, подключенных по оптическим линиям);<br>- мобильной связи (входит в топ-3 мобильных операторов страны с 49 млн абонентов);<br>- платного телевидения (первое место с 11,7 млн домохозяйств).<br>Совместно с партнерами «Ростелеком» развивает онлайн-кинотеатр Wink, который занимает второе место среди крупнейших видеосервисов России по количеству платящих подписчиков.</p><p></p><p>Компания выступает ключевым технологическим партнером в реализации приоритетного национального проекта «Экономика данных и цифровая трансформация государства», занимаясь разработкой цифровых государственных сервисов, развитием и эксплуатацией важнейших государственных информационных систем и платформ.</p><p></p><p>«Ростелеком» — признанный лидер в таких областях, как кибербезопасность, дата-центры и облачные сервисы, а также цифровизация регионов, промышленности, АПК, здравоохранения, образования и других направлений. Компания последовательно работает над обеспечением технологического суверенитета, развивает собственное производство телеком-оборудования и разработку ПО, которые включены в отечественные реестры. Более 60 коммерческих ИТ-решений компании лидируют в своих рыночных сегментах.</p>",71,более 5000,,,https://public.superjob.ru/images/clients_logos.ru/24172_251265ccee6216688574c52e945df79e.jpg,False
267737,ТЕЛЕКАРТА,https://www.superjob.ru/clients/telekarta-267737/vacancies.html,"Компания «Телекарта» - крупнейший оператор спутникового ТВ в России!

ТЕЛЕКАРТА — самое доступное лучшее спутниковое телевидение России!

Лауреат премии «Народная марка -2015» в категории «Лучшее спутниковое телевидение»

Центральный офис – г. Москва.

26 региональных представительств по всей России и два международных проекта.

Открытие собственного контактного центра «Орион коннект» в г. Пенза!

Сделай первый шаг в светлое будущее и откликнись на вакансию.
Мы ищем активных, общительных, и желающих хорошо зарабатывать для работы с действующими абонентами компании (продажа доп. услуг, перевод на дорогие тарифные планы и др.)",2,100 — 500,,,https://public.superjob.ru/images/clients_logos.ru/267737_ef5e745fdd681c69786ac996becbf26d.png,False
4901219,LiveGames,https://www.superjob.ru/clients/livegames-4901219/vacancies.html,"LiveGames  - российский игровой портал,  работающий с 2001-го г. Основным видом деятельности компании является разработка и эксплуатация собственных web-проектов и мобильных приложений. Мы создаем проекты от первичной идеи и до запуска в эксплуатацию.",1,менее 50,,,https://public.superjob.ru/images/clients_logos.ru/4901219_6e39075dc37f6fd488d9f8c1f3d85fa3.png,False
400494,"КуулКлевер (МясновЪ, Отдохни)",https://www.superjob.ru/clients/kuulklever-myasnov-otdohni-400494/vacancies.html,"КуулКлевер сегодня – это динамично развивающаяся федеральная компания.

Наши направления:

- Сеть магазинов здорового питания - КуулКлевер.
- 7 производственных площадок (Завод МясновЪ; Производство итальянской пиццы; Пекарня; Кондитерское производство; Молочный завод; Фабрика кулинарии готовых и натуральных блюд; Дзержинский мясокомбинат)
- Собственная транспортная и складская логистика;
- Внешнеэкономическая деятельность;
- Сеть европейских ресторанов «Кухня Полли»;
В офисах КууКлевер разрабатываются уникальные подходы и инновационные технологии, двигающие бизнес вперед.

У нас много новых и интересных задач:

- Расширение ассортимента;
- Разработка новых IT решений;
- Использование современных маркетинговых инструментов продвижения;
- Реализация масштабных производственных проектов;
- Развитие нового формата европейских ресторанов ""Кухня Полли"";
И многое другое, ведь мы не ограничиваем свое желание идти в ногу со временем.

Присоединившись к команде КуулКЛЕВЕР, вы сможете:

- Наращивать компетенции в значимых для бизнеса проектах в составе профессионалов высокого уровня!
- Получать отличные возможности для самореализации!
- Влиять на уровень своего дохода!
- Отличную возможность профессионального и карьерного развития!",304,более 5000,,,,False
3776618,Иркутская районная больница,https://www.superjob.ru/clients/irkutskaya-rajonnaya-bolnica-3776618/vacancies.html,Медицинская деятельность.,17,менее 50,,,,False
4902137,МФЦ,https://www.superjob.ru/clients/mfc-4902137/vacancies.html,"Многофункциональный центр предоставления государственных и муниципальных услуг Удмуртской Республики (далее - МФЦ) - государственное учреждение, осуществляющее функции по взаимодействию с органами государственной власти, органами местного самоуправления и организациями, участвующими в предоставлении государственных (муниципальных) услуг, информированию граждан и организаций, приему и выдаче документов, обработке персональных данных, связанных с предоставлением указанных услуг.",4,100 — 500,,,https://public.superjob.ru/images/clients_logos.ru/4902137_49c413bb34e5af11b93cde0da9158e04.jpg,False
2985494,"Акционерное общество ""Судостроительный завод ""Море""",https://www.superjob.ru/clients/akcionernoe-obschestvo-sudostroitelnyj-zavod-more-2985494/vacancies.html,"Акционерное общество «Судостроительный завод «Море» – верфь с 80-летним опытом работы в области коммерческого и военного судостроения. C момента основания предприятием было построено более 1000 судов и кораблей различного назначения, около 6000 спасательных шлюпок и множество других конструкций различного назначения.
Продукция, выпущенная заводом, была востребована в более чем 25-ти странах мира.
Сфера деятельности Завода охватывает весь спектр судостроительных работ:
» проектирование;
» строительство;
» модернизация;
» техническое обслуживание судов.
Завод является пионером в области строительства быстроходных судов и кораблей с динамическими принципами поддержания: судов на подводных крыльях, на воздушной подушке, на воздушной каверне, глиссирующих, прогулочных яхт и катеров с корпусами из алюминиево-магниевых сплавов.
Высокий технический и производственный потенциал, высококвалифицированные специалисты, удобное географическое положение и незамерзающая акватория – все это позволяет предприятию развиваться и реализовывать сложные заказы, характеризуемые высокими скоростными характеристиками, качеством постройки, отвечающие сложным пожеланиям Заказчика.",12,500 — 1000,,,,False
14215,Почта России,https://www.superjob.ru/clients/pochta-rossii-14215/vacancies.html,"Почта России сейчас — это важная часть социальной инфраструктуры России. Мы объединяем людей на протяжении веков. И доставляем не только письма или посылки, но и пенсии, пособия и другие важные документы по всей стране.

Наши сотрудники — главная ценность компании. Их преданность, труд и профессионализм позволяют нам достигать высоких результатов и помогать миллионам людей. Мы гордимся нашей командой и верим, что вместе мы сможем добиться большего.",1376,более 5000,,,https://public.superjob.ru/images/clients_logos.ru/14215_0f35ee44077c8135a375ead93c8e4404.png,False
2159722,УГИБДД УМВД России по Астраханской области,https://www.superjob.ru/clients/ugibdd-umvd-rossii-po-astrahanskoj-oblasti-2159722/vacancies.html,Обеспечение безопасности дорожного движения.,0,менее 50,,,,False
4469038,"""ЦЗИ ""Флагман""",https://www.superjob.ru/clients/czi-flagman-4469038/vacancies.html,Информационная безопасность.,1,100 — 500,,,https://public.superjob.ru/images/clients_logos.ru/4469038_e8d2966a8c36417ee9127843a7d0ccb4.png,False
4935016,Duolingo,https://www.superjob.ru/clients/duolingo-4935016/vacancies.html,"Наша миссия - создавать лучшие в мире образовательные технологии и делать их доступными для каждого. Это амбициозная цель, и именно вам мы предлагаем стать ее частью!

Став членом нашей команды, вы:

Будете решать реальные проблемы: Ваша работа будет иметь значение для 500 миллионов пользователей по всему миру (и это число продолжает расти!).
Сможете экспериментировать и внедрять инновации: Мы поощряем смелые идеи, проверяем их на практике и принимаем решения, основанные на данных.
Будете расти в окружении лучших: Вы получите неограниченные возможности для обучения и ежедневного сотрудничества с ведущими специалистами мирового уровня.
Присоединяйтесь к нам, чтобы вместе менять мир к лучшему через образование.",7,менее 50,,,,False
4961578,Чалый Роман Юрьевич,https://www.superjob.ru/clients/chalyj-roman-yurevich-4961578/vacancies.html,Деятельность площадок.,1,менее 50,,,https://public.superjob.ru/images/clients_logos.ru/4961578_a96febd662a5267fcee11618d73cd8ff.jpg,False
4419950,ДИБОРЭКСПОРТ,https://www.superjob.ru/clients/diboreksport-4419950/vacancies.html,"Производство ООО «ДиборЭкспорт» включает выпуск посевной и почвообрабатывающей техники, среди которых: комплекс из сеялок-культиваторов зернотуковых, загрузчики сеялок, сцепки бороновальные гидрофицированные, бороны цепные Двуреченского, культиваторы плоскорезы и чизельные плуги, агрегаты для внесения удобрений. Ежедневно конструкторами ведется работа над увеличением ресурса работы орудий, проектируются новые виды техники.",3,100 — 500,,,,False
2635306,Пятёрочка,https://www.superjob.ru/clients/pyatjorochka-2635306/vacancies.html,"«Пятёрочка» — это команда из 260 000 человек от Калининграда до Владивостока. Вместе мы создаём крупнейшую российскую сеть магазинов «у дома». Первый универсам «Пятёрочка» был открыт в 1999 году в Санкт-Петербурге. Сегодня наша торговая сеть объединяет более 19000 магазинов, 37 распределительных центров и 9000 офисных сотрудников.

Почему сотрудники выбирают «Пятёрочку»?

Масштаб и надёжность. «Пятёрочка» - крупный федеральный ритейлер, который создаёт тренды, меняющие сферу розничной торговли. Компания реализует множество социальных и экологических инициатив, поддерживает местные сообщества.

Забота о сотрудниках. Белая заработная плата и понятная схема премирования, корпоративные скидки в магазинах торговой сети, подарки для детей сотрудников к Новому году и Дню знаний, поддержка сотрудников в тяжелых жизненных обстоятельствах, телемедицина с узкими специалистами и психологом. Выбирайте удобный график: можно работать неполный день или неполную неделю, чтобы проводить больше времени с семьёй, заниматься любимым хобби или успевать на учёбу.

Возможности для карьерного роста. «Пятёрочка» предоставляет своим сотрудникам широкие возможности для обучения и развития: 80% директоров магазинов выросли в компании, около трети руководителей распределительных центров начинали свой карьерный путь со стартовых должностей.

Культура партнёрства и свобода принятия решений. Торговая сеть предоставляет сотрудникам инструменты и полномочия для того, чтобы они могли влиять на бизнес-результаты, решая при этом свои профессиональные и карьерные цели. Флагманом этого направления является проект «Директор магазина-партнёр».

Сильная корпоративная культура. В компании существует широкая система корпоративных наград за профессиональные достижения и следование ценностям компании, регулярно проводятся внутренние конкурсы и мероприятия для сотрудников и их детей, действует волонтёрское движение «""Пятёрочка"" рядом».",45368,более 5000,,,https://public.superjob.ru/images/clients_logos.ru/2635306_8f0814d102f5e2ca753e6acc0d683332.png,False
4960450,"""ПКФ ""Аметист+""",https://www.superjob.ru/clients/pkf-ametist-4960450/vacancies.html,Производство специальных жидкостей для автомобилей.,1,менее 50,,,,False
4535808,ХАБАРОВСКАЯ РЕМОНТНО-МОНТАЖНАЯ КОМПАНИЯ,https://www.superjob.ru/clients/habarovskaya-remontno-montazhnaya-kompaniya-4535808/vacancies.html,"В настоящее время АО «ХРМК» выполняет комплексные работы по строительству новых и ремонту действующих электростанций, а также объектов газового хозяйства на Дальнем Востоке. В рамках деятельности Общества осуществляется эксплуатация систем водоснабжения, водоотведения, вентиляции, электроснабжения и теплоснабжения. Немаловажным направлением работы является реализация мер по обеспечению безопасного функционирования объектов топливно-энергетического комплекса, в том числе внедрение мероприятий по совершенствованию технологий ремонтного производства за счет развития компетенций сотрудников и расширения технических процессов.

Особенностью Общества является территориальный охват работы. Филиалы расположены в основных территориальных центрах Дальнего Востока – Хабаровск, Владивосток, Нерюнгри на обслуживаемых энергетических объектах РусГидро.",44,1000 — 5000,,,,False
139568,КРОК,https://www.superjob.ru/clients/krok-139568/vacancies.html,"КРОК — российская ИТ-компания, цифровой бизнес-партнер для сотен организаций.

Мы помогаем клиентам эффективно работать на быстро меняющихся рынках, предоставляя полный портфель ИТ услуг в области системной интеграции, консалтинга, тиражируемых продуктов, управляемых B2B-сервисов, больших данных.

В КРОК работает 2500 сотрудников, и в год мы реализуем более 2000 проектов. Уже 30 лет мы движемся вперед, опережая тренды, и реализуем проекты, которые задают тон индустрии: от крупнейшего ЦОДа в стране до VR модели Эрмитажа.",3,1000 — 5000,,,https://public.superjob.ru/images/clients_logos.ru/139568_222820aad73c38d761a08fbb285b9c70.png,False
4961470,ПСМ,https://www.superjob.ru/clients/psm-4961470/vacancies.html,"Корпорация, целью которой является оптимизация и структурирование бизнес-процессов компаний, решение проблем и поставленных задач наших партнёров.",452,менее 50,,,,False
4821130,«НМИЦ ДГОИ им. Дмитрия Рогачева» Минздрава России,https://www.superjob.ru/clients/nmic-dgoi-im-dmitriya-rogacheva-minzdrava-rossii-4821130/vacancies.html,Детская онкологическая больница.,38,1000 — 5000,,,,False
3512555,Фабрика АХМАД ТИ,https://www.superjob.ru/clients/fabrika-ahmad-ti-3512555/vacancies.html,"Более 20 лет на территории России единственная фабрика по производству эксклюзивного чая Ahmad Tea представляет российским потребителям возможность познакомиться с этим прекрасным английским чаем.

Продукция компании Ahmad Tea Ltd. соответствует сертификату ISO 9001:2000, являющимся признанным в мире, который подтверждает высочайшее качество всех этапов производства и бизнес процессов.

Неизменно высокое качество Ahmad Tea и активная рекламная поддержка обеспечивают спрос и популярность марки во всероссийском масштабе.

Работать у нас-это престижно!

Мы гарантируем:

• Официальное трудоустройство в соответствие с ТК РФ.

• ДМС после прохождения испытательного срока

• Возможности обучения (тренинги, семинары, производственное обучение)

• Реальная возможность быстрого карьерного роста

• Бесплатная спецодежда

• Парковка для сотрудников

• Молодой и дружный коллектив",2,100 — 500,,,https://public.superjob.ru/images/clients_logos.ru/3512555_dc07a3be7c1b1cbb2c6f8874a18f5d30.jpg,False
178200,Т Плюс,https://www.superjob.ru/clients/t-plyus-178200/vacancies.html,"Группа «Т Плюс» — крупнейшая российская частная компания, работающая в сфере электроэнергетики и теплоснабжения.

Группе «Т Плюс» принадлежит более 6% установленной мощности электростанций России.

Группа «Т Плюс» — лидер на рынке теплоснабжения страны с долей около 8%.

Компания обеспечивает стабильное и бесперебойное энергоснабжение в 16 регионах России. Клиентами компании являются более 14 млн физических лиц и более 160 тысяч юридических лиц.

В Группе «Т Плюс» сложилась уникальная корпоративная культура, и мы считаем ее одним из важнейших элементов системы успешного развития бизнеса. Главный фактор успеха Т Плюс — профессиональная стабильная команда, в которой каждый сотрудник является носителем ценностей компании. Приверженность ценностям является необходимым условием и единственной гарантией карьерного роста и продвижения.

Профессионализм каждого. Т Плюс— это сплоченная команда высокопрофессиональных специалистов. Мы уделяем особое внимание развитию отраслевых и управленческих компетенций сотрудников, развитию талантов, применяем в своей работе лучшие практики. Мы храним и передаем следующим поколениям энергетиков отраслевые традиции и любовь к профессии. Мы гордимся достижениями Т Плюс и своим личным вкладом в эти достижения.

Доверие и сотрудничество. В коллективе компания приветствует прямые и порядочные отношения. Мы нацелены на диалог и открытое обсуждение проблем, строим отношения с коллегами на основе доверия и взаимопомощи, поступаем в соответствии с ценностями Т Плюс.

Заказчик. Наша работа направлена на качественное и надежное обеспечение заказчиков теплом и энергией. Мы ориентируемся на интересы заказчиков и создаем продукты и сервисы, максимально отвечающие их задачам и требованиям. Исполняя свои обязательства перед заказчиками, мы нацелены на построение такого же отношения к Т Плюс.

Энергия и результат. Развивая бизнес, мы постоянно совершенствуемся, не останавливаемся на достигнутом, ставим перед собой новые амбициозные задачи. Мы делаем все возможное для достижения наилучшего результата, действуем быстро и энергично, отвечаем за свои слова и действия.",70,1000 — 5000,,,,False
441150,"СПб ГУП ""Горэлектротранс""",https://www.superjob.ru/clients/spb-gup-gorelektrotrans-441150/vacancies.html,"<div><p><b>«Горэлектротранс» </b>— крупнейшее государственное предприятие в Петербурге, эксклюзивный городской перевозчик наземным электрическим транспортом. Его работу ежедневно обеспечивают более <b>10 тысяч сотрудников.</b></p><p>Нас радует, что ряды профессионалов отрасли все чаще пополняют <b>молодые</b>, <b>талантливые</b>, <b>творческие </b>и <b>перспективные </b>специалисты. А значит и впредь, благодаря нашим людям – петербургским, петроградским, ленинградским транспортникам – мы будем <b>гордиться </b>своей историей и уверенно смотреть в завтрашний день.</p><p></p></div><div><p></p><p>Мы предоставляем:</p><div><div><div></div><div><ul><li><b>Компенсация</b> аренды жилья для иногородних</li><li>Активная молодежная политика, <b>спортивные </b>и <b>культурные</b> мероприятия</li><li>Меры <b>материальной </b>поддержки и <b>адаптации </b>для молодых специалистов (доплаты и компенсации)</li><li><b>Стабильные</b> выплаты заработной платы</li><li>Ежегодный оплачиваемый отпуск</li><li><b>Медицинское</b> обслуживание для сотрудников и<b> санаторно-курортное </b>лечение</li><li>Коллективный договор и <b>профсоюз</b></li><li>Выплаты материальной помощи в различных жизненных ситуациях</li><li><b>Доплаты </b>за выслугу лет к заработной плате (от 1 года работы)</li><li>Возможность вступить в кадровый резерв предприятия и получить <b>высшее образование</b> за <b>счет предприятия </b>(У предприятия заключены соглашения о сотрудничестве с учебными заведениями высшего и среднего профессионального образования)</li></ul></div><div><li>Льготные <b>путевки</b> в ДОЛ «Зарница»<b> для детей </b>сотрудников</li></div></div><div><div></div></div><div><div></div></div><div><div></div></div><div><div></div></div><div><div></div></div><div><div></div></div><div><div></div></div><div><div></div></div><div><div></div></div><div><div><div><div></div></div></div></div></div></div>",123,более 5000,,,https://public.superjob.ru/images/clients_logos.ru/441150_501323b3e5d6c675b57020f06ce75344.jpg,False
1996534,Группа Полюс,https://www.superjob.ru/clients/gruppa-polyus-1996534/vacancies.html,"<div>Группа Полюс — крупнейший производитель золота в России и одна из ведущих мировых золотодобывающих компаний по объему добычи.</div><div><br></div><div>Основные предприятия Компании расположены в богатейших золотодобывающих регионах Восточной Сибири и Дальнего Востока России, и включают 5 действующих рудников, золотоносные россыпи и ряд проектов в стадии строительства и развития.</div><div><br></div><div>Предприятия Группы Полюс:</div><div>• АО ""Полюс Красноярск""</div><div>• АО ""Полюс Магадан""</div><div>• АО ""Полюс Вернинское""</div><div>• АО ""Полюс Алдан""</div><div>• ООО ""Полюс Сухой Лог""</div><div>• АО ""Полюс Логистика""</div><div>• ООО ""Полюс Строй""</div><div>• ООО ""Полюс Проект""</div><div>• ООО ""МФЦ Полюс""</div><div>• ЗАО ""Витимэнерго""</div><div>• АО ""Мамаканская ГЭС""</div><div>• АО ""Витимэнергосбыт""</div><div>• ООО ""Полюс Диджитал""</div><div>• ООО ""Удинск Золото""</div><div>• ООО ""Полюс Резерв""</div><div><br></div><div>Широкая география деятельности Компании, масштабы и сложность реализуемых проектов дают прекрасные возможности для профессионального и карьерного роста!</div><div><br></div><div>«Полюс» — ЭТАЛОН ЗОЛОТОДОБЫЧИ</div><div>Добывая золото, мы обеспечиваем богатство и технологический прогресс нашей страны. Мы нацелены делать это максимально эффективно и бережливо, на благо акционеров, с заботой о безопасности труда и сохранности окружающей среды. Результат нашего труда — это универсальная мера ценности, проверенная тысячелетиями.</div>",656,более 5000,,,https://public.superjob.ru/images/clients_logos.ru/1996534_e5d001ba80a3688d5e19ecdd43c43bd3.png,False
2720788,Международный аэропорт Внуково,https://www.superjob.ru/clients/mezhdunarodnyj-aeroport-vnukovo-2720788/vacancies.html,"Международный аэропорт Внуково — старейшее авиапредприятие московского авиационного узла, пережившее великие события, неразрывно связанные как с историей нашей страны, так и с историей отечественной гражданской авиации. Внуково имеет особый статус — более шестидесяти лет аэропорт осуществляет обслуживание рейсов воздушных судов высших должностных лиц страны, глав иностранных государств и правительств, прибывающих в Россию.

Общий пассажиропоток аэропорта в 2018 году 21,5 млн. пассажиров. Маршрутная сеть аэропорта Внуково охватывает всю территорию России, а также страны ближнего зарубежья, Европы, Америки, Азии и Африки. Ежегодно в аэропорту обслуживается свыше 200 тысяч рейсов российских и зарубежных авиакомпаний.",47,1000 — 5000,,,https://public.superjob.ru/images/clients_logos.ru/2720788_91a901394566eec64a501f99ece9283b.jpg,False
4230892,Акционерное общество «Государственное машиностроительное конструкторское бюро «Вымпел» им. И. И. Торопова»,https://www.superjob.ru/clients/akcionernoe-obschestvo-gosudarstvennoe-mashinostroitelnoe-konstruktorskoe-byuro-vympel-im-i-i-toropova-4230892/vacancies.html,"Aкционерное общество ""Государственное машиностроительное конструкторское бюро ""Вымпел"" им. И. И. Торопова – ведущее конструкторское бюро в России по разработке авиационного вооружения в т. ч.: управляемых ракет класса ""воздух - воздух"" различного назначения; управляемых ракет класса ""воздух - поверхность"", управляемых ракет для сухопутных и морских зенитных комплексов и мишеней на их базе; пусковых и катапультных устройств для авиационных управляемых ракет; балочных и кассетных держателей для подвески бомб и торпед; гондол и блоков для стрелкового оружия и неуправляемых реактивных снарядов; устройств постановки пассивных помех для защиты самолетов и вертолетов; замковых грузоподъемных устройств, для самолетов и вертолетов. Авиационное вооружение разработки Гос МКБ ""Вымпел"" применяется на всемирно известных боевых самолетах и вертолетах с маркой МиГ, Су, Як, Ту, Ил, Бе, Ми, Ка и эксплуатируется в России, странах СНГ и многих странах мира. Предприятием разработаны и введены в эксплуатацию свыше 200 образцов военной техники и их модификаций, создан научно-технический задел для создания новых перспективных образцов. На предприятии трудится квалифицированный научно-технический персонал, в том числе 4 доктора технических наук, свыше 30 кандидатов технических наук. Через государственного посредника ФГУП ""Рособоронэкспорт"" предприятие активно участвует в военно-техническом сотрудничестве с иностранными государствами.

Более 50 образцов продукции военного назначения Гос МКБ ""Вымпел"", в т. ч., известных во всем мире ракет ""воздух - воздух"" Р-60, Р-73Э, РВВ-АЕ, Р-27Т (Р, П), ""воздух-поверхность"" Х-29Т (ТЕ, Л), и ""поверхность-воздух"" 3М9 эксплуатируются в более чем в 30 странах мира.

Основными направлениями в области военно-технического сотрудничества с иностранными государствами являются:

поставка инозаказчику продукции военного назначения;

выполнение опытно-конструкторских работ по тематике предприятия в интересах инозаказчика;

выполнение работ по продлению назначенных сроков службы ранее поставленной инозаказчику продукции военного назначения;

выполнение работ по техническому (сервисному) обслуживанию службы ранее поставленной инозаказчику продукции военного назначения;

участие в международных аэрокосмических выставках в России, Франции, Англии, Германии, Австрии, ОАЭ, Индии, Китае, Малайзии, Сингапуре, ЮАР, Чили и других странах.

В КБ создан ряд изделий гражданского назначения с использованием технологий оборонной тематики, в том числе, аэродромное оборудование, буровые установки, аварийно-спасательные пиротехнические ножницы, малогабаритные датчики, мобильная медицинская лаборатория, медицинские микротермоконтейнеры, нагревательные приборы; светильники с использованием старинного дизайна, пористо-сетчатые фильтры для газовых систем различного пользования.",7,500 — 1000,,,https://public.superjob.ru/images/clients_logos.ru/4230892_b36afa111e88ec4643a2ec9664b2e32a.jpg,False
692390,Центр Новых Технологий,https://www.superjob.ru/clients/centr-novyh-tehnologij-692390/vacancies.html,"Группа компаний: Центр Новых Технологий,
Российский разработчик – лидер рынка радиосвязи

БОЛЕЕ 20 ЛЕТ ИНТЕНСИВНОГО РАЗВИТИЯ НА РЫНКЕ РАДИОСВЯЗИ!
МЫ ТАМ, ГДЕ НУЖНА СВЯЗЬ!",7,менее 50,,,https://public.superjob.ru/images/clients_logos.ru/692390_a2f3e98ddd004c4efc707aa750abcdc5.jpg,False
282394,ИнСис,https://www.superjob.ru/clients/insis-282394/vacancies.html,"Разработка и производство высокопроизводительных модулей ЦОС, высокоскоростных модулей ввода/вывода аналоговых сигналов, систем на их основе, поддержанных развитыми программными средствами.",1,50 — 100,,,,False
4253438,"Шахтоуправление ""Майское""",https://www.superjob.ru/clients/shahtoupravlenie-majskoe-4253438/vacancies.html,Добыча угля открытым способом.,167,менее 50,,,,False
397825,Юго-Западная ТЭЦ,https://www.superjob.ru/clients/yugo-zapadnaya-tec-397825/vacancies.html,"Строительство тепловых и электрических станций, ввод в эксплуатацию, производство тепловой и электрической энергии. Численность около 300 человек.",16,100 — 500,,,https://public.superjob.ru/images/clients_logos.ru/397825_3f8f608cad4bdb5698b21d7ce2402004.jpg,False
4809124,Федеральное государственное бюджетное учреждение науки Ботанический институт им. В. Л. Комарова Российской академии наук,https://www.superjob.ru/clients/federalnoe-gosudarstvennoe-byudzhetnoe-uchrezhdenie-nauki-botanicheskij-institut-im-v-l-komarova-rossijskoj-akademii-nauk-4809124/vacancies.html,Научная деятельность,2,100 — 500,,,,False
4940742,УЭЗ ФС РФ,https://www.superjob.ru/clients/uez-fs-rf-4940742/vacancies.html,Эксплуатация электрохозяйства зданий.,3,менее 50,,,,False
3940185,ЦЭНКИ,https://www.superjob.ru/clients/cenki-3940185/vacancies.html,"АО «Центр эксплуатации объектов наземной космической инфраструктуры» (АО «ЦЭНКИ») является одним из крупнейших предприятий ракетно-космической отрасли России.

Космодром «Восточный» - новая страница в истории Российской космонавтики. На первом гражданском космодроме России, АО «ЦЭНКИ» выступает в роли эксплуатирующей организации и генерального подрядчика по строительству ряда объектов.",72,1000 — 5000,,,https://public.superjob.ru/images/clients_logos.ru/3940185_632855b2e390a2f9ed6cd71c9bf6af00.jpg,False
4748161,ФКУ ЦОКР,https://www.superjob.ru/clients/fku-cokr-4748161/vacancies.html,Обеспечение функционирования Казначейства России,2,100 — 500,,,,False
3629294,Завод Метеор,https://www.superjob.ru/clients/zavod-meteor-3629294/vacancies.html,"АО «Завод «Метеор» - ведущее предприятие российской радиоэлектронной промышленности. Завод был создан 17.07.1959 для обеспечения потребности всех отраслей промышленности пьезоэлектрическими кварцевыми приборами.
Завод был первым в стране по крупно-серийному производству данной продукции. Специализируется на разработке и производстве кварцевых резонаторов, генераторов и фильтров. Продукция «Метеор» используется производителями современных Российских систем радиосвязи, навигации, авионики и радиолокации, входит в состав ракет, спутников и космических станций, пилотируемых и беспилотных летательных аппаратов, систем ПВО, навигационной аппаратуры ГЛОНАСС, аппаратуры, обеспечивающей безопасность воздушного, железнодорожного и водного транспорта, всех типов и видов связи, геодезического оборудования и многого другого.",94,500 — 1000,,,https://public.superjob.ru/images/clients_logos.ru/3629294_883d8f9310e350d86a3306a0de895cfb.png,False
3037705,ГАУГН,https://www.superjob.ru/clients/gaugn-3037705/vacancies.html,Государственный академический университет гуманитарных наук осуществляет свою деятельность на базе гуманитарных научно‑исследовательских институтов Российской академии наук с 1994 г.,1,500 — 1000,,,https://public.superjob.ru/images/clients_logos.ru/3037705_2d428b3124d33c738243a272516ebafb.png,False
3462139,Омникомм ДВ,https://www.superjob.ru/clients/omnikomm-dv-3462139/vacancies.html,"ООО «Омникомм ДВ» - авторизованный дилер крупнейшего российского производителя систем мониторинга транспорта – Omnicomm (Омникомм). Компания оказывает услуги по подбору, монтажу и техническому обслуживанию навигационных терминалов, датчиков уровня топлива и ПО Omnicomm Online. Сервисные центры компании расположены в таких городах, как Хабаровск, Комсомольск-на-Амуре, Южно-Сахалинск, Алдан, Иркутск и Благовещенск. Организация имеет лицензию ФСБ и сертификаты для работы в качестве тахографической мастерской.",6,менее 50,,,,False
4844568,БИФИЛАЙФ,https://www.superjob.ru/clients/bifilajf-4844568/vacancies.html,"Компания ООО ""Бифилайф"" является российской компанией, владельцем и исключительным поставщиком биомассы для кисломолочных продуктов лечебно-профилактического назначения серии ""Бифилайф"". Продукты серии ""Бифилайф"" уникальны по содержанию не одного, а пяти видов бифидобактерий - их полного видового состава, присущего здоровому человеку.
Основу компании составляют два ведущих подразделения:
• отдел биотехнологий;
• отдел маркетинга и продаж.
Специалисты этих отделов готовы решить любой вопрос, возникающий в процессе организации производства продуктов ""Бифилайф"" на всей территории Российской Федерации и СНГ.
Компания строит свои отношения с молочными заводами на следующих принципах:
1. Честность;
2. Точность;
3. Открытость;
4. Взаимовыгодность;
5. Долговременность отношений;
6. Ответственность.
Формой закрепления данных отношений является Договор поставки, который и подписывается с каждым клиентом компании.
Опыт работы в 89 регионах России показывает, что производство продуктов ""БИФИЛАЙФ"" существенно помогает производителям расти в экономическом, технологическом, социально-политическом и научно-техническом плане. Являясь по форме продуктами питания, они по сути своей являются лечебно-профилактическими препаратами, что обеспечивает стабильный спрос на продукты при высокой норме рентабельности. Таким образом, производство продуктов ""Бифилайф"" обеспечивает получение стабильной прибыли в сочетании с заботой о здоровье земляков.",1,менее 50,,,https://public.superjob.ru/images/clients_logos.ru/4844568_3f9aa60ab406b27221143273280b8d3f.png,False
2531979,Башнефть-Розница,https://www.superjob.ru/clients/bashneft-roznica-2531979/vacancies.html,"ПАО АНК «Башнефть» — динамично развивающаяся вертикально-интегрированная нефтяная компания, сформированная на базе крупнейших предприятий ТЭК Республики Башкортостан. Компания входит в топ-10 предприятий России по объему добычи нефти и в топ-5 — по нефтепереработке.

Розничная сеть Компании насчитывает 544 собственные АЗС, расположенные в 15 регионах России.

На автозаправочных станциях сети «Башнефть» клиентам предлагается высококачественное топливо, а также широкий спектр сопутствующих товаров и дополнительных сервисов: кафе, магазины.",2502,более 5000,,,https://public.superjob.ru/images/clients_logos.ru/2531979_6c2bc7a5548d20b5b773b02c05d8bfb0.png,False
4743716,ЛИВЭН МОТОРС РУС,https://www.superjob.ru/clients/liven-motors-rus-4743716/vacancies.html,Оптовая продажа автомобилей и запчастей.,1,менее 50,,,,False
4942669,Росатом,https://www.superjob.ru/clients/rosatom-4942669/vacancies.html,"Российская государственная корпорация, объединяющая активы в энергетике, машиностроении, строительстве и других отраслях.",3,менее 50,,,,False
3382148,СПБ ГБПОУ КОЛЛЕДЖ АВТОМАТИЗАЦИИ ПРОИЗВОДСТВА,https://www.superjob.ru/clients/spb-gbpou-kolledzh-avtomatizacii-proizvodstva-3382148/vacancies.html,"Колледж автоматизации производства – ведущий многопрофильный колледж Санкт-Петербурга, обеспечивающий высокое качество подготовки высококвалифицированных кадров в области логистики, землеустройства, бухгалтерского учета, финансов и документоведения.

Колледж является одним из самых престижных учреждений среднего профессионального образования в Санкт-Петербурге.

Получив диплом колледжа, наши выпускники успешно трудоустраиваются по выбранной специальности.

У Колледжа три учебные площадки- 1 - на Севере города и 2 в центре города",16,100 — 500,,,,False
4502734,БСП,https://www.superjob.ru/clients/bsp-4502734/vacancies.html,Строительство,1,менее 50,,,,False
289082,Территориальная генерирующая компания №1,https://www.superjob.ru/clients/territorialnaya-generiruyuschaya-kompaniya-1-289082/vacancies.html,"ПАО «ТГК-1» является ведущим производителем электрической и тепловой энергии в Северо-Западном регионе России. Объединяет 51 электростанцию в четырех субъектах РФ: Санкт-Петербурге, Республике Карелия, Ленинградской и Мурманской областях. 19 из них расположены за Полярным кругом. По сравнению с другими генерирующими компаниями России ТГК-1 обладает уникальной структурой производственных активов. 40% ее установленной мощности приходится на гидрогенерацию. Это 39 ГЭС общей мощностью около&nbsp;2 900 МВт.4 000 МВт — совокупная мощность 12 ТЭЦ.&nbsp;<div><br></div><div>Это стратегические источники тепловой энергии для жителей и предприятий Санкт-Петербурга, Петрозаводска, Мурманска, городов Кировск Ленинградской области и Апатиты Мурманской области. В структуру ПАО «ТГК-1» входят следующие дочерние и зависимые общества: АО «Мурманская ТЭЦ» (энергоснабжение Мурманска и близлежащих районов) и АО «ХТК» (реформирование теплоснабжения Апатитско-Кировского региона).Доля компании на рынке тепловой энергии Санкт-Петербурга составляет около 50%, в Мурманске — 72%, в Петрозаводске — 100%, в Апатитах и Кировске Мурманской области — 100%. Большинство ТЭЦ работает на экологичном газовом топливе. ПАО «ТГК-1» — один из крупнейших инвесторов в энергетику региона.&nbsp;</div><div><br></div><div>В рамках инвестиционной деятельности компании основное внимание уделяется проектам, направленным на защиту окружающей среды, повышение энергоэффективности и экологической безопасности энергетических объектов. Акции ПАО «ТГК-1» обращаются на основной торговой площадке российского фондового рынка — ПАО Московская Биржа. Торги ценными бумагами проводятся в двух секторах: сектор основных торгов и сектор Classica. Акции ПАО «ТГК-1» включены в раздел «Первый уровень» Списка ценных бумаг, допущенных к торгам ПАО Московская Биржа. Основной акционер: ООО «Газпром энергохолдинг».</div>",60,более 5000,,,https://public.superjob.ru/images/clients_logos.ru/289082_1ac7786699b2aba9b6af84dbae1e6cef.png,False
3538196,Инфоком,https://www.superjob.ru/clients/infokom-3538196/vacancies.html,Оптовая продажа компьютерного оборудования.,1,менее 50,,,,False
4580933,ИС,https://www.superjob.ru/clients/is-4580933/vacancies.html,"Мы технологическая компания, разрабатывающая современные кассовые и платежные решения, а также системы на базе Искусственного интеллекта",1,менее 50,,,https://public.superjob.ru/images/clients_logos.ru/4580933_708bca3a001b9d1985d08e9ddbf40037.png,False
4450741,РУССНАБИНЖ,https://www.superjob.ru/clients/russnabinzh-4450741/vacancies.html,"Торговля сварочным оборудованием, трубопроводной арматурой, фитингами, трубой.",2,менее 50,,,,False
3107146,Академия управления МВД России,https://www.superjob.ru/clients/akademiya-upravleniya-mvd-rossii-3107146/vacancies.html,"Академия управления МВД России – федеральное государственное казенное образовательное учреждение высшего образования по подготовке, переподготовке и повышению квалификации руководящих кадров органов внутренних дел и внутренних войск, научно-педагогических кадров для научно-исследовательских и образовательных учреждений системы МВД России.",0,менее 50,,,,False
4940258,ГК Кронверк,https://www.superjob.ru/clients/gk-kronverk-4940258/vacancies.html,"Группа компаний «Кронверк» начала свою деятельность в 1999-ом году. За более чем 20 лет мы собрали дружную команду профессионалов (в нашей компании работает 2 000 сотрудников), построили более 1 миллиона квадратных метров и подарили новые дома 24 000 семьям.",0,менее 50,,,,False
2182657,СК РЫБА,https://www.superjob.ru/clients/sk-ryba-2182657/vacancies.html,Хранение и переработка рыбы и рыбной продукции.,3,100 — 500,,,,False
3599075,Дакс,https://www.superjob.ru/clients/daks-3599075/vacancies.html,"ООО ""Дом Автоматизации и Комплексного Сервиса"" опытный профессиональный разработчик систем автоматизации. Промышленные системы управления производством, проектируемые нашей компанией, обеспечивают максимальную автоматизацию технологических процессов и применение лучших современных технологий.",3,менее 50,,,,False
4960349,Торг Сервис Плюс,https://www.superjob.ru/clients/torg-servis-plyus-4960349/vacancies.html,"Наша компания франчайзи 1С на рынке более 15 лет, внедрение программного обеспечения, автоматизация бизнеса, обслуживание программ 1С и торгового, производственного оборудования.",1,менее 50,,,,False
4958617,Lasertech,https://www.superjob.ru/clients/lasertech-4958617/vacancies.html,"Lasertech — один из ведущих игроков на рынке профессионального оборудования для косметологии. 15 лет, тысячи салонов красоты доверяют нам и выбирают в качестве надежного поставщика оборудования.",1,менее 50,,,,False
4918378,"ФГБНУ ""РНЦХ ИМ. АКАД. Б. В. ПЕТРОВСКОГО""",https://www.superjob.ru/clients/fgbnu-rnch-im-akad-b-v-petrovskogo-4918378/vacancies.html,"Государственный научный центр Российской Федерации ФГБНУ «Российский научный центр хирургии имени академика Б. В. Петровского» – флагман отечественной хирургии, применяющий самые современные методы лечения.

В 2022 на базе Государственного научного центра Российской Федерации ФГБНУ “РНЦХ имени академика Б. В. Петровского” по инициативе Минобрнауки РФ и согласованию с РАН был запущен и реализован уникальный проект по созданию крупного научно-клинического кластера.",5,1000 — 5000,,,https://public.superjob.ru/images/clients_logos.ru/4918378_b918d2b8d0fbeacfe997856bbb74a79d.png,False
3117918,УМВД России по Калининскому району г. Санкт-Петербурга,https://www.superjob.ru/clients/umvd-rossii-po-kalininskomu-rajonu-g-sankt-peterburga-3117918/vacancies.html,Обеспечение общественного порядка и безопасности.,0,500 — 1000,,,,False
190718,"ПАО СК ""Росгосстрах""",https://www.superjob.ru/clients/pao-sk-rosgosstrah-190718/vacancies.html,"РОСГОССТРАХ — старейшая страховая компания, основанная в 1921 году.
Мы делаем страхование удобным, гибким и прозрачным, разрабатывая продукты с цифровым клиентским путем — от оформления до урегулирования.

Работа в компании ""Росгосстрах"" — это:

• Отличные возможности для профессионального и карьерного роста;
• Бесплатное обучение в компании и погружение в передовые практики на российском страховом рынке;
• Работа в престижной компании (бренд Росгосстраха — самый узнаваемый среди страховых компаний страны);
• Удобные офисы, доброжелательные коллеги;
• ДМС со стоматологией по завершению испытательного срока;
• Корпоративные скидки на страховые продукты, фитнес, продукты, купоны и услуги компаний партнёров в рамках единой онлайн платформы / приложения;
• Внутренний портал обучения, с лекциями, курсами и онлайн вебинарами по развитию soft-skills самого широкого спектра + возможность быть спикером и делиться опытом с коллегами;
• Специальные мероприятия для детей сотрудников, подарки на Новый год;
• Электронная библиотека с более чем 3000 книг на самые актуальные темы современного бизнеса, науки и личностного развития, включая мировые бестселлеры и доступом в оффлайн режиме с любого мобильного устройства;
• Насыщенная корпоративная жизнь от HR команды Росгосстрах (спортивные соревнования, квиз, недели здоровья и многое другое).",17,более 5000,,,https://public.superjob.ru/images/clients_logos.ru/190718_5a12921ed0f2964d7aa5e8dda6fa2657.jpg,False
202488,СВЕЗА,https://www.superjob.ru/clients/sveza-202488/vacancies.html,"«Свеза» — один из лидеров российского лесоперерабатывающего комплекса, крупнейший в России производитель картона и бумаги из осины, а также мировой лидер по выпуску березовой фанеры.
В состав группы входят семь фанерных и один картонно-бумажный комбинаты, а также ряд структур, которые занимаются заготовкой сырья («Свеза Ресурс»), производством биопродуктов («Свеза Биопродукт»), развитием и интеграцией технологий на основе искусственного интеллекта («Свеза СмартЛайн»).
Широкий портфель высококачественной продукции разработан с учетом индивидуальных требований клиентов. Решения «Свезы» ценят в десятках стран мира за высокое качество, уникальность и индивидуальные решения. Ее используют в строительстве небоскребов и олимпийских объектов, в производстве транспорта, при создании мебели, упаковочных материалов, полиграфии и т. д.",10,более 5000,,,https://public.superjob.ru/images/clients_logos.ru/202488_fffdcb796619a8a1cc7706f1527769f3.png,False
